#! /c/Source/iverilog-install/bin/vvp
:ivl_version "12.0 (devel)" "(s20150603-1110-g18392a46)";
:ivl_delay_selection "TYPICAL";
:vpi_time_precision - 12;
:vpi_module "C:\iverilog\lib\ivl\system.vpi";
:vpi_module "C:\iverilog\lib\ivl\vhdl_sys.vpi";
:vpi_module "C:\iverilog\lib\ivl\vhdl_textio.vpi";
:vpi_module "C:\iverilog\lib\ivl\v2005_math.vpi";
:vpi_module "C:\iverilog\lib\ivl\va_math.vpi";
S_0000023e7ce4b090 .scope module, "rv32i_datapath_tb" "rv32i_datapath_tb" 2 36;
 .timescale -9 -12;
P_0000023e7cd62770 .param/l "DATA_WIDTH" 1 2 42, +C4<00000000000000000000000000100000>;
v0000023e7cebb100_0 .net "ALUOp", 1 0, v0000023e7cebb740_0;  1 drivers
v0000023e7cebaf20_0 .net "ALUSrc", 0 0, v0000023e7ceba840_0;  1 drivers
v0000023e7cebb060_0 .net "Branch", 0 0, v0000023e7ceba8e0_0;  1 drivers
v0000023e7cebb1a0_0 .net "Jump", 0 0, v0000023e7cebbce0_0;  1 drivers
v0000023e7ceba2a0_0 .net "MemRead", 0 0, v0000023e7cebbba0_0;  1 drivers
v0000023e7cebb920_0 .net "MemToReg", 0 0, v0000023e7cebb6a0_0;  1 drivers
v0000023e7cebafc0_0 .net "MemWrite", 0 0, v0000023e7cebac00_0;  1 drivers
v0000023e7cebaca0_0 .net "RegWrite", 0 0, v0000023e7ceba980_0;  1 drivers
v0000023e7cebbc40_0 .net "alu_control_signal", 3 0, v0000023e7cebab60_0;  1 drivers
v0000023e7cebae80_0 .net "alu_result", 31 0, v0000023e7cd512a0_0;  1 drivers
v0000023e7cebb240_0 .net "branch_taken", 0 0, L_0000023e7ce1efe0;  1 drivers
v0000023e7cebbe20_0 .var "clk", 0 0;
v0000023e7cebb9c0_0 .var/i "errors", 31 0;
v0000023e7cebba60_0 .net "funct3", 2 0, L_0000023e7cebcad0;  1 drivers
v0000023e7cebb2e0_0 .net "funct7", 6 0, L_0000023e7cebd4d0;  1 drivers
v0000023e7ceba020_0 .var "instruction", 31 0;
v0000023e7ceba0c0_0 .net "memory_data", 31 0, v0000023e7cd524c0_0;  1 drivers
v0000023e7cebd930_0 .net "next_pc", 31 0, v0000023e7ceb60d0_0;  1 drivers
v0000023e7cebd9d0_0 .net "opcode", 6 0, L_0000023e7cebce90;  1 drivers
v0000023e7cebc490_0 .var "pc", 31 0;
v0000023e7cebd6b0_0 .net "rd", 4 0, L_0000023e7cebc030;  1 drivers
v0000023e7cebd890_0 .net "rd_data", 31 0, v0000023e7ceb6490_0;  1 drivers
v0000023e7cebc530_0 .net "rs1", 4 0, L_0000023e7cebc5d0;  1 drivers
v0000023e7cebd430_0 .net "rs2", 4 0, L_0000023e7cebc670;  1 drivers
v0000023e7cebc210_0 .var "rst", 0 0;
v0000023e7cebca30_0 .var/i "tests", 31 0;
L_0000023e7cebce90 .part v0000023e7ceba020_0, 0, 7;
L_0000023e7cebc030 .part v0000023e7ceba020_0, 7, 5;
L_0000023e7cebcad0 .part v0000023e7ceba020_0, 12, 3;
L_0000023e7cebc5d0 .part v0000023e7ceba020_0, 15, 5;
L_0000023e7cebc670 .part v0000023e7ceba020_0, 20, 5;
L_0000023e7cebd4d0 .part v0000023e7ceba020_0, 25, 7;
S_0000023e7cd28f90 .scope module, "DUT" "rv32i_datapath" 2 146, 3 30 0, S_0000023e7ce4b090;
 .timescale -9 -12;
    .port_info 0 /INPUT 1 "clk";
    .port_info 1 /INPUT 1 "rst";
    .port_info 2 /INPUT 32 "pc";
    .port_info 3 /INPUT 32 "instruction";
    .port_info 4 /INPUT 1 "RegWrite";
    .port_info 5 /INPUT 1 "MemRead";
    .port_info 6 /INPUT 1 "MemWrite";
    .port_info 7 /INPUT 1 "MemToReg";
    .port_info 8 /INPUT 1 "ALUSrc";
    .port_info 9 /INPUT 1 "Branch";
    .port_info 10 /INPUT 1 "Jump";
    .port_info 11 /INPUT 2 "ALUOp";
    .port_info 12 /INPUT 4 "alu_control";
    .port_info 13 /OUTPUT 32 "next_pc";
    .port_info 14 /OUTPUT 32 "rd_data";
    .port_info 15 /OUTPUT 32 "alu_result";
    .port_info 16 /OUTPUT 32 "memory_data";
    .port_info 17 /OUTPUT 1 "branch_taken";
P_0000023e7cd61f70 .param/l "DATA_WIDTH" 0 3 31, +C4<00000000000000000000000000100000>;
L_0000023e7ce1efe0 .functor BUFZ 1, v0000023e7cd50760_0, C4<0>, C4<0>, C4<0>;
L_0000023e7cebe198 .functor BUFT 1, C4<11111111111111111111111111111110>, C4<0>, C4<0>, C4<0>;
L_0000023e7ce1e2c0 .functor AND 32, L_0000023e7cebde30, L_0000023e7cebe198, C4<11111111111111111111111111111111>, C4<11111111111111111111111111111111>;
v0000023e7ceb6d50_0 .net "ALUOp", 1 0, v0000023e7cebb740_0;  alias, 1 drivers
v0000023e7ceb6710_0 .net "ALUSrc", 0 0, v0000023e7ceba840_0;  alias, 1 drivers
v0000023e7ceb56d0_0 .net "Branch", 0 0, v0000023e7ceba8e0_0;  alias, 1 drivers
v0000023e7ceb6850_0 .net "Jump", 0 0, v0000023e7cebbce0_0;  alias, 1 drivers
v0000023e7ceb58b0_0 .net "MemRead", 0 0, v0000023e7cebbba0_0;  alias, 1 drivers
v0000023e7ceb5c70_0 .net "MemToReg", 0 0, v0000023e7cebb6a0_0;  alias, 1 drivers
v0000023e7ceb6df0_0 .net "MemWrite", 0 0, v0000023e7cebac00_0;  alias, 1 drivers
v0000023e7ceb5b30_0 .net "RegWrite", 0 0, v0000023e7ceba980_0;  alias, 1 drivers
L_0000023e7cebe150 .functor BUFT 1, C4<00000000000000000000000000000100>, C4<0>, C4<0>, C4<0>;
v0000023e7ceb5bd0_0 .net/2u *"_ivl_16", 31 0, L_0000023e7cebe150;  1 drivers
v0000023e7ceb5d10_0 .net/2u *"_ivl_26", 31 0, L_0000023e7cebe198;  1 drivers
v0000023e7ceb5db0_0 .var "alu_a_src", 1 0;
v0000023e7ceb5e50_0 .net "alu_control", 3 0, v0000023e7cebab60_0;  alias, 1 drivers
v0000023e7ceb7c80_0 .var "alu_operand_a", 31 0;
v0000023e7ceb75a0_0 .net "alu_operand_b", 31 0, L_0000023e7cebcb70;  1 drivers
v0000023e7ceb7fa0_0 .net "alu_result", 31 0, v0000023e7cd512a0_0;  alias, 1 drivers
v0000023e7ceb78c0_0 .net "alu_zero", 0 0, L_0000023e7cebdb10;  1 drivers
v0000023e7ceb70a0_0 .net "branch_condition", 0 0, v0000023e7cd50760_0;  1 drivers
v0000023e7ceb8540_0 .net "branch_taken", 0 0, L_0000023e7ce1efe0;  alias, 1 drivers
v0000023e7ceb7d20_0 .net "branch_target", 31 0, L_0000023e7cebd390;  1 drivers
v0000023e7ceb82c0_0 .net "clk", 0 0, v0000023e7cebbe20_0;  1 drivers
v0000023e7ceb8d60_0 .net "funct3", 2 0, L_0000023e7cebc0d0;  1 drivers
v0000023e7ceb76e0_0 .net "funct7", 6 0, L_0000023e7cebcdf0;  1 drivers
v0000023e7ceb80e0_0 .net "immediate", 31 0, v0000023e7ccf2310_0;  1 drivers
v0000023e7ceb7320_0 .net "instruction", 31 0, v0000023e7ceba020_0;  1 drivers
v0000023e7ceb7140_0 .net "jal_target", 31 0, L_0000023e7cebc850;  1 drivers
v0000023e7ceb8ae0_0 .net "jalr_target", 31 0, L_0000023e7ce1e2c0;  1 drivers
v0000023e7ceb8b80_0 .net "jalr_target_raw", 31 0, L_0000023e7cebde30;  1 drivers
v0000023e7ceb8360_0 .net "memory_data", 31 0, v0000023e7cd524c0_0;  alias, 1 drivers
v0000023e7ceb7640_0 .net "next_pc", 31 0, v0000023e7ceb60d0_0;  alias, 1 drivers
v0000023e7ceb7f00_0 .net "opcode", 6 0, L_0000023e7cebc710;  1 drivers
v0000023e7ceb7500_0 .net "pc", 31 0, v0000023e7cebc490_0;  1 drivers
v0000023e7ceb7780_0 .net "pc_plus_4", 31 0, L_0000023e7cebcc10;  1 drivers
v0000023e7ceb8400_0 .var "pc_src", 1 0;
v0000023e7ceb7a00_0 .net "rd_addr", 4 0, L_0000023e7cebda70;  1 drivers
v0000023e7ceb7e60_0 .net "rd_data", 31 0, v0000023e7ceb6490_0;  alias, 1 drivers
v0000023e7ceb7000_0 .net "rs1_addr", 4 0, L_0000023e7cebccb0;  1 drivers
v0000023e7ceb84a0_0 .net "rs1_data", 31 0, L_0000023e7cebc2b0;  1 drivers
v0000023e7ceb7dc0_0 .net "rs2_addr", 4 0, L_0000023e7cebd570;  1 drivers
v0000023e7ceb71e0_0 .net "rs2_data", 31 0, L_0000023e7cebc7b0;  1 drivers
v0000023e7ceb73c0_0 .net "rst", 0 0, v0000023e7cebc210_0;  1 drivers
v0000023e7ceb85e0_0 .var "wb_src", 1 0;
E_0000023e7cd62030 .event anyedge, v0000023e7ceb5c70_0, v0000023e7ceb6850_0;
E_0000023e7cd62b70 .event anyedge, v0000023e7ceb7f00_0;
E_0000023e7cd61d30 .event anyedge, v0000023e7ceb7f00_0, v0000023e7ceb5db0_0, v0000023e7cd51660_0, v0000023e7ceb5950_0;
L_0000023e7cebc710 .part v0000023e7ceba020_0, 0, 7;
L_0000023e7cebda70 .part v0000023e7ceba020_0, 7, 5;
L_0000023e7cebc0d0 .part v0000023e7ceba020_0, 12, 3;
L_0000023e7cebccb0 .part v0000023e7ceba020_0, 15, 5;
L_0000023e7cebd570 .part v0000023e7ceba020_0, 20, 5;
L_0000023e7cebcdf0 .part v0000023e7ceba020_0, 25, 7;
L_0000023e7cebcb70 .functor MUXZ 32, L_0000023e7cebc7b0, v0000023e7ccf2310_0, v0000023e7ceba840_0, C4<>;
L_0000023e7cebcc10 .arith/sum 32, v0000023e7cebc490_0, L_0000023e7cebe150;
L_0000023e7cebd390 .arith/sum 32, v0000023e7cebc490_0, v0000023e7ccf2310_0;
L_0000023e7cebc850 .arith/sum 32, v0000023e7cebc490_0, v0000023e7ccf2310_0;
L_0000023e7cebde30 .arith/sum 32, L_0000023e7cebc2b0, v0000023e7ccf2310_0;
S_0000023e7cd29120 .scope module, "u_alu" "alu" 3 246, 4 35 0, S_0000023e7cd28f90;
 .timescale -9 -12;
    .port_info 0 /INPUT 32 "operand_a";
    .port_info 1 /INPUT 32 "operand_b";
    .port_info 2 /INPUT 4 "alu_op";
    .port_info 3 /OUTPUT 32 "result";
    .port_info 4 /OUTPUT 1 "zero";
P_0000023e7cd62870 .param/l "DATA_WIDTH" 0 4 36, +C4<00000000000000000000000000100000>;
L_0000023e7cebe108 .functor BUFT 1, C4<00000000000000000000000000000000>, C4<0>, C4<0>, C4<0>;
v0000023e7cd510c0_0 .net/2u *"_ivl_0", 31 0, L_0000023e7cebe108;  1 drivers
v0000023e7cd51c00_0 .net "alu_op", 3 0, v0000023e7cebab60_0;  alias, 1 drivers
v0000023e7cd50f80_0 .net "operand_a", 31 0, v0000023e7ceb7c80_0;  1 drivers
v0000023e7cd51200_0 .net "operand_b", 31 0, L_0000023e7cebcb70;  alias, 1 drivers
v0000023e7cd512a0_0 .var "result", 31 0;
v0000023e7cd51de0_0 .net "zero", 0 0, L_0000023e7cebdb10;  alias, 1 drivers
E_0000023e7cd669f0 .event anyedge, v0000023e7cd51c00_0, v0000023e7cd50f80_0, v0000023e7cd51200_0;
L_0000023e7cebdb10 .cmp/eq 32, v0000023e7cd512a0_0, L_0000023e7cebe108;
S_0000023e7cd292b0 .scope module, "u_branch_unit" "branch_unit" 3 318, 5 33 0, S_0000023e7cd28f90;
 .timescale -9 -12;
    .port_info 0 /INPUT 3 "funct3";
    .port_info 1 /INPUT 32 "rs1_data";
    .port_info 2 /INPUT 32 "rs2_data";
    .port_info 3 /OUTPUT 1 "branch_taken";
P_0000023e7cd66070 .param/l "DATA_WIDTH" 0 5 34, +C4<00000000000000000000000000100000>;
v0000023e7cd50760_0 .var "branch_taken", 0 0;
v0000023e7cd50620_0 .net "funct3", 2 0, L_0000023e7cebc0d0;  alias, 1 drivers
v0000023e7cd51660_0 .net "rs1_data", 31 0, L_0000023e7cebc2b0;  alias, 1 drivers
v0000023e7cd506c0_0 .net "rs2_data", 31 0, L_0000023e7cebc7b0;  alias, 1 drivers
E_0000023e7cd663f0 .event anyedge, v0000023e7cd50620_0, v0000023e7cd51660_0, v0000023e7cd506c0_0;
S_0000023e7ccfc0a0 .scope module, "u_data_memory" "data_memory" 3 285, 6 30 0, S_0000023e7cd28f90;
 .timescale -9 -12;
    .port_info 0 /INPUT 1 "clk";
    .port_info 1 /INPUT 1 "rst";
    .port_info 2 /INPUT 1 "mem_read";
    .port_info 3 /INPUT 1 "mem_write";
    .port_info 4 /INPUT 3 "funct3";
    .port_info 5 /INPUT 32 "address";
    .port_info 6 /INPUT 32 "write_data";
    .port_info 7 /OUTPUT 32 "read_data";
P_0000023e7cd4bcf0 .param/l "ADDR_WIDTH" 0 6 32, +C4<00000000000000000000000000001010>;
P_0000023e7cd4bd28 .param/l "DATA_WIDTH" 0 6 31, +C4<00000000000000000000000000100000>;
P_0000023e7cd4bd60 .param/l "MEMORY_SIZE" 1 6 79, +C4<000000000000000000000000000000010000000000>;
v0000023e7cd51700_0 .net "address", 31 0, v0000023e7cd512a0_0;  alias, 1 drivers
v0000023e7cd51840_0 .net "clk", 0 0, v0000023e7cebbe20_0;  alias, 1 drivers
v0000023e7cd518e0_0 .net "funct3", 2 0, L_0000023e7cebc0d0;  alias, 1 drivers
v0000023e7cd51f20_0 .var/i "i", 31 0;
v0000023e7cd51980_0 .net "mem_read", 0 0, v0000023e7cebbba0_0;  alias, 1 drivers
v0000023e7cd51fc0_0 .net "mem_write", 0 0, v0000023e7cebac00_0;  alias, 1 drivers
v0000023e7cd52380 .array "memory", 1023 0, 7 0;
v0000023e7cd524c0_0 .var "read_data", 31 0;
v0000023e7cd50a80_0 .net "rst", 0 0, v0000023e7cebc210_0;  alias, 1 drivers
v0000023e7ccf2090_0 .net "write_data", 31 0, L_0000023e7cebc7b0;  alias, 1 drivers
v0000023e7cd52380_0 .array/port v0000023e7cd52380, 0;
E_0000023e7cd668b0/0 .event anyedge, v0000023e7cd51980_0, v0000023e7cd50620_0, v0000023e7cd512a0_0, v0000023e7cd52380_0;
v0000023e7cd52380_1 .array/port v0000023e7cd52380, 1;
v0000023e7cd52380_2 .array/port v0000023e7cd52380, 2;
v0000023e7cd52380_3 .array/port v0000023e7cd52380, 3;
v0000023e7cd52380_4 .array/port v0000023e7cd52380, 4;
E_0000023e7cd668b0/1 .event anyedge, v0000023e7cd52380_1, v0000023e7cd52380_2, v0000023e7cd52380_3, v0000023e7cd52380_4;
v0000023e7cd52380_5 .array/port v0000023e7cd52380, 5;
v0000023e7cd52380_6 .array/port v0000023e7cd52380, 6;
v0000023e7cd52380_7 .array/port v0000023e7cd52380, 7;
v0000023e7cd52380_8 .array/port v0000023e7cd52380, 8;
E_0000023e7cd668b0/2 .event anyedge, v0000023e7cd52380_5, v0000023e7cd52380_6, v0000023e7cd52380_7, v0000023e7cd52380_8;
v0000023e7cd52380_9 .array/port v0000023e7cd52380, 9;
v0000023e7cd52380_10 .array/port v0000023e7cd52380, 10;
v0000023e7cd52380_11 .array/port v0000023e7cd52380, 11;
v0000023e7cd52380_12 .array/port v0000023e7cd52380, 12;
E_0000023e7cd668b0/3 .event anyedge, v0000023e7cd52380_9, v0000023e7cd52380_10, v0000023e7cd52380_11, v0000023e7cd52380_12;
v0000023e7cd52380_13 .array/port v0000023e7cd52380, 13;
v0000023e7cd52380_14 .array/port v0000023e7cd52380, 14;
v0000023e7cd52380_15 .array/port v0000023e7cd52380, 15;
v0000023e7cd52380_16 .array/port v0000023e7cd52380, 16;
E_0000023e7cd668b0/4 .event anyedge, v0000023e7cd52380_13, v0000023e7cd52380_14, v0000023e7cd52380_15, v0000023e7cd52380_16;
v0000023e7cd52380_17 .array/port v0000023e7cd52380, 17;
v0000023e7cd52380_18 .array/port v0000023e7cd52380, 18;
v0000023e7cd52380_19 .array/port v0000023e7cd52380, 19;
v0000023e7cd52380_20 .array/port v0000023e7cd52380, 20;
E_0000023e7cd668b0/5 .event anyedge, v0000023e7cd52380_17, v0000023e7cd52380_18, v0000023e7cd52380_19, v0000023e7cd52380_20;
v0000023e7cd52380_21 .array/port v0000023e7cd52380, 21;
v0000023e7cd52380_22 .array/port v0000023e7cd52380, 22;
v0000023e7cd52380_23 .array/port v0000023e7cd52380, 23;
v0000023e7cd52380_24 .array/port v0000023e7cd52380, 24;
E_0000023e7cd668b0/6 .event anyedge, v0000023e7cd52380_21, v0000023e7cd52380_22, v0000023e7cd52380_23, v0000023e7cd52380_24;
v0000023e7cd52380_25 .array/port v0000023e7cd52380, 25;
v0000023e7cd52380_26 .array/port v0000023e7cd52380, 26;
v0000023e7cd52380_27 .array/port v0000023e7cd52380, 27;
v0000023e7cd52380_28 .array/port v0000023e7cd52380, 28;
E_0000023e7cd668b0/7 .event anyedge, v0000023e7cd52380_25, v0000023e7cd52380_26, v0000023e7cd52380_27, v0000023e7cd52380_28;
v0000023e7cd52380_29 .array/port v0000023e7cd52380, 29;
v0000023e7cd52380_30 .array/port v0000023e7cd52380, 30;
v0000023e7cd52380_31 .array/port v0000023e7cd52380, 31;
v0000023e7cd52380_32 .array/port v0000023e7cd52380, 32;
E_0000023e7cd668b0/8 .event anyedge, v0000023e7cd52380_29, v0000023e7cd52380_30, v0000023e7cd52380_31, v0000023e7cd52380_32;
v0000023e7cd52380_33 .array/port v0000023e7cd52380, 33;
v0000023e7cd52380_34 .array/port v0000023e7cd52380, 34;
v0000023e7cd52380_35 .array/port v0000023e7cd52380, 35;
v0000023e7cd52380_36 .array/port v0000023e7cd52380, 36;
E_0000023e7cd668b0/9 .event anyedge, v0000023e7cd52380_33, v0000023e7cd52380_34, v0000023e7cd52380_35, v0000023e7cd52380_36;
v0000023e7cd52380_37 .array/port v0000023e7cd52380, 37;
v0000023e7cd52380_38 .array/port v0000023e7cd52380, 38;
v0000023e7cd52380_39 .array/port v0000023e7cd52380, 39;
v0000023e7cd52380_40 .array/port v0000023e7cd52380, 40;
E_0000023e7cd668b0/10 .event anyedge, v0000023e7cd52380_37, v0000023e7cd52380_38, v0000023e7cd52380_39, v0000023e7cd52380_40;
v0000023e7cd52380_41 .array/port v0000023e7cd52380, 41;
v0000023e7cd52380_42 .array/port v0000023e7cd52380, 42;
v0000023e7cd52380_43 .array/port v0000023e7cd52380, 43;
v0000023e7cd52380_44 .array/port v0000023e7cd52380, 44;
E_0000023e7cd668b0/11 .event anyedge, v0000023e7cd52380_41, v0000023e7cd52380_42, v0000023e7cd52380_43, v0000023e7cd52380_44;
v0000023e7cd52380_45 .array/port v0000023e7cd52380, 45;
v0000023e7cd52380_46 .array/port v0000023e7cd52380, 46;
v0000023e7cd52380_47 .array/port v0000023e7cd52380, 47;
v0000023e7cd52380_48 .array/port v0000023e7cd52380, 48;
E_0000023e7cd668b0/12 .event anyedge, v0000023e7cd52380_45, v0000023e7cd52380_46, v0000023e7cd52380_47, v0000023e7cd52380_48;
v0000023e7cd52380_49 .array/port v0000023e7cd52380, 49;
v0000023e7cd52380_50 .array/port v0000023e7cd52380, 50;
v0000023e7cd52380_51 .array/port v0000023e7cd52380, 51;
v0000023e7cd52380_52 .array/port v0000023e7cd52380, 52;
E_0000023e7cd668b0/13 .event anyedge, v0000023e7cd52380_49, v0000023e7cd52380_50, v0000023e7cd52380_51, v0000023e7cd52380_52;
v0000023e7cd52380_53 .array/port v0000023e7cd52380, 53;
v0000023e7cd52380_54 .array/port v0000023e7cd52380, 54;
v0000023e7cd52380_55 .array/port v0000023e7cd52380, 55;
v0000023e7cd52380_56 .array/port v0000023e7cd52380, 56;
E_0000023e7cd668b0/14 .event anyedge, v0000023e7cd52380_53, v0000023e7cd52380_54, v0000023e7cd52380_55, v0000023e7cd52380_56;
v0000023e7cd52380_57 .array/port v0000023e7cd52380, 57;
v0000023e7cd52380_58 .array/port v0000023e7cd52380, 58;
v0000023e7cd52380_59 .array/port v0000023e7cd52380, 59;
v0000023e7cd52380_60 .array/port v0000023e7cd52380, 60;
E_0000023e7cd668b0/15 .event anyedge, v0000023e7cd52380_57, v0000023e7cd52380_58, v0000023e7cd52380_59, v0000023e7cd52380_60;
v0000023e7cd52380_61 .array/port v0000023e7cd52380, 61;
v0000023e7cd52380_62 .array/port v0000023e7cd52380, 62;
v0000023e7cd52380_63 .array/port v0000023e7cd52380, 63;
v0000023e7cd52380_64 .array/port v0000023e7cd52380, 64;
E_0000023e7cd668b0/16 .event anyedge, v0000023e7cd52380_61, v0000023e7cd52380_62, v0000023e7cd52380_63, v0000023e7cd52380_64;
v0000023e7cd52380_65 .array/port v0000023e7cd52380, 65;
v0000023e7cd52380_66 .array/port v0000023e7cd52380, 66;
v0000023e7cd52380_67 .array/port v0000023e7cd52380, 67;
v0000023e7cd52380_68 .array/port v0000023e7cd52380, 68;
E_0000023e7cd668b0/17 .event anyedge, v0000023e7cd52380_65, v0000023e7cd52380_66, v0000023e7cd52380_67, v0000023e7cd52380_68;
v0000023e7cd52380_69 .array/port v0000023e7cd52380, 69;
v0000023e7cd52380_70 .array/port v0000023e7cd52380, 70;
v0000023e7cd52380_71 .array/port v0000023e7cd52380, 71;
v0000023e7cd52380_72 .array/port v0000023e7cd52380, 72;
E_0000023e7cd668b0/18 .event anyedge, v0000023e7cd52380_69, v0000023e7cd52380_70, v0000023e7cd52380_71, v0000023e7cd52380_72;
v0000023e7cd52380_73 .array/port v0000023e7cd52380, 73;
v0000023e7cd52380_74 .array/port v0000023e7cd52380, 74;
v0000023e7cd52380_75 .array/port v0000023e7cd52380, 75;
v0000023e7cd52380_76 .array/port v0000023e7cd52380, 76;
E_0000023e7cd668b0/19 .event anyedge, v0000023e7cd52380_73, v0000023e7cd52380_74, v0000023e7cd52380_75, v0000023e7cd52380_76;
v0000023e7cd52380_77 .array/port v0000023e7cd52380, 77;
v0000023e7cd52380_78 .array/port v0000023e7cd52380, 78;
v0000023e7cd52380_79 .array/port v0000023e7cd52380, 79;
v0000023e7cd52380_80 .array/port v0000023e7cd52380, 80;
E_0000023e7cd668b0/20 .event anyedge, v0000023e7cd52380_77, v0000023e7cd52380_78, v0000023e7cd52380_79, v0000023e7cd52380_80;
v0000023e7cd52380_81 .array/port v0000023e7cd52380, 81;
v0000023e7cd52380_82 .array/port v0000023e7cd52380, 82;
v0000023e7cd52380_83 .array/port v0000023e7cd52380, 83;
v0000023e7cd52380_84 .array/port v0000023e7cd52380, 84;
E_0000023e7cd668b0/21 .event anyedge, v0000023e7cd52380_81, v0000023e7cd52380_82, v0000023e7cd52380_83, v0000023e7cd52380_84;
v0000023e7cd52380_85 .array/port v0000023e7cd52380, 85;
v0000023e7cd52380_86 .array/port v0000023e7cd52380, 86;
v0000023e7cd52380_87 .array/port v0000023e7cd52380, 87;
v0000023e7cd52380_88 .array/port v0000023e7cd52380, 88;
E_0000023e7cd668b0/22 .event anyedge, v0000023e7cd52380_85, v0000023e7cd52380_86, v0000023e7cd52380_87, v0000023e7cd52380_88;
v0000023e7cd52380_89 .array/port v0000023e7cd52380, 89;
v0000023e7cd52380_90 .array/port v0000023e7cd52380, 90;
v0000023e7cd52380_91 .array/port v0000023e7cd52380, 91;
v0000023e7cd52380_92 .array/port v0000023e7cd52380, 92;
E_0000023e7cd668b0/23 .event anyedge, v0000023e7cd52380_89, v0000023e7cd52380_90, v0000023e7cd52380_91, v0000023e7cd52380_92;
v0000023e7cd52380_93 .array/port v0000023e7cd52380, 93;
v0000023e7cd52380_94 .array/port v0000023e7cd52380, 94;
v0000023e7cd52380_95 .array/port v0000023e7cd52380, 95;
v0000023e7cd52380_96 .array/port v0000023e7cd52380, 96;
E_0000023e7cd668b0/24 .event anyedge, v0000023e7cd52380_93, v0000023e7cd52380_94, v0000023e7cd52380_95, v0000023e7cd52380_96;
v0000023e7cd52380_97 .array/port v0000023e7cd52380, 97;
v0000023e7cd52380_98 .array/port v0000023e7cd52380, 98;
v0000023e7cd52380_99 .array/port v0000023e7cd52380, 99;
v0000023e7cd52380_100 .array/port v0000023e7cd52380, 100;
E_0000023e7cd668b0/25 .event anyedge, v0000023e7cd52380_97, v0000023e7cd52380_98, v0000023e7cd52380_99, v0000023e7cd52380_100;
v0000023e7cd52380_101 .array/port v0000023e7cd52380, 101;
v0000023e7cd52380_102 .array/port v0000023e7cd52380, 102;
v0000023e7cd52380_103 .array/port v0000023e7cd52380, 103;
v0000023e7cd52380_104 .array/port v0000023e7cd52380, 104;
E_0000023e7cd668b0/26 .event anyedge, v0000023e7cd52380_101, v0000023e7cd52380_102, v0000023e7cd52380_103, v0000023e7cd52380_104;
v0000023e7cd52380_105 .array/port v0000023e7cd52380, 105;
v0000023e7cd52380_106 .array/port v0000023e7cd52380, 106;
v0000023e7cd52380_107 .array/port v0000023e7cd52380, 107;
v0000023e7cd52380_108 .array/port v0000023e7cd52380, 108;
E_0000023e7cd668b0/27 .event anyedge, v0000023e7cd52380_105, v0000023e7cd52380_106, v0000023e7cd52380_107, v0000023e7cd52380_108;
v0000023e7cd52380_109 .array/port v0000023e7cd52380, 109;
v0000023e7cd52380_110 .array/port v0000023e7cd52380, 110;
v0000023e7cd52380_111 .array/port v0000023e7cd52380, 111;
v0000023e7cd52380_112 .array/port v0000023e7cd52380, 112;
E_0000023e7cd668b0/28 .event anyedge, v0000023e7cd52380_109, v0000023e7cd52380_110, v0000023e7cd52380_111, v0000023e7cd52380_112;
v0000023e7cd52380_113 .array/port v0000023e7cd52380, 113;
v0000023e7cd52380_114 .array/port v0000023e7cd52380, 114;
v0000023e7cd52380_115 .array/port v0000023e7cd52380, 115;
v0000023e7cd52380_116 .array/port v0000023e7cd52380, 116;
E_0000023e7cd668b0/29 .event anyedge, v0000023e7cd52380_113, v0000023e7cd52380_114, v0000023e7cd52380_115, v0000023e7cd52380_116;
v0000023e7cd52380_117 .array/port v0000023e7cd52380, 117;
v0000023e7cd52380_118 .array/port v0000023e7cd52380, 118;
v0000023e7cd52380_119 .array/port v0000023e7cd52380, 119;
v0000023e7cd52380_120 .array/port v0000023e7cd52380, 120;
E_0000023e7cd668b0/30 .event anyedge, v0000023e7cd52380_117, v0000023e7cd52380_118, v0000023e7cd52380_119, v0000023e7cd52380_120;
v0000023e7cd52380_121 .array/port v0000023e7cd52380, 121;
v0000023e7cd52380_122 .array/port v0000023e7cd52380, 122;
v0000023e7cd52380_123 .array/port v0000023e7cd52380, 123;
v0000023e7cd52380_124 .array/port v0000023e7cd52380, 124;
E_0000023e7cd668b0/31 .event anyedge, v0000023e7cd52380_121, v0000023e7cd52380_122, v0000023e7cd52380_123, v0000023e7cd52380_124;
v0000023e7cd52380_125 .array/port v0000023e7cd52380, 125;
v0000023e7cd52380_126 .array/port v0000023e7cd52380, 126;
v0000023e7cd52380_127 .array/port v0000023e7cd52380, 127;
v0000023e7cd52380_128 .array/port v0000023e7cd52380, 128;
E_0000023e7cd668b0/32 .event anyedge, v0000023e7cd52380_125, v0000023e7cd52380_126, v0000023e7cd52380_127, v0000023e7cd52380_128;
v0000023e7cd52380_129 .array/port v0000023e7cd52380, 129;
v0000023e7cd52380_130 .array/port v0000023e7cd52380, 130;
v0000023e7cd52380_131 .array/port v0000023e7cd52380, 131;
v0000023e7cd52380_132 .array/port v0000023e7cd52380, 132;
E_0000023e7cd668b0/33 .event anyedge, v0000023e7cd52380_129, v0000023e7cd52380_130, v0000023e7cd52380_131, v0000023e7cd52380_132;
v0000023e7cd52380_133 .array/port v0000023e7cd52380, 133;
v0000023e7cd52380_134 .array/port v0000023e7cd52380, 134;
v0000023e7cd52380_135 .array/port v0000023e7cd52380, 135;
v0000023e7cd52380_136 .array/port v0000023e7cd52380, 136;
E_0000023e7cd668b0/34 .event anyedge, v0000023e7cd52380_133, v0000023e7cd52380_134, v0000023e7cd52380_135, v0000023e7cd52380_136;
v0000023e7cd52380_137 .array/port v0000023e7cd52380, 137;
v0000023e7cd52380_138 .array/port v0000023e7cd52380, 138;
v0000023e7cd52380_139 .array/port v0000023e7cd52380, 139;
v0000023e7cd52380_140 .array/port v0000023e7cd52380, 140;
E_0000023e7cd668b0/35 .event anyedge, v0000023e7cd52380_137, v0000023e7cd52380_138, v0000023e7cd52380_139, v0000023e7cd52380_140;
v0000023e7cd52380_141 .array/port v0000023e7cd52380, 141;
v0000023e7cd52380_142 .array/port v0000023e7cd52380, 142;
v0000023e7cd52380_143 .array/port v0000023e7cd52380, 143;
v0000023e7cd52380_144 .array/port v0000023e7cd52380, 144;
E_0000023e7cd668b0/36 .event anyedge, v0000023e7cd52380_141, v0000023e7cd52380_142, v0000023e7cd52380_143, v0000023e7cd52380_144;
v0000023e7cd52380_145 .array/port v0000023e7cd52380, 145;
v0000023e7cd52380_146 .array/port v0000023e7cd52380, 146;
v0000023e7cd52380_147 .array/port v0000023e7cd52380, 147;
v0000023e7cd52380_148 .array/port v0000023e7cd52380, 148;
E_0000023e7cd668b0/37 .event anyedge, v0000023e7cd52380_145, v0000023e7cd52380_146, v0000023e7cd52380_147, v0000023e7cd52380_148;
v0000023e7cd52380_149 .array/port v0000023e7cd52380, 149;
v0000023e7cd52380_150 .array/port v0000023e7cd52380, 150;
v0000023e7cd52380_151 .array/port v0000023e7cd52380, 151;
v0000023e7cd52380_152 .array/port v0000023e7cd52380, 152;
E_0000023e7cd668b0/38 .event anyedge, v0000023e7cd52380_149, v0000023e7cd52380_150, v0000023e7cd52380_151, v0000023e7cd52380_152;
v0000023e7cd52380_153 .array/port v0000023e7cd52380, 153;
v0000023e7cd52380_154 .array/port v0000023e7cd52380, 154;
v0000023e7cd52380_155 .array/port v0000023e7cd52380, 155;
v0000023e7cd52380_156 .array/port v0000023e7cd52380, 156;
E_0000023e7cd668b0/39 .event anyedge, v0000023e7cd52380_153, v0000023e7cd52380_154, v0000023e7cd52380_155, v0000023e7cd52380_156;
v0000023e7cd52380_157 .array/port v0000023e7cd52380, 157;
v0000023e7cd52380_158 .array/port v0000023e7cd52380, 158;
v0000023e7cd52380_159 .array/port v0000023e7cd52380, 159;
v0000023e7cd52380_160 .array/port v0000023e7cd52380, 160;
E_0000023e7cd668b0/40 .event anyedge, v0000023e7cd52380_157, v0000023e7cd52380_158, v0000023e7cd52380_159, v0000023e7cd52380_160;
v0000023e7cd52380_161 .array/port v0000023e7cd52380, 161;
v0000023e7cd52380_162 .array/port v0000023e7cd52380, 162;
v0000023e7cd52380_163 .array/port v0000023e7cd52380, 163;
v0000023e7cd52380_164 .array/port v0000023e7cd52380, 164;
E_0000023e7cd668b0/41 .event anyedge, v0000023e7cd52380_161, v0000023e7cd52380_162, v0000023e7cd52380_163, v0000023e7cd52380_164;
v0000023e7cd52380_165 .array/port v0000023e7cd52380, 165;
v0000023e7cd52380_166 .array/port v0000023e7cd52380, 166;
v0000023e7cd52380_167 .array/port v0000023e7cd52380, 167;
v0000023e7cd52380_168 .array/port v0000023e7cd52380, 168;
E_0000023e7cd668b0/42 .event anyedge, v0000023e7cd52380_165, v0000023e7cd52380_166, v0000023e7cd52380_167, v0000023e7cd52380_168;
v0000023e7cd52380_169 .array/port v0000023e7cd52380, 169;
v0000023e7cd52380_170 .array/port v0000023e7cd52380, 170;
v0000023e7cd52380_171 .array/port v0000023e7cd52380, 171;
v0000023e7cd52380_172 .array/port v0000023e7cd52380, 172;
E_0000023e7cd668b0/43 .event anyedge, v0000023e7cd52380_169, v0000023e7cd52380_170, v0000023e7cd52380_171, v0000023e7cd52380_172;
v0000023e7cd52380_173 .array/port v0000023e7cd52380, 173;
v0000023e7cd52380_174 .array/port v0000023e7cd52380, 174;
v0000023e7cd52380_175 .array/port v0000023e7cd52380, 175;
v0000023e7cd52380_176 .array/port v0000023e7cd52380, 176;
E_0000023e7cd668b0/44 .event anyedge, v0000023e7cd52380_173, v0000023e7cd52380_174, v0000023e7cd52380_175, v0000023e7cd52380_176;
v0000023e7cd52380_177 .array/port v0000023e7cd52380, 177;
v0000023e7cd52380_178 .array/port v0000023e7cd52380, 178;
v0000023e7cd52380_179 .array/port v0000023e7cd52380, 179;
v0000023e7cd52380_180 .array/port v0000023e7cd52380, 180;
E_0000023e7cd668b0/45 .event anyedge, v0000023e7cd52380_177, v0000023e7cd52380_178, v0000023e7cd52380_179, v0000023e7cd52380_180;
v0000023e7cd52380_181 .array/port v0000023e7cd52380, 181;
v0000023e7cd52380_182 .array/port v0000023e7cd52380, 182;
v0000023e7cd52380_183 .array/port v0000023e7cd52380, 183;
v0000023e7cd52380_184 .array/port v0000023e7cd52380, 184;
E_0000023e7cd668b0/46 .event anyedge, v0000023e7cd52380_181, v0000023e7cd52380_182, v0000023e7cd52380_183, v0000023e7cd52380_184;
v0000023e7cd52380_185 .array/port v0000023e7cd52380, 185;
v0000023e7cd52380_186 .array/port v0000023e7cd52380, 186;
v0000023e7cd52380_187 .array/port v0000023e7cd52380, 187;
v0000023e7cd52380_188 .array/port v0000023e7cd52380, 188;
E_0000023e7cd668b0/47 .event anyedge, v0000023e7cd52380_185, v0000023e7cd52380_186, v0000023e7cd52380_187, v0000023e7cd52380_188;
v0000023e7cd52380_189 .array/port v0000023e7cd52380, 189;
v0000023e7cd52380_190 .array/port v0000023e7cd52380, 190;
v0000023e7cd52380_191 .array/port v0000023e7cd52380, 191;
v0000023e7cd52380_192 .array/port v0000023e7cd52380, 192;
E_0000023e7cd668b0/48 .event anyedge, v0000023e7cd52380_189, v0000023e7cd52380_190, v0000023e7cd52380_191, v0000023e7cd52380_192;
v0000023e7cd52380_193 .array/port v0000023e7cd52380, 193;
v0000023e7cd52380_194 .array/port v0000023e7cd52380, 194;
v0000023e7cd52380_195 .array/port v0000023e7cd52380, 195;
v0000023e7cd52380_196 .array/port v0000023e7cd52380, 196;
E_0000023e7cd668b0/49 .event anyedge, v0000023e7cd52380_193, v0000023e7cd52380_194, v0000023e7cd52380_195, v0000023e7cd52380_196;
v0000023e7cd52380_197 .array/port v0000023e7cd52380, 197;
v0000023e7cd52380_198 .array/port v0000023e7cd52380, 198;
v0000023e7cd52380_199 .array/port v0000023e7cd52380, 199;
v0000023e7cd52380_200 .array/port v0000023e7cd52380, 200;
E_0000023e7cd668b0/50 .event anyedge, v0000023e7cd52380_197, v0000023e7cd52380_198, v0000023e7cd52380_199, v0000023e7cd52380_200;
v0000023e7cd52380_201 .array/port v0000023e7cd52380, 201;
v0000023e7cd52380_202 .array/port v0000023e7cd52380, 202;
v0000023e7cd52380_203 .array/port v0000023e7cd52380, 203;
v0000023e7cd52380_204 .array/port v0000023e7cd52380, 204;
E_0000023e7cd668b0/51 .event anyedge, v0000023e7cd52380_201, v0000023e7cd52380_202, v0000023e7cd52380_203, v0000023e7cd52380_204;
v0000023e7cd52380_205 .array/port v0000023e7cd52380, 205;
v0000023e7cd52380_206 .array/port v0000023e7cd52380, 206;
v0000023e7cd52380_207 .array/port v0000023e7cd52380, 207;
v0000023e7cd52380_208 .array/port v0000023e7cd52380, 208;
E_0000023e7cd668b0/52 .event anyedge, v0000023e7cd52380_205, v0000023e7cd52380_206, v0000023e7cd52380_207, v0000023e7cd52380_208;
v0000023e7cd52380_209 .array/port v0000023e7cd52380, 209;
v0000023e7cd52380_210 .array/port v0000023e7cd52380, 210;
v0000023e7cd52380_211 .array/port v0000023e7cd52380, 211;
v0000023e7cd52380_212 .array/port v0000023e7cd52380, 212;
E_0000023e7cd668b0/53 .event anyedge, v0000023e7cd52380_209, v0000023e7cd52380_210, v0000023e7cd52380_211, v0000023e7cd52380_212;
v0000023e7cd52380_213 .array/port v0000023e7cd52380, 213;
v0000023e7cd52380_214 .array/port v0000023e7cd52380, 214;
v0000023e7cd52380_215 .array/port v0000023e7cd52380, 215;
v0000023e7cd52380_216 .array/port v0000023e7cd52380, 216;
E_0000023e7cd668b0/54 .event anyedge, v0000023e7cd52380_213, v0000023e7cd52380_214, v0000023e7cd52380_215, v0000023e7cd52380_216;
v0000023e7cd52380_217 .array/port v0000023e7cd52380, 217;
v0000023e7cd52380_218 .array/port v0000023e7cd52380, 218;
v0000023e7cd52380_219 .array/port v0000023e7cd52380, 219;
v0000023e7cd52380_220 .array/port v0000023e7cd52380, 220;
E_0000023e7cd668b0/55 .event anyedge, v0000023e7cd52380_217, v0000023e7cd52380_218, v0000023e7cd52380_219, v0000023e7cd52380_220;
v0000023e7cd52380_221 .array/port v0000023e7cd52380, 221;
v0000023e7cd52380_222 .array/port v0000023e7cd52380, 222;
v0000023e7cd52380_223 .array/port v0000023e7cd52380, 223;
v0000023e7cd52380_224 .array/port v0000023e7cd52380, 224;
E_0000023e7cd668b0/56 .event anyedge, v0000023e7cd52380_221, v0000023e7cd52380_222, v0000023e7cd52380_223, v0000023e7cd52380_224;
v0000023e7cd52380_225 .array/port v0000023e7cd52380, 225;
v0000023e7cd52380_226 .array/port v0000023e7cd52380, 226;
v0000023e7cd52380_227 .array/port v0000023e7cd52380, 227;
v0000023e7cd52380_228 .array/port v0000023e7cd52380, 228;
E_0000023e7cd668b0/57 .event anyedge, v0000023e7cd52380_225, v0000023e7cd52380_226, v0000023e7cd52380_227, v0000023e7cd52380_228;
v0000023e7cd52380_229 .array/port v0000023e7cd52380, 229;
v0000023e7cd52380_230 .array/port v0000023e7cd52380, 230;
v0000023e7cd52380_231 .array/port v0000023e7cd52380, 231;
v0000023e7cd52380_232 .array/port v0000023e7cd52380, 232;
E_0000023e7cd668b0/58 .event anyedge, v0000023e7cd52380_229, v0000023e7cd52380_230, v0000023e7cd52380_231, v0000023e7cd52380_232;
v0000023e7cd52380_233 .array/port v0000023e7cd52380, 233;
v0000023e7cd52380_234 .array/port v0000023e7cd52380, 234;
v0000023e7cd52380_235 .array/port v0000023e7cd52380, 235;
v0000023e7cd52380_236 .array/port v0000023e7cd52380, 236;
E_0000023e7cd668b0/59 .event anyedge, v0000023e7cd52380_233, v0000023e7cd52380_234, v0000023e7cd52380_235, v0000023e7cd52380_236;
v0000023e7cd52380_237 .array/port v0000023e7cd52380, 237;
v0000023e7cd52380_238 .array/port v0000023e7cd52380, 238;
v0000023e7cd52380_239 .array/port v0000023e7cd52380, 239;
v0000023e7cd52380_240 .array/port v0000023e7cd52380, 240;
E_0000023e7cd668b0/60 .event anyedge, v0000023e7cd52380_237, v0000023e7cd52380_238, v0000023e7cd52380_239, v0000023e7cd52380_240;
v0000023e7cd52380_241 .array/port v0000023e7cd52380, 241;
v0000023e7cd52380_242 .array/port v0000023e7cd52380, 242;
v0000023e7cd52380_243 .array/port v0000023e7cd52380, 243;
v0000023e7cd52380_244 .array/port v0000023e7cd52380, 244;
E_0000023e7cd668b0/61 .event anyedge, v0000023e7cd52380_241, v0000023e7cd52380_242, v0000023e7cd52380_243, v0000023e7cd52380_244;
v0000023e7cd52380_245 .array/port v0000023e7cd52380, 245;
v0000023e7cd52380_246 .array/port v0000023e7cd52380, 246;
v0000023e7cd52380_247 .array/port v0000023e7cd52380, 247;
v0000023e7cd52380_248 .array/port v0000023e7cd52380, 248;
E_0000023e7cd668b0/62 .event anyedge, v0000023e7cd52380_245, v0000023e7cd52380_246, v0000023e7cd52380_247, v0000023e7cd52380_248;
v0000023e7cd52380_249 .array/port v0000023e7cd52380, 249;
v0000023e7cd52380_250 .array/port v0000023e7cd52380, 250;
v0000023e7cd52380_251 .array/port v0000023e7cd52380, 251;
v0000023e7cd52380_252 .array/port v0000023e7cd52380, 252;
E_0000023e7cd668b0/63 .event anyedge, v0000023e7cd52380_249, v0000023e7cd52380_250, v0000023e7cd52380_251, v0000023e7cd52380_252;
v0000023e7cd52380_253 .array/port v0000023e7cd52380, 253;
v0000023e7cd52380_254 .array/port v0000023e7cd52380, 254;
v0000023e7cd52380_255 .array/port v0000023e7cd52380, 255;
v0000023e7cd52380_256 .array/port v0000023e7cd52380, 256;
E_0000023e7cd668b0/64 .event anyedge, v0000023e7cd52380_253, v0000023e7cd52380_254, v0000023e7cd52380_255, v0000023e7cd52380_256;
v0000023e7cd52380_257 .array/port v0000023e7cd52380, 257;
v0000023e7cd52380_258 .array/port v0000023e7cd52380, 258;
v0000023e7cd52380_259 .array/port v0000023e7cd52380, 259;
v0000023e7cd52380_260 .array/port v0000023e7cd52380, 260;
E_0000023e7cd668b0/65 .event anyedge, v0000023e7cd52380_257, v0000023e7cd52380_258, v0000023e7cd52380_259, v0000023e7cd52380_260;
v0000023e7cd52380_261 .array/port v0000023e7cd52380, 261;
v0000023e7cd52380_262 .array/port v0000023e7cd52380, 262;
v0000023e7cd52380_263 .array/port v0000023e7cd52380, 263;
v0000023e7cd52380_264 .array/port v0000023e7cd52380, 264;
E_0000023e7cd668b0/66 .event anyedge, v0000023e7cd52380_261, v0000023e7cd52380_262, v0000023e7cd52380_263, v0000023e7cd52380_264;
v0000023e7cd52380_265 .array/port v0000023e7cd52380, 265;
v0000023e7cd52380_266 .array/port v0000023e7cd52380, 266;
v0000023e7cd52380_267 .array/port v0000023e7cd52380, 267;
v0000023e7cd52380_268 .array/port v0000023e7cd52380, 268;
E_0000023e7cd668b0/67 .event anyedge, v0000023e7cd52380_265, v0000023e7cd52380_266, v0000023e7cd52380_267, v0000023e7cd52380_268;
v0000023e7cd52380_269 .array/port v0000023e7cd52380, 269;
v0000023e7cd52380_270 .array/port v0000023e7cd52380, 270;
v0000023e7cd52380_271 .array/port v0000023e7cd52380, 271;
v0000023e7cd52380_272 .array/port v0000023e7cd52380, 272;
E_0000023e7cd668b0/68 .event anyedge, v0000023e7cd52380_269, v0000023e7cd52380_270, v0000023e7cd52380_271, v0000023e7cd52380_272;
v0000023e7cd52380_273 .array/port v0000023e7cd52380, 273;
v0000023e7cd52380_274 .array/port v0000023e7cd52380, 274;
v0000023e7cd52380_275 .array/port v0000023e7cd52380, 275;
v0000023e7cd52380_276 .array/port v0000023e7cd52380, 276;
E_0000023e7cd668b0/69 .event anyedge, v0000023e7cd52380_273, v0000023e7cd52380_274, v0000023e7cd52380_275, v0000023e7cd52380_276;
v0000023e7cd52380_277 .array/port v0000023e7cd52380, 277;
v0000023e7cd52380_278 .array/port v0000023e7cd52380, 278;
v0000023e7cd52380_279 .array/port v0000023e7cd52380, 279;
v0000023e7cd52380_280 .array/port v0000023e7cd52380, 280;
E_0000023e7cd668b0/70 .event anyedge, v0000023e7cd52380_277, v0000023e7cd52380_278, v0000023e7cd52380_279, v0000023e7cd52380_280;
v0000023e7cd52380_281 .array/port v0000023e7cd52380, 281;
v0000023e7cd52380_282 .array/port v0000023e7cd52380, 282;
v0000023e7cd52380_283 .array/port v0000023e7cd52380, 283;
v0000023e7cd52380_284 .array/port v0000023e7cd52380, 284;
E_0000023e7cd668b0/71 .event anyedge, v0000023e7cd52380_281, v0000023e7cd52380_282, v0000023e7cd52380_283, v0000023e7cd52380_284;
v0000023e7cd52380_285 .array/port v0000023e7cd52380, 285;
v0000023e7cd52380_286 .array/port v0000023e7cd52380, 286;
v0000023e7cd52380_287 .array/port v0000023e7cd52380, 287;
v0000023e7cd52380_288 .array/port v0000023e7cd52380, 288;
E_0000023e7cd668b0/72 .event anyedge, v0000023e7cd52380_285, v0000023e7cd52380_286, v0000023e7cd52380_287, v0000023e7cd52380_288;
v0000023e7cd52380_289 .array/port v0000023e7cd52380, 289;
v0000023e7cd52380_290 .array/port v0000023e7cd52380, 290;
v0000023e7cd52380_291 .array/port v0000023e7cd52380, 291;
v0000023e7cd52380_292 .array/port v0000023e7cd52380, 292;
E_0000023e7cd668b0/73 .event anyedge, v0000023e7cd52380_289, v0000023e7cd52380_290, v0000023e7cd52380_291, v0000023e7cd52380_292;
v0000023e7cd52380_293 .array/port v0000023e7cd52380, 293;
v0000023e7cd52380_294 .array/port v0000023e7cd52380, 294;
v0000023e7cd52380_295 .array/port v0000023e7cd52380, 295;
v0000023e7cd52380_296 .array/port v0000023e7cd52380, 296;
E_0000023e7cd668b0/74 .event anyedge, v0000023e7cd52380_293, v0000023e7cd52380_294, v0000023e7cd52380_295, v0000023e7cd52380_296;
v0000023e7cd52380_297 .array/port v0000023e7cd52380, 297;
v0000023e7cd52380_298 .array/port v0000023e7cd52380, 298;
v0000023e7cd52380_299 .array/port v0000023e7cd52380, 299;
v0000023e7cd52380_300 .array/port v0000023e7cd52380, 300;
E_0000023e7cd668b0/75 .event anyedge, v0000023e7cd52380_297, v0000023e7cd52380_298, v0000023e7cd52380_299, v0000023e7cd52380_300;
v0000023e7cd52380_301 .array/port v0000023e7cd52380, 301;
v0000023e7cd52380_302 .array/port v0000023e7cd52380, 302;
v0000023e7cd52380_303 .array/port v0000023e7cd52380, 303;
v0000023e7cd52380_304 .array/port v0000023e7cd52380, 304;
E_0000023e7cd668b0/76 .event anyedge, v0000023e7cd52380_301, v0000023e7cd52380_302, v0000023e7cd52380_303, v0000023e7cd52380_304;
v0000023e7cd52380_305 .array/port v0000023e7cd52380, 305;
v0000023e7cd52380_306 .array/port v0000023e7cd52380, 306;
v0000023e7cd52380_307 .array/port v0000023e7cd52380, 307;
v0000023e7cd52380_308 .array/port v0000023e7cd52380, 308;
E_0000023e7cd668b0/77 .event anyedge, v0000023e7cd52380_305, v0000023e7cd52380_306, v0000023e7cd52380_307, v0000023e7cd52380_308;
v0000023e7cd52380_309 .array/port v0000023e7cd52380, 309;
v0000023e7cd52380_310 .array/port v0000023e7cd52380, 310;
v0000023e7cd52380_311 .array/port v0000023e7cd52380, 311;
v0000023e7cd52380_312 .array/port v0000023e7cd52380, 312;
E_0000023e7cd668b0/78 .event anyedge, v0000023e7cd52380_309, v0000023e7cd52380_310, v0000023e7cd52380_311, v0000023e7cd52380_312;
v0000023e7cd52380_313 .array/port v0000023e7cd52380, 313;
v0000023e7cd52380_314 .array/port v0000023e7cd52380, 314;
v0000023e7cd52380_315 .array/port v0000023e7cd52380, 315;
v0000023e7cd52380_316 .array/port v0000023e7cd52380, 316;
E_0000023e7cd668b0/79 .event anyedge, v0000023e7cd52380_313, v0000023e7cd52380_314, v0000023e7cd52380_315, v0000023e7cd52380_316;
v0000023e7cd52380_317 .array/port v0000023e7cd52380, 317;
v0000023e7cd52380_318 .array/port v0000023e7cd52380, 318;
v0000023e7cd52380_319 .array/port v0000023e7cd52380, 319;
v0000023e7cd52380_320 .array/port v0000023e7cd52380, 320;
E_0000023e7cd668b0/80 .event anyedge, v0000023e7cd52380_317, v0000023e7cd52380_318, v0000023e7cd52380_319, v0000023e7cd52380_320;
v0000023e7cd52380_321 .array/port v0000023e7cd52380, 321;
v0000023e7cd52380_322 .array/port v0000023e7cd52380, 322;
v0000023e7cd52380_323 .array/port v0000023e7cd52380, 323;
v0000023e7cd52380_324 .array/port v0000023e7cd52380, 324;
E_0000023e7cd668b0/81 .event anyedge, v0000023e7cd52380_321, v0000023e7cd52380_322, v0000023e7cd52380_323, v0000023e7cd52380_324;
v0000023e7cd52380_325 .array/port v0000023e7cd52380, 325;
v0000023e7cd52380_326 .array/port v0000023e7cd52380, 326;
v0000023e7cd52380_327 .array/port v0000023e7cd52380, 327;
v0000023e7cd52380_328 .array/port v0000023e7cd52380, 328;
E_0000023e7cd668b0/82 .event anyedge, v0000023e7cd52380_325, v0000023e7cd52380_326, v0000023e7cd52380_327, v0000023e7cd52380_328;
v0000023e7cd52380_329 .array/port v0000023e7cd52380, 329;
v0000023e7cd52380_330 .array/port v0000023e7cd52380, 330;
v0000023e7cd52380_331 .array/port v0000023e7cd52380, 331;
v0000023e7cd52380_332 .array/port v0000023e7cd52380, 332;
E_0000023e7cd668b0/83 .event anyedge, v0000023e7cd52380_329, v0000023e7cd52380_330, v0000023e7cd52380_331, v0000023e7cd52380_332;
v0000023e7cd52380_333 .array/port v0000023e7cd52380, 333;
v0000023e7cd52380_334 .array/port v0000023e7cd52380, 334;
v0000023e7cd52380_335 .array/port v0000023e7cd52380, 335;
v0000023e7cd52380_336 .array/port v0000023e7cd52380, 336;
E_0000023e7cd668b0/84 .event anyedge, v0000023e7cd52380_333, v0000023e7cd52380_334, v0000023e7cd52380_335, v0000023e7cd52380_336;
v0000023e7cd52380_337 .array/port v0000023e7cd52380, 337;
v0000023e7cd52380_338 .array/port v0000023e7cd52380, 338;
v0000023e7cd52380_339 .array/port v0000023e7cd52380, 339;
v0000023e7cd52380_340 .array/port v0000023e7cd52380, 340;
E_0000023e7cd668b0/85 .event anyedge, v0000023e7cd52380_337, v0000023e7cd52380_338, v0000023e7cd52380_339, v0000023e7cd52380_340;
v0000023e7cd52380_341 .array/port v0000023e7cd52380, 341;
v0000023e7cd52380_342 .array/port v0000023e7cd52380, 342;
v0000023e7cd52380_343 .array/port v0000023e7cd52380, 343;
v0000023e7cd52380_344 .array/port v0000023e7cd52380, 344;
E_0000023e7cd668b0/86 .event anyedge, v0000023e7cd52380_341, v0000023e7cd52380_342, v0000023e7cd52380_343, v0000023e7cd52380_344;
v0000023e7cd52380_345 .array/port v0000023e7cd52380, 345;
v0000023e7cd52380_346 .array/port v0000023e7cd52380, 346;
v0000023e7cd52380_347 .array/port v0000023e7cd52380, 347;
v0000023e7cd52380_348 .array/port v0000023e7cd52380, 348;
E_0000023e7cd668b0/87 .event anyedge, v0000023e7cd52380_345, v0000023e7cd52380_346, v0000023e7cd52380_347, v0000023e7cd52380_348;
v0000023e7cd52380_349 .array/port v0000023e7cd52380, 349;
v0000023e7cd52380_350 .array/port v0000023e7cd52380, 350;
v0000023e7cd52380_351 .array/port v0000023e7cd52380, 351;
v0000023e7cd52380_352 .array/port v0000023e7cd52380, 352;
E_0000023e7cd668b0/88 .event anyedge, v0000023e7cd52380_349, v0000023e7cd52380_350, v0000023e7cd52380_351, v0000023e7cd52380_352;
v0000023e7cd52380_353 .array/port v0000023e7cd52380, 353;
v0000023e7cd52380_354 .array/port v0000023e7cd52380, 354;
v0000023e7cd52380_355 .array/port v0000023e7cd52380, 355;
v0000023e7cd52380_356 .array/port v0000023e7cd52380, 356;
E_0000023e7cd668b0/89 .event anyedge, v0000023e7cd52380_353, v0000023e7cd52380_354, v0000023e7cd52380_355, v0000023e7cd52380_356;
v0000023e7cd52380_357 .array/port v0000023e7cd52380, 357;
v0000023e7cd52380_358 .array/port v0000023e7cd52380, 358;
v0000023e7cd52380_359 .array/port v0000023e7cd52380, 359;
v0000023e7cd52380_360 .array/port v0000023e7cd52380, 360;
E_0000023e7cd668b0/90 .event anyedge, v0000023e7cd52380_357, v0000023e7cd52380_358, v0000023e7cd52380_359, v0000023e7cd52380_360;
v0000023e7cd52380_361 .array/port v0000023e7cd52380, 361;
v0000023e7cd52380_362 .array/port v0000023e7cd52380, 362;
v0000023e7cd52380_363 .array/port v0000023e7cd52380, 363;
v0000023e7cd52380_364 .array/port v0000023e7cd52380, 364;
E_0000023e7cd668b0/91 .event anyedge, v0000023e7cd52380_361, v0000023e7cd52380_362, v0000023e7cd52380_363, v0000023e7cd52380_364;
v0000023e7cd52380_365 .array/port v0000023e7cd52380, 365;
v0000023e7cd52380_366 .array/port v0000023e7cd52380, 366;
v0000023e7cd52380_367 .array/port v0000023e7cd52380, 367;
v0000023e7cd52380_368 .array/port v0000023e7cd52380, 368;
E_0000023e7cd668b0/92 .event anyedge, v0000023e7cd52380_365, v0000023e7cd52380_366, v0000023e7cd52380_367, v0000023e7cd52380_368;
v0000023e7cd52380_369 .array/port v0000023e7cd52380, 369;
v0000023e7cd52380_370 .array/port v0000023e7cd52380, 370;
v0000023e7cd52380_371 .array/port v0000023e7cd52380, 371;
v0000023e7cd52380_372 .array/port v0000023e7cd52380, 372;
E_0000023e7cd668b0/93 .event anyedge, v0000023e7cd52380_369, v0000023e7cd52380_370, v0000023e7cd52380_371, v0000023e7cd52380_372;
v0000023e7cd52380_373 .array/port v0000023e7cd52380, 373;
v0000023e7cd52380_374 .array/port v0000023e7cd52380, 374;
v0000023e7cd52380_375 .array/port v0000023e7cd52380, 375;
v0000023e7cd52380_376 .array/port v0000023e7cd52380, 376;
E_0000023e7cd668b0/94 .event anyedge, v0000023e7cd52380_373, v0000023e7cd52380_374, v0000023e7cd52380_375, v0000023e7cd52380_376;
v0000023e7cd52380_377 .array/port v0000023e7cd52380, 377;
v0000023e7cd52380_378 .array/port v0000023e7cd52380, 378;
v0000023e7cd52380_379 .array/port v0000023e7cd52380, 379;
v0000023e7cd52380_380 .array/port v0000023e7cd52380, 380;
E_0000023e7cd668b0/95 .event anyedge, v0000023e7cd52380_377, v0000023e7cd52380_378, v0000023e7cd52380_379, v0000023e7cd52380_380;
v0000023e7cd52380_381 .array/port v0000023e7cd52380, 381;
v0000023e7cd52380_382 .array/port v0000023e7cd52380, 382;
v0000023e7cd52380_383 .array/port v0000023e7cd52380, 383;
v0000023e7cd52380_384 .array/port v0000023e7cd52380, 384;
E_0000023e7cd668b0/96 .event anyedge, v0000023e7cd52380_381, v0000023e7cd52380_382, v0000023e7cd52380_383, v0000023e7cd52380_384;
v0000023e7cd52380_385 .array/port v0000023e7cd52380, 385;
v0000023e7cd52380_386 .array/port v0000023e7cd52380, 386;
v0000023e7cd52380_387 .array/port v0000023e7cd52380, 387;
v0000023e7cd52380_388 .array/port v0000023e7cd52380, 388;
E_0000023e7cd668b0/97 .event anyedge, v0000023e7cd52380_385, v0000023e7cd52380_386, v0000023e7cd52380_387, v0000023e7cd52380_388;
v0000023e7cd52380_389 .array/port v0000023e7cd52380, 389;
v0000023e7cd52380_390 .array/port v0000023e7cd52380, 390;
v0000023e7cd52380_391 .array/port v0000023e7cd52380, 391;
v0000023e7cd52380_392 .array/port v0000023e7cd52380, 392;
E_0000023e7cd668b0/98 .event anyedge, v0000023e7cd52380_389, v0000023e7cd52380_390, v0000023e7cd52380_391, v0000023e7cd52380_392;
v0000023e7cd52380_393 .array/port v0000023e7cd52380, 393;
v0000023e7cd52380_394 .array/port v0000023e7cd52380, 394;
v0000023e7cd52380_395 .array/port v0000023e7cd52380, 395;
v0000023e7cd52380_396 .array/port v0000023e7cd52380, 396;
E_0000023e7cd668b0/99 .event anyedge, v0000023e7cd52380_393, v0000023e7cd52380_394, v0000023e7cd52380_395, v0000023e7cd52380_396;
v0000023e7cd52380_397 .array/port v0000023e7cd52380, 397;
v0000023e7cd52380_398 .array/port v0000023e7cd52380, 398;
v0000023e7cd52380_399 .array/port v0000023e7cd52380, 399;
v0000023e7cd52380_400 .array/port v0000023e7cd52380, 400;
E_0000023e7cd668b0/100 .event anyedge, v0000023e7cd52380_397, v0000023e7cd52380_398, v0000023e7cd52380_399, v0000023e7cd52380_400;
v0000023e7cd52380_401 .array/port v0000023e7cd52380, 401;
v0000023e7cd52380_402 .array/port v0000023e7cd52380, 402;
v0000023e7cd52380_403 .array/port v0000023e7cd52380, 403;
v0000023e7cd52380_404 .array/port v0000023e7cd52380, 404;
E_0000023e7cd668b0/101 .event anyedge, v0000023e7cd52380_401, v0000023e7cd52380_402, v0000023e7cd52380_403, v0000023e7cd52380_404;
v0000023e7cd52380_405 .array/port v0000023e7cd52380, 405;
v0000023e7cd52380_406 .array/port v0000023e7cd52380, 406;
v0000023e7cd52380_407 .array/port v0000023e7cd52380, 407;
v0000023e7cd52380_408 .array/port v0000023e7cd52380, 408;
E_0000023e7cd668b0/102 .event anyedge, v0000023e7cd52380_405, v0000023e7cd52380_406, v0000023e7cd52380_407, v0000023e7cd52380_408;
v0000023e7cd52380_409 .array/port v0000023e7cd52380, 409;
v0000023e7cd52380_410 .array/port v0000023e7cd52380, 410;
v0000023e7cd52380_411 .array/port v0000023e7cd52380, 411;
v0000023e7cd52380_412 .array/port v0000023e7cd52380, 412;
E_0000023e7cd668b0/103 .event anyedge, v0000023e7cd52380_409, v0000023e7cd52380_410, v0000023e7cd52380_411, v0000023e7cd52380_412;
v0000023e7cd52380_413 .array/port v0000023e7cd52380, 413;
v0000023e7cd52380_414 .array/port v0000023e7cd52380, 414;
v0000023e7cd52380_415 .array/port v0000023e7cd52380, 415;
v0000023e7cd52380_416 .array/port v0000023e7cd52380, 416;
E_0000023e7cd668b0/104 .event anyedge, v0000023e7cd52380_413, v0000023e7cd52380_414, v0000023e7cd52380_415, v0000023e7cd52380_416;
v0000023e7cd52380_417 .array/port v0000023e7cd52380, 417;
v0000023e7cd52380_418 .array/port v0000023e7cd52380, 418;
v0000023e7cd52380_419 .array/port v0000023e7cd52380, 419;
v0000023e7cd52380_420 .array/port v0000023e7cd52380, 420;
E_0000023e7cd668b0/105 .event anyedge, v0000023e7cd52380_417, v0000023e7cd52380_418, v0000023e7cd52380_419, v0000023e7cd52380_420;
v0000023e7cd52380_421 .array/port v0000023e7cd52380, 421;
v0000023e7cd52380_422 .array/port v0000023e7cd52380, 422;
v0000023e7cd52380_423 .array/port v0000023e7cd52380, 423;
v0000023e7cd52380_424 .array/port v0000023e7cd52380, 424;
E_0000023e7cd668b0/106 .event anyedge, v0000023e7cd52380_421, v0000023e7cd52380_422, v0000023e7cd52380_423, v0000023e7cd52380_424;
v0000023e7cd52380_425 .array/port v0000023e7cd52380, 425;
v0000023e7cd52380_426 .array/port v0000023e7cd52380, 426;
v0000023e7cd52380_427 .array/port v0000023e7cd52380, 427;
v0000023e7cd52380_428 .array/port v0000023e7cd52380, 428;
E_0000023e7cd668b0/107 .event anyedge, v0000023e7cd52380_425, v0000023e7cd52380_426, v0000023e7cd52380_427, v0000023e7cd52380_428;
v0000023e7cd52380_429 .array/port v0000023e7cd52380, 429;
v0000023e7cd52380_430 .array/port v0000023e7cd52380, 430;
v0000023e7cd52380_431 .array/port v0000023e7cd52380, 431;
v0000023e7cd52380_432 .array/port v0000023e7cd52380, 432;
E_0000023e7cd668b0/108 .event anyedge, v0000023e7cd52380_429, v0000023e7cd52380_430, v0000023e7cd52380_431, v0000023e7cd52380_432;
v0000023e7cd52380_433 .array/port v0000023e7cd52380, 433;
v0000023e7cd52380_434 .array/port v0000023e7cd52380, 434;
v0000023e7cd52380_435 .array/port v0000023e7cd52380, 435;
v0000023e7cd52380_436 .array/port v0000023e7cd52380, 436;
E_0000023e7cd668b0/109 .event anyedge, v0000023e7cd52380_433, v0000023e7cd52380_434, v0000023e7cd52380_435, v0000023e7cd52380_436;
v0000023e7cd52380_437 .array/port v0000023e7cd52380, 437;
v0000023e7cd52380_438 .array/port v0000023e7cd52380, 438;
v0000023e7cd52380_439 .array/port v0000023e7cd52380, 439;
v0000023e7cd52380_440 .array/port v0000023e7cd52380, 440;
E_0000023e7cd668b0/110 .event anyedge, v0000023e7cd52380_437, v0000023e7cd52380_438, v0000023e7cd52380_439, v0000023e7cd52380_440;
v0000023e7cd52380_441 .array/port v0000023e7cd52380, 441;
v0000023e7cd52380_442 .array/port v0000023e7cd52380, 442;
v0000023e7cd52380_443 .array/port v0000023e7cd52380, 443;
v0000023e7cd52380_444 .array/port v0000023e7cd52380, 444;
E_0000023e7cd668b0/111 .event anyedge, v0000023e7cd52380_441, v0000023e7cd52380_442, v0000023e7cd52380_443, v0000023e7cd52380_444;
v0000023e7cd52380_445 .array/port v0000023e7cd52380, 445;
v0000023e7cd52380_446 .array/port v0000023e7cd52380, 446;
v0000023e7cd52380_447 .array/port v0000023e7cd52380, 447;
v0000023e7cd52380_448 .array/port v0000023e7cd52380, 448;
E_0000023e7cd668b0/112 .event anyedge, v0000023e7cd52380_445, v0000023e7cd52380_446, v0000023e7cd52380_447, v0000023e7cd52380_448;
v0000023e7cd52380_449 .array/port v0000023e7cd52380, 449;
v0000023e7cd52380_450 .array/port v0000023e7cd52380, 450;
v0000023e7cd52380_451 .array/port v0000023e7cd52380, 451;
v0000023e7cd52380_452 .array/port v0000023e7cd52380, 452;
E_0000023e7cd668b0/113 .event anyedge, v0000023e7cd52380_449, v0000023e7cd52380_450, v0000023e7cd52380_451, v0000023e7cd52380_452;
v0000023e7cd52380_453 .array/port v0000023e7cd52380, 453;
v0000023e7cd52380_454 .array/port v0000023e7cd52380, 454;
v0000023e7cd52380_455 .array/port v0000023e7cd52380, 455;
v0000023e7cd52380_456 .array/port v0000023e7cd52380, 456;
E_0000023e7cd668b0/114 .event anyedge, v0000023e7cd52380_453, v0000023e7cd52380_454, v0000023e7cd52380_455, v0000023e7cd52380_456;
v0000023e7cd52380_457 .array/port v0000023e7cd52380, 457;
v0000023e7cd52380_458 .array/port v0000023e7cd52380, 458;
v0000023e7cd52380_459 .array/port v0000023e7cd52380, 459;
v0000023e7cd52380_460 .array/port v0000023e7cd52380, 460;
E_0000023e7cd668b0/115 .event anyedge, v0000023e7cd52380_457, v0000023e7cd52380_458, v0000023e7cd52380_459, v0000023e7cd52380_460;
v0000023e7cd52380_461 .array/port v0000023e7cd52380, 461;
v0000023e7cd52380_462 .array/port v0000023e7cd52380, 462;
v0000023e7cd52380_463 .array/port v0000023e7cd52380, 463;
v0000023e7cd52380_464 .array/port v0000023e7cd52380, 464;
E_0000023e7cd668b0/116 .event anyedge, v0000023e7cd52380_461, v0000023e7cd52380_462, v0000023e7cd52380_463, v0000023e7cd52380_464;
v0000023e7cd52380_465 .array/port v0000023e7cd52380, 465;
v0000023e7cd52380_466 .array/port v0000023e7cd52380, 466;
v0000023e7cd52380_467 .array/port v0000023e7cd52380, 467;
v0000023e7cd52380_468 .array/port v0000023e7cd52380, 468;
E_0000023e7cd668b0/117 .event anyedge, v0000023e7cd52380_465, v0000023e7cd52380_466, v0000023e7cd52380_467, v0000023e7cd52380_468;
v0000023e7cd52380_469 .array/port v0000023e7cd52380, 469;
v0000023e7cd52380_470 .array/port v0000023e7cd52380, 470;
v0000023e7cd52380_471 .array/port v0000023e7cd52380, 471;
v0000023e7cd52380_472 .array/port v0000023e7cd52380, 472;
E_0000023e7cd668b0/118 .event anyedge, v0000023e7cd52380_469, v0000023e7cd52380_470, v0000023e7cd52380_471, v0000023e7cd52380_472;
v0000023e7cd52380_473 .array/port v0000023e7cd52380, 473;
v0000023e7cd52380_474 .array/port v0000023e7cd52380, 474;
v0000023e7cd52380_475 .array/port v0000023e7cd52380, 475;
v0000023e7cd52380_476 .array/port v0000023e7cd52380, 476;
E_0000023e7cd668b0/119 .event anyedge, v0000023e7cd52380_473, v0000023e7cd52380_474, v0000023e7cd52380_475, v0000023e7cd52380_476;
v0000023e7cd52380_477 .array/port v0000023e7cd52380, 477;
v0000023e7cd52380_478 .array/port v0000023e7cd52380, 478;
v0000023e7cd52380_479 .array/port v0000023e7cd52380, 479;
v0000023e7cd52380_480 .array/port v0000023e7cd52380, 480;
E_0000023e7cd668b0/120 .event anyedge, v0000023e7cd52380_477, v0000023e7cd52380_478, v0000023e7cd52380_479, v0000023e7cd52380_480;
v0000023e7cd52380_481 .array/port v0000023e7cd52380, 481;
v0000023e7cd52380_482 .array/port v0000023e7cd52380, 482;
v0000023e7cd52380_483 .array/port v0000023e7cd52380, 483;
v0000023e7cd52380_484 .array/port v0000023e7cd52380, 484;
E_0000023e7cd668b0/121 .event anyedge, v0000023e7cd52380_481, v0000023e7cd52380_482, v0000023e7cd52380_483, v0000023e7cd52380_484;
v0000023e7cd52380_485 .array/port v0000023e7cd52380, 485;
v0000023e7cd52380_486 .array/port v0000023e7cd52380, 486;
v0000023e7cd52380_487 .array/port v0000023e7cd52380, 487;
v0000023e7cd52380_488 .array/port v0000023e7cd52380, 488;
E_0000023e7cd668b0/122 .event anyedge, v0000023e7cd52380_485, v0000023e7cd52380_486, v0000023e7cd52380_487, v0000023e7cd52380_488;
v0000023e7cd52380_489 .array/port v0000023e7cd52380, 489;
v0000023e7cd52380_490 .array/port v0000023e7cd52380, 490;
v0000023e7cd52380_491 .array/port v0000023e7cd52380, 491;
v0000023e7cd52380_492 .array/port v0000023e7cd52380, 492;
E_0000023e7cd668b0/123 .event anyedge, v0000023e7cd52380_489, v0000023e7cd52380_490, v0000023e7cd52380_491, v0000023e7cd52380_492;
v0000023e7cd52380_493 .array/port v0000023e7cd52380, 493;
v0000023e7cd52380_494 .array/port v0000023e7cd52380, 494;
v0000023e7cd52380_495 .array/port v0000023e7cd52380, 495;
v0000023e7cd52380_496 .array/port v0000023e7cd52380, 496;
E_0000023e7cd668b0/124 .event anyedge, v0000023e7cd52380_493, v0000023e7cd52380_494, v0000023e7cd52380_495, v0000023e7cd52380_496;
v0000023e7cd52380_497 .array/port v0000023e7cd52380, 497;
v0000023e7cd52380_498 .array/port v0000023e7cd52380, 498;
v0000023e7cd52380_499 .array/port v0000023e7cd52380, 499;
v0000023e7cd52380_500 .array/port v0000023e7cd52380, 500;
E_0000023e7cd668b0/125 .event anyedge, v0000023e7cd52380_497, v0000023e7cd52380_498, v0000023e7cd52380_499, v0000023e7cd52380_500;
v0000023e7cd52380_501 .array/port v0000023e7cd52380, 501;
v0000023e7cd52380_502 .array/port v0000023e7cd52380, 502;
v0000023e7cd52380_503 .array/port v0000023e7cd52380, 503;
v0000023e7cd52380_504 .array/port v0000023e7cd52380, 504;
E_0000023e7cd668b0/126 .event anyedge, v0000023e7cd52380_501, v0000023e7cd52380_502, v0000023e7cd52380_503, v0000023e7cd52380_504;
v0000023e7cd52380_505 .array/port v0000023e7cd52380, 505;
v0000023e7cd52380_506 .array/port v0000023e7cd52380, 506;
v0000023e7cd52380_507 .array/port v0000023e7cd52380, 507;
v0000023e7cd52380_508 .array/port v0000023e7cd52380, 508;
E_0000023e7cd668b0/127 .event anyedge, v0000023e7cd52380_505, v0000023e7cd52380_506, v0000023e7cd52380_507, v0000023e7cd52380_508;
v0000023e7cd52380_509 .array/port v0000023e7cd52380, 509;
v0000023e7cd52380_510 .array/port v0000023e7cd52380, 510;
v0000023e7cd52380_511 .array/port v0000023e7cd52380, 511;
v0000023e7cd52380_512 .array/port v0000023e7cd52380, 512;
E_0000023e7cd668b0/128 .event anyedge, v0000023e7cd52380_509, v0000023e7cd52380_510, v0000023e7cd52380_511, v0000023e7cd52380_512;
v0000023e7cd52380_513 .array/port v0000023e7cd52380, 513;
v0000023e7cd52380_514 .array/port v0000023e7cd52380, 514;
v0000023e7cd52380_515 .array/port v0000023e7cd52380, 515;
v0000023e7cd52380_516 .array/port v0000023e7cd52380, 516;
E_0000023e7cd668b0/129 .event anyedge, v0000023e7cd52380_513, v0000023e7cd52380_514, v0000023e7cd52380_515, v0000023e7cd52380_516;
v0000023e7cd52380_517 .array/port v0000023e7cd52380, 517;
v0000023e7cd52380_518 .array/port v0000023e7cd52380, 518;
v0000023e7cd52380_519 .array/port v0000023e7cd52380, 519;
v0000023e7cd52380_520 .array/port v0000023e7cd52380, 520;
E_0000023e7cd668b0/130 .event anyedge, v0000023e7cd52380_517, v0000023e7cd52380_518, v0000023e7cd52380_519, v0000023e7cd52380_520;
v0000023e7cd52380_521 .array/port v0000023e7cd52380, 521;
v0000023e7cd52380_522 .array/port v0000023e7cd52380, 522;
v0000023e7cd52380_523 .array/port v0000023e7cd52380, 523;
v0000023e7cd52380_524 .array/port v0000023e7cd52380, 524;
E_0000023e7cd668b0/131 .event anyedge, v0000023e7cd52380_521, v0000023e7cd52380_522, v0000023e7cd52380_523, v0000023e7cd52380_524;
v0000023e7cd52380_525 .array/port v0000023e7cd52380, 525;
v0000023e7cd52380_526 .array/port v0000023e7cd52380, 526;
v0000023e7cd52380_527 .array/port v0000023e7cd52380, 527;
v0000023e7cd52380_528 .array/port v0000023e7cd52380, 528;
E_0000023e7cd668b0/132 .event anyedge, v0000023e7cd52380_525, v0000023e7cd52380_526, v0000023e7cd52380_527, v0000023e7cd52380_528;
v0000023e7cd52380_529 .array/port v0000023e7cd52380, 529;
v0000023e7cd52380_530 .array/port v0000023e7cd52380, 530;
v0000023e7cd52380_531 .array/port v0000023e7cd52380, 531;
v0000023e7cd52380_532 .array/port v0000023e7cd52380, 532;
E_0000023e7cd668b0/133 .event anyedge, v0000023e7cd52380_529, v0000023e7cd52380_530, v0000023e7cd52380_531, v0000023e7cd52380_532;
v0000023e7cd52380_533 .array/port v0000023e7cd52380, 533;
v0000023e7cd52380_534 .array/port v0000023e7cd52380, 534;
v0000023e7cd52380_535 .array/port v0000023e7cd52380, 535;
v0000023e7cd52380_536 .array/port v0000023e7cd52380, 536;
E_0000023e7cd668b0/134 .event anyedge, v0000023e7cd52380_533, v0000023e7cd52380_534, v0000023e7cd52380_535, v0000023e7cd52380_536;
v0000023e7cd52380_537 .array/port v0000023e7cd52380, 537;
v0000023e7cd52380_538 .array/port v0000023e7cd52380, 538;
v0000023e7cd52380_539 .array/port v0000023e7cd52380, 539;
v0000023e7cd52380_540 .array/port v0000023e7cd52380, 540;
E_0000023e7cd668b0/135 .event anyedge, v0000023e7cd52380_537, v0000023e7cd52380_538, v0000023e7cd52380_539, v0000023e7cd52380_540;
v0000023e7cd52380_541 .array/port v0000023e7cd52380, 541;
v0000023e7cd52380_542 .array/port v0000023e7cd52380, 542;
v0000023e7cd52380_543 .array/port v0000023e7cd52380, 543;
v0000023e7cd52380_544 .array/port v0000023e7cd52380, 544;
E_0000023e7cd668b0/136 .event anyedge, v0000023e7cd52380_541, v0000023e7cd52380_542, v0000023e7cd52380_543, v0000023e7cd52380_544;
v0000023e7cd52380_545 .array/port v0000023e7cd52380, 545;
v0000023e7cd52380_546 .array/port v0000023e7cd52380, 546;
v0000023e7cd52380_547 .array/port v0000023e7cd52380, 547;
v0000023e7cd52380_548 .array/port v0000023e7cd52380, 548;
E_0000023e7cd668b0/137 .event anyedge, v0000023e7cd52380_545, v0000023e7cd52380_546, v0000023e7cd52380_547, v0000023e7cd52380_548;
v0000023e7cd52380_549 .array/port v0000023e7cd52380, 549;
v0000023e7cd52380_550 .array/port v0000023e7cd52380, 550;
v0000023e7cd52380_551 .array/port v0000023e7cd52380, 551;
v0000023e7cd52380_552 .array/port v0000023e7cd52380, 552;
E_0000023e7cd668b0/138 .event anyedge, v0000023e7cd52380_549, v0000023e7cd52380_550, v0000023e7cd52380_551, v0000023e7cd52380_552;
v0000023e7cd52380_553 .array/port v0000023e7cd52380, 553;
v0000023e7cd52380_554 .array/port v0000023e7cd52380, 554;
v0000023e7cd52380_555 .array/port v0000023e7cd52380, 555;
v0000023e7cd52380_556 .array/port v0000023e7cd52380, 556;
E_0000023e7cd668b0/139 .event anyedge, v0000023e7cd52380_553, v0000023e7cd52380_554, v0000023e7cd52380_555, v0000023e7cd52380_556;
v0000023e7cd52380_557 .array/port v0000023e7cd52380, 557;
v0000023e7cd52380_558 .array/port v0000023e7cd52380, 558;
v0000023e7cd52380_559 .array/port v0000023e7cd52380, 559;
v0000023e7cd52380_560 .array/port v0000023e7cd52380, 560;
E_0000023e7cd668b0/140 .event anyedge, v0000023e7cd52380_557, v0000023e7cd52380_558, v0000023e7cd52380_559, v0000023e7cd52380_560;
v0000023e7cd52380_561 .array/port v0000023e7cd52380, 561;
v0000023e7cd52380_562 .array/port v0000023e7cd52380, 562;
v0000023e7cd52380_563 .array/port v0000023e7cd52380, 563;
v0000023e7cd52380_564 .array/port v0000023e7cd52380, 564;
E_0000023e7cd668b0/141 .event anyedge, v0000023e7cd52380_561, v0000023e7cd52380_562, v0000023e7cd52380_563, v0000023e7cd52380_564;
v0000023e7cd52380_565 .array/port v0000023e7cd52380, 565;
v0000023e7cd52380_566 .array/port v0000023e7cd52380, 566;
v0000023e7cd52380_567 .array/port v0000023e7cd52380, 567;
v0000023e7cd52380_568 .array/port v0000023e7cd52380, 568;
E_0000023e7cd668b0/142 .event anyedge, v0000023e7cd52380_565, v0000023e7cd52380_566, v0000023e7cd52380_567, v0000023e7cd52380_568;
v0000023e7cd52380_569 .array/port v0000023e7cd52380, 569;
v0000023e7cd52380_570 .array/port v0000023e7cd52380, 570;
v0000023e7cd52380_571 .array/port v0000023e7cd52380, 571;
v0000023e7cd52380_572 .array/port v0000023e7cd52380, 572;
E_0000023e7cd668b0/143 .event anyedge, v0000023e7cd52380_569, v0000023e7cd52380_570, v0000023e7cd52380_571, v0000023e7cd52380_572;
v0000023e7cd52380_573 .array/port v0000023e7cd52380, 573;
v0000023e7cd52380_574 .array/port v0000023e7cd52380, 574;
v0000023e7cd52380_575 .array/port v0000023e7cd52380, 575;
v0000023e7cd52380_576 .array/port v0000023e7cd52380, 576;
E_0000023e7cd668b0/144 .event anyedge, v0000023e7cd52380_573, v0000023e7cd52380_574, v0000023e7cd52380_575, v0000023e7cd52380_576;
v0000023e7cd52380_577 .array/port v0000023e7cd52380, 577;
v0000023e7cd52380_578 .array/port v0000023e7cd52380, 578;
v0000023e7cd52380_579 .array/port v0000023e7cd52380, 579;
v0000023e7cd52380_580 .array/port v0000023e7cd52380, 580;
E_0000023e7cd668b0/145 .event anyedge, v0000023e7cd52380_577, v0000023e7cd52380_578, v0000023e7cd52380_579, v0000023e7cd52380_580;
v0000023e7cd52380_581 .array/port v0000023e7cd52380, 581;
v0000023e7cd52380_582 .array/port v0000023e7cd52380, 582;
v0000023e7cd52380_583 .array/port v0000023e7cd52380, 583;
v0000023e7cd52380_584 .array/port v0000023e7cd52380, 584;
E_0000023e7cd668b0/146 .event anyedge, v0000023e7cd52380_581, v0000023e7cd52380_582, v0000023e7cd52380_583, v0000023e7cd52380_584;
v0000023e7cd52380_585 .array/port v0000023e7cd52380, 585;
v0000023e7cd52380_586 .array/port v0000023e7cd52380, 586;
v0000023e7cd52380_587 .array/port v0000023e7cd52380, 587;
v0000023e7cd52380_588 .array/port v0000023e7cd52380, 588;
E_0000023e7cd668b0/147 .event anyedge, v0000023e7cd52380_585, v0000023e7cd52380_586, v0000023e7cd52380_587, v0000023e7cd52380_588;
v0000023e7cd52380_589 .array/port v0000023e7cd52380, 589;
v0000023e7cd52380_590 .array/port v0000023e7cd52380, 590;
v0000023e7cd52380_591 .array/port v0000023e7cd52380, 591;
v0000023e7cd52380_592 .array/port v0000023e7cd52380, 592;
E_0000023e7cd668b0/148 .event anyedge, v0000023e7cd52380_589, v0000023e7cd52380_590, v0000023e7cd52380_591, v0000023e7cd52380_592;
v0000023e7cd52380_593 .array/port v0000023e7cd52380, 593;
v0000023e7cd52380_594 .array/port v0000023e7cd52380, 594;
v0000023e7cd52380_595 .array/port v0000023e7cd52380, 595;
v0000023e7cd52380_596 .array/port v0000023e7cd52380, 596;
E_0000023e7cd668b0/149 .event anyedge, v0000023e7cd52380_593, v0000023e7cd52380_594, v0000023e7cd52380_595, v0000023e7cd52380_596;
v0000023e7cd52380_597 .array/port v0000023e7cd52380, 597;
v0000023e7cd52380_598 .array/port v0000023e7cd52380, 598;
v0000023e7cd52380_599 .array/port v0000023e7cd52380, 599;
v0000023e7cd52380_600 .array/port v0000023e7cd52380, 600;
E_0000023e7cd668b0/150 .event anyedge, v0000023e7cd52380_597, v0000023e7cd52380_598, v0000023e7cd52380_599, v0000023e7cd52380_600;
v0000023e7cd52380_601 .array/port v0000023e7cd52380, 601;
v0000023e7cd52380_602 .array/port v0000023e7cd52380, 602;
v0000023e7cd52380_603 .array/port v0000023e7cd52380, 603;
v0000023e7cd52380_604 .array/port v0000023e7cd52380, 604;
E_0000023e7cd668b0/151 .event anyedge, v0000023e7cd52380_601, v0000023e7cd52380_602, v0000023e7cd52380_603, v0000023e7cd52380_604;
v0000023e7cd52380_605 .array/port v0000023e7cd52380, 605;
v0000023e7cd52380_606 .array/port v0000023e7cd52380, 606;
v0000023e7cd52380_607 .array/port v0000023e7cd52380, 607;
v0000023e7cd52380_608 .array/port v0000023e7cd52380, 608;
E_0000023e7cd668b0/152 .event anyedge, v0000023e7cd52380_605, v0000023e7cd52380_606, v0000023e7cd52380_607, v0000023e7cd52380_608;
v0000023e7cd52380_609 .array/port v0000023e7cd52380, 609;
v0000023e7cd52380_610 .array/port v0000023e7cd52380, 610;
v0000023e7cd52380_611 .array/port v0000023e7cd52380, 611;
v0000023e7cd52380_612 .array/port v0000023e7cd52380, 612;
E_0000023e7cd668b0/153 .event anyedge, v0000023e7cd52380_609, v0000023e7cd52380_610, v0000023e7cd52380_611, v0000023e7cd52380_612;
v0000023e7cd52380_613 .array/port v0000023e7cd52380, 613;
v0000023e7cd52380_614 .array/port v0000023e7cd52380, 614;
v0000023e7cd52380_615 .array/port v0000023e7cd52380, 615;
v0000023e7cd52380_616 .array/port v0000023e7cd52380, 616;
E_0000023e7cd668b0/154 .event anyedge, v0000023e7cd52380_613, v0000023e7cd52380_614, v0000023e7cd52380_615, v0000023e7cd52380_616;
v0000023e7cd52380_617 .array/port v0000023e7cd52380, 617;
v0000023e7cd52380_618 .array/port v0000023e7cd52380, 618;
v0000023e7cd52380_619 .array/port v0000023e7cd52380, 619;
v0000023e7cd52380_620 .array/port v0000023e7cd52380, 620;
E_0000023e7cd668b0/155 .event anyedge, v0000023e7cd52380_617, v0000023e7cd52380_618, v0000023e7cd52380_619, v0000023e7cd52380_620;
v0000023e7cd52380_621 .array/port v0000023e7cd52380, 621;
v0000023e7cd52380_622 .array/port v0000023e7cd52380, 622;
v0000023e7cd52380_623 .array/port v0000023e7cd52380, 623;
v0000023e7cd52380_624 .array/port v0000023e7cd52380, 624;
E_0000023e7cd668b0/156 .event anyedge, v0000023e7cd52380_621, v0000023e7cd52380_622, v0000023e7cd52380_623, v0000023e7cd52380_624;
v0000023e7cd52380_625 .array/port v0000023e7cd52380, 625;
v0000023e7cd52380_626 .array/port v0000023e7cd52380, 626;
v0000023e7cd52380_627 .array/port v0000023e7cd52380, 627;
v0000023e7cd52380_628 .array/port v0000023e7cd52380, 628;
E_0000023e7cd668b0/157 .event anyedge, v0000023e7cd52380_625, v0000023e7cd52380_626, v0000023e7cd52380_627, v0000023e7cd52380_628;
v0000023e7cd52380_629 .array/port v0000023e7cd52380, 629;
v0000023e7cd52380_630 .array/port v0000023e7cd52380, 630;
v0000023e7cd52380_631 .array/port v0000023e7cd52380, 631;
v0000023e7cd52380_632 .array/port v0000023e7cd52380, 632;
E_0000023e7cd668b0/158 .event anyedge, v0000023e7cd52380_629, v0000023e7cd52380_630, v0000023e7cd52380_631, v0000023e7cd52380_632;
v0000023e7cd52380_633 .array/port v0000023e7cd52380, 633;
v0000023e7cd52380_634 .array/port v0000023e7cd52380, 634;
v0000023e7cd52380_635 .array/port v0000023e7cd52380, 635;
v0000023e7cd52380_636 .array/port v0000023e7cd52380, 636;
E_0000023e7cd668b0/159 .event anyedge, v0000023e7cd52380_633, v0000023e7cd52380_634, v0000023e7cd52380_635, v0000023e7cd52380_636;
v0000023e7cd52380_637 .array/port v0000023e7cd52380, 637;
v0000023e7cd52380_638 .array/port v0000023e7cd52380, 638;
v0000023e7cd52380_639 .array/port v0000023e7cd52380, 639;
v0000023e7cd52380_640 .array/port v0000023e7cd52380, 640;
E_0000023e7cd668b0/160 .event anyedge, v0000023e7cd52380_637, v0000023e7cd52380_638, v0000023e7cd52380_639, v0000023e7cd52380_640;
v0000023e7cd52380_641 .array/port v0000023e7cd52380, 641;
v0000023e7cd52380_642 .array/port v0000023e7cd52380, 642;
v0000023e7cd52380_643 .array/port v0000023e7cd52380, 643;
v0000023e7cd52380_644 .array/port v0000023e7cd52380, 644;
E_0000023e7cd668b0/161 .event anyedge, v0000023e7cd52380_641, v0000023e7cd52380_642, v0000023e7cd52380_643, v0000023e7cd52380_644;
v0000023e7cd52380_645 .array/port v0000023e7cd52380, 645;
v0000023e7cd52380_646 .array/port v0000023e7cd52380, 646;
v0000023e7cd52380_647 .array/port v0000023e7cd52380, 647;
v0000023e7cd52380_648 .array/port v0000023e7cd52380, 648;
E_0000023e7cd668b0/162 .event anyedge, v0000023e7cd52380_645, v0000023e7cd52380_646, v0000023e7cd52380_647, v0000023e7cd52380_648;
v0000023e7cd52380_649 .array/port v0000023e7cd52380, 649;
v0000023e7cd52380_650 .array/port v0000023e7cd52380, 650;
v0000023e7cd52380_651 .array/port v0000023e7cd52380, 651;
v0000023e7cd52380_652 .array/port v0000023e7cd52380, 652;
E_0000023e7cd668b0/163 .event anyedge, v0000023e7cd52380_649, v0000023e7cd52380_650, v0000023e7cd52380_651, v0000023e7cd52380_652;
v0000023e7cd52380_653 .array/port v0000023e7cd52380, 653;
v0000023e7cd52380_654 .array/port v0000023e7cd52380, 654;
v0000023e7cd52380_655 .array/port v0000023e7cd52380, 655;
v0000023e7cd52380_656 .array/port v0000023e7cd52380, 656;
E_0000023e7cd668b0/164 .event anyedge, v0000023e7cd52380_653, v0000023e7cd52380_654, v0000023e7cd52380_655, v0000023e7cd52380_656;
v0000023e7cd52380_657 .array/port v0000023e7cd52380, 657;
v0000023e7cd52380_658 .array/port v0000023e7cd52380, 658;
v0000023e7cd52380_659 .array/port v0000023e7cd52380, 659;
v0000023e7cd52380_660 .array/port v0000023e7cd52380, 660;
E_0000023e7cd668b0/165 .event anyedge, v0000023e7cd52380_657, v0000023e7cd52380_658, v0000023e7cd52380_659, v0000023e7cd52380_660;
v0000023e7cd52380_661 .array/port v0000023e7cd52380, 661;
v0000023e7cd52380_662 .array/port v0000023e7cd52380, 662;
v0000023e7cd52380_663 .array/port v0000023e7cd52380, 663;
v0000023e7cd52380_664 .array/port v0000023e7cd52380, 664;
E_0000023e7cd668b0/166 .event anyedge, v0000023e7cd52380_661, v0000023e7cd52380_662, v0000023e7cd52380_663, v0000023e7cd52380_664;
v0000023e7cd52380_665 .array/port v0000023e7cd52380, 665;
v0000023e7cd52380_666 .array/port v0000023e7cd52380, 666;
v0000023e7cd52380_667 .array/port v0000023e7cd52380, 667;
v0000023e7cd52380_668 .array/port v0000023e7cd52380, 668;
E_0000023e7cd668b0/167 .event anyedge, v0000023e7cd52380_665, v0000023e7cd52380_666, v0000023e7cd52380_667, v0000023e7cd52380_668;
v0000023e7cd52380_669 .array/port v0000023e7cd52380, 669;
v0000023e7cd52380_670 .array/port v0000023e7cd52380, 670;
v0000023e7cd52380_671 .array/port v0000023e7cd52380, 671;
v0000023e7cd52380_672 .array/port v0000023e7cd52380, 672;
E_0000023e7cd668b0/168 .event anyedge, v0000023e7cd52380_669, v0000023e7cd52380_670, v0000023e7cd52380_671, v0000023e7cd52380_672;
v0000023e7cd52380_673 .array/port v0000023e7cd52380, 673;
v0000023e7cd52380_674 .array/port v0000023e7cd52380, 674;
v0000023e7cd52380_675 .array/port v0000023e7cd52380, 675;
v0000023e7cd52380_676 .array/port v0000023e7cd52380, 676;
E_0000023e7cd668b0/169 .event anyedge, v0000023e7cd52380_673, v0000023e7cd52380_674, v0000023e7cd52380_675, v0000023e7cd52380_676;
v0000023e7cd52380_677 .array/port v0000023e7cd52380, 677;
v0000023e7cd52380_678 .array/port v0000023e7cd52380, 678;
v0000023e7cd52380_679 .array/port v0000023e7cd52380, 679;
v0000023e7cd52380_680 .array/port v0000023e7cd52380, 680;
E_0000023e7cd668b0/170 .event anyedge, v0000023e7cd52380_677, v0000023e7cd52380_678, v0000023e7cd52380_679, v0000023e7cd52380_680;
v0000023e7cd52380_681 .array/port v0000023e7cd52380, 681;
v0000023e7cd52380_682 .array/port v0000023e7cd52380, 682;
v0000023e7cd52380_683 .array/port v0000023e7cd52380, 683;
v0000023e7cd52380_684 .array/port v0000023e7cd52380, 684;
E_0000023e7cd668b0/171 .event anyedge, v0000023e7cd52380_681, v0000023e7cd52380_682, v0000023e7cd52380_683, v0000023e7cd52380_684;
v0000023e7cd52380_685 .array/port v0000023e7cd52380, 685;
v0000023e7cd52380_686 .array/port v0000023e7cd52380, 686;
v0000023e7cd52380_687 .array/port v0000023e7cd52380, 687;
v0000023e7cd52380_688 .array/port v0000023e7cd52380, 688;
E_0000023e7cd668b0/172 .event anyedge, v0000023e7cd52380_685, v0000023e7cd52380_686, v0000023e7cd52380_687, v0000023e7cd52380_688;
v0000023e7cd52380_689 .array/port v0000023e7cd52380, 689;
v0000023e7cd52380_690 .array/port v0000023e7cd52380, 690;
v0000023e7cd52380_691 .array/port v0000023e7cd52380, 691;
v0000023e7cd52380_692 .array/port v0000023e7cd52380, 692;
E_0000023e7cd668b0/173 .event anyedge, v0000023e7cd52380_689, v0000023e7cd52380_690, v0000023e7cd52380_691, v0000023e7cd52380_692;
v0000023e7cd52380_693 .array/port v0000023e7cd52380, 693;
v0000023e7cd52380_694 .array/port v0000023e7cd52380, 694;
v0000023e7cd52380_695 .array/port v0000023e7cd52380, 695;
v0000023e7cd52380_696 .array/port v0000023e7cd52380, 696;
E_0000023e7cd668b0/174 .event anyedge, v0000023e7cd52380_693, v0000023e7cd52380_694, v0000023e7cd52380_695, v0000023e7cd52380_696;
v0000023e7cd52380_697 .array/port v0000023e7cd52380, 697;
v0000023e7cd52380_698 .array/port v0000023e7cd52380, 698;
v0000023e7cd52380_699 .array/port v0000023e7cd52380, 699;
v0000023e7cd52380_700 .array/port v0000023e7cd52380, 700;
E_0000023e7cd668b0/175 .event anyedge, v0000023e7cd52380_697, v0000023e7cd52380_698, v0000023e7cd52380_699, v0000023e7cd52380_700;
v0000023e7cd52380_701 .array/port v0000023e7cd52380, 701;
v0000023e7cd52380_702 .array/port v0000023e7cd52380, 702;
v0000023e7cd52380_703 .array/port v0000023e7cd52380, 703;
v0000023e7cd52380_704 .array/port v0000023e7cd52380, 704;
E_0000023e7cd668b0/176 .event anyedge, v0000023e7cd52380_701, v0000023e7cd52380_702, v0000023e7cd52380_703, v0000023e7cd52380_704;
v0000023e7cd52380_705 .array/port v0000023e7cd52380, 705;
v0000023e7cd52380_706 .array/port v0000023e7cd52380, 706;
v0000023e7cd52380_707 .array/port v0000023e7cd52380, 707;
v0000023e7cd52380_708 .array/port v0000023e7cd52380, 708;
E_0000023e7cd668b0/177 .event anyedge, v0000023e7cd52380_705, v0000023e7cd52380_706, v0000023e7cd52380_707, v0000023e7cd52380_708;
v0000023e7cd52380_709 .array/port v0000023e7cd52380, 709;
v0000023e7cd52380_710 .array/port v0000023e7cd52380, 710;
v0000023e7cd52380_711 .array/port v0000023e7cd52380, 711;
v0000023e7cd52380_712 .array/port v0000023e7cd52380, 712;
E_0000023e7cd668b0/178 .event anyedge, v0000023e7cd52380_709, v0000023e7cd52380_710, v0000023e7cd52380_711, v0000023e7cd52380_712;
v0000023e7cd52380_713 .array/port v0000023e7cd52380, 713;
v0000023e7cd52380_714 .array/port v0000023e7cd52380, 714;
v0000023e7cd52380_715 .array/port v0000023e7cd52380, 715;
v0000023e7cd52380_716 .array/port v0000023e7cd52380, 716;
E_0000023e7cd668b0/179 .event anyedge, v0000023e7cd52380_713, v0000023e7cd52380_714, v0000023e7cd52380_715, v0000023e7cd52380_716;
v0000023e7cd52380_717 .array/port v0000023e7cd52380, 717;
v0000023e7cd52380_718 .array/port v0000023e7cd52380, 718;
v0000023e7cd52380_719 .array/port v0000023e7cd52380, 719;
v0000023e7cd52380_720 .array/port v0000023e7cd52380, 720;
E_0000023e7cd668b0/180 .event anyedge, v0000023e7cd52380_717, v0000023e7cd52380_718, v0000023e7cd52380_719, v0000023e7cd52380_720;
v0000023e7cd52380_721 .array/port v0000023e7cd52380, 721;
v0000023e7cd52380_722 .array/port v0000023e7cd52380, 722;
v0000023e7cd52380_723 .array/port v0000023e7cd52380, 723;
v0000023e7cd52380_724 .array/port v0000023e7cd52380, 724;
E_0000023e7cd668b0/181 .event anyedge, v0000023e7cd52380_721, v0000023e7cd52380_722, v0000023e7cd52380_723, v0000023e7cd52380_724;
v0000023e7cd52380_725 .array/port v0000023e7cd52380, 725;
v0000023e7cd52380_726 .array/port v0000023e7cd52380, 726;
v0000023e7cd52380_727 .array/port v0000023e7cd52380, 727;
v0000023e7cd52380_728 .array/port v0000023e7cd52380, 728;
E_0000023e7cd668b0/182 .event anyedge, v0000023e7cd52380_725, v0000023e7cd52380_726, v0000023e7cd52380_727, v0000023e7cd52380_728;
v0000023e7cd52380_729 .array/port v0000023e7cd52380, 729;
v0000023e7cd52380_730 .array/port v0000023e7cd52380, 730;
v0000023e7cd52380_731 .array/port v0000023e7cd52380, 731;
v0000023e7cd52380_732 .array/port v0000023e7cd52380, 732;
E_0000023e7cd668b0/183 .event anyedge, v0000023e7cd52380_729, v0000023e7cd52380_730, v0000023e7cd52380_731, v0000023e7cd52380_732;
v0000023e7cd52380_733 .array/port v0000023e7cd52380, 733;
v0000023e7cd52380_734 .array/port v0000023e7cd52380, 734;
v0000023e7cd52380_735 .array/port v0000023e7cd52380, 735;
v0000023e7cd52380_736 .array/port v0000023e7cd52380, 736;
E_0000023e7cd668b0/184 .event anyedge, v0000023e7cd52380_733, v0000023e7cd52380_734, v0000023e7cd52380_735, v0000023e7cd52380_736;
v0000023e7cd52380_737 .array/port v0000023e7cd52380, 737;
v0000023e7cd52380_738 .array/port v0000023e7cd52380, 738;
v0000023e7cd52380_739 .array/port v0000023e7cd52380, 739;
v0000023e7cd52380_740 .array/port v0000023e7cd52380, 740;
E_0000023e7cd668b0/185 .event anyedge, v0000023e7cd52380_737, v0000023e7cd52380_738, v0000023e7cd52380_739, v0000023e7cd52380_740;
v0000023e7cd52380_741 .array/port v0000023e7cd52380, 741;
v0000023e7cd52380_742 .array/port v0000023e7cd52380, 742;
v0000023e7cd52380_743 .array/port v0000023e7cd52380, 743;
v0000023e7cd52380_744 .array/port v0000023e7cd52380, 744;
E_0000023e7cd668b0/186 .event anyedge, v0000023e7cd52380_741, v0000023e7cd52380_742, v0000023e7cd52380_743, v0000023e7cd52380_744;
v0000023e7cd52380_745 .array/port v0000023e7cd52380, 745;
v0000023e7cd52380_746 .array/port v0000023e7cd52380, 746;
v0000023e7cd52380_747 .array/port v0000023e7cd52380, 747;
v0000023e7cd52380_748 .array/port v0000023e7cd52380, 748;
E_0000023e7cd668b0/187 .event anyedge, v0000023e7cd52380_745, v0000023e7cd52380_746, v0000023e7cd52380_747, v0000023e7cd52380_748;
v0000023e7cd52380_749 .array/port v0000023e7cd52380, 749;
v0000023e7cd52380_750 .array/port v0000023e7cd52380, 750;
v0000023e7cd52380_751 .array/port v0000023e7cd52380, 751;
v0000023e7cd52380_752 .array/port v0000023e7cd52380, 752;
E_0000023e7cd668b0/188 .event anyedge, v0000023e7cd52380_749, v0000023e7cd52380_750, v0000023e7cd52380_751, v0000023e7cd52380_752;
v0000023e7cd52380_753 .array/port v0000023e7cd52380, 753;
v0000023e7cd52380_754 .array/port v0000023e7cd52380, 754;
v0000023e7cd52380_755 .array/port v0000023e7cd52380, 755;
v0000023e7cd52380_756 .array/port v0000023e7cd52380, 756;
E_0000023e7cd668b0/189 .event anyedge, v0000023e7cd52380_753, v0000023e7cd52380_754, v0000023e7cd52380_755, v0000023e7cd52380_756;
v0000023e7cd52380_757 .array/port v0000023e7cd52380, 757;
v0000023e7cd52380_758 .array/port v0000023e7cd52380, 758;
v0000023e7cd52380_759 .array/port v0000023e7cd52380, 759;
v0000023e7cd52380_760 .array/port v0000023e7cd52380, 760;
E_0000023e7cd668b0/190 .event anyedge, v0000023e7cd52380_757, v0000023e7cd52380_758, v0000023e7cd52380_759, v0000023e7cd52380_760;
v0000023e7cd52380_761 .array/port v0000023e7cd52380, 761;
v0000023e7cd52380_762 .array/port v0000023e7cd52380, 762;
v0000023e7cd52380_763 .array/port v0000023e7cd52380, 763;
v0000023e7cd52380_764 .array/port v0000023e7cd52380, 764;
E_0000023e7cd668b0/191 .event anyedge, v0000023e7cd52380_761, v0000023e7cd52380_762, v0000023e7cd52380_763, v0000023e7cd52380_764;
v0000023e7cd52380_765 .array/port v0000023e7cd52380, 765;
v0000023e7cd52380_766 .array/port v0000023e7cd52380, 766;
v0000023e7cd52380_767 .array/port v0000023e7cd52380, 767;
v0000023e7cd52380_768 .array/port v0000023e7cd52380, 768;
E_0000023e7cd668b0/192 .event anyedge, v0000023e7cd52380_765, v0000023e7cd52380_766, v0000023e7cd52380_767, v0000023e7cd52380_768;
v0000023e7cd52380_769 .array/port v0000023e7cd52380, 769;
v0000023e7cd52380_770 .array/port v0000023e7cd52380, 770;
v0000023e7cd52380_771 .array/port v0000023e7cd52380, 771;
v0000023e7cd52380_772 .array/port v0000023e7cd52380, 772;
E_0000023e7cd668b0/193 .event anyedge, v0000023e7cd52380_769, v0000023e7cd52380_770, v0000023e7cd52380_771, v0000023e7cd52380_772;
v0000023e7cd52380_773 .array/port v0000023e7cd52380, 773;
v0000023e7cd52380_774 .array/port v0000023e7cd52380, 774;
v0000023e7cd52380_775 .array/port v0000023e7cd52380, 775;
v0000023e7cd52380_776 .array/port v0000023e7cd52380, 776;
E_0000023e7cd668b0/194 .event anyedge, v0000023e7cd52380_773, v0000023e7cd52380_774, v0000023e7cd52380_775, v0000023e7cd52380_776;
v0000023e7cd52380_777 .array/port v0000023e7cd52380, 777;
v0000023e7cd52380_778 .array/port v0000023e7cd52380, 778;
v0000023e7cd52380_779 .array/port v0000023e7cd52380, 779;
v0000023e7cd52380_780 .array/port v0000023e7cd52380, 780;
E_0000023e7cd668b0/195 .event anyedge, v0000023e7cd52380_777, v0000023e7cd52380_778, v0000023e7cd52380_779, v0000023e7cd52380_780;
v0000023e7cd52380_781 .array/port v0000023e7cd52380, 781;
v0000023e7cd52380_782 .array/port v0000023e7cd52380, 782;
v0000023e7cd52380_783 .array/port v0000023e7cd52380, 783;
v0000023e7cd52380_784 .array/port v0000023e7cd52380, 784;
E_0000023e7cd668b0/196 .event anyedge, v0000023e7cd52380_781, v0000023e7cd52380_782, v0000023e7cd52380_783, v0000023e7cd52380_784;
v0000023e7cd52380_785 .array/port v0000023e7cd52380, 785;
v0000023e7cd52380_786 .array/port v0000023e7cd52380, 786;
v0000023e7cd52380_787 .array/port v0000023e7cd52380, 787;
v0000023e7cd52380_788 .array/port v0000023e7cd52380, 788;
E_0000023e7cd668b0/197 .event anyedge, v0000023e7cd52380_785, v0000023e7cd52380_786, v0000023e7cd52380_787, v0000023e7cd52380_788;
v0000023e7cd52380_789 .array/port v0000023e7cd52380, 789;
v0000023e7cd52380_790 .array/port v0000023e7cd52380, 790;
v0000023e7cd52380_791 .array/port v0000023e7cd52380, 791;
v0000023e7cd52380_792 .array/port v0000023e7cd52380, 792;
E_0000023e7cd668b0/198 .event anyedge, v0000023e7cd52380_789, v0000023e7cd52380_790, v0000023e7cd52380_791, v0000023e7cd52380_792;
v0000023e7cd52380_793 .array/port v0000023e7cd52380, 793;
v0000023e7cd52380_794 .array/port v0000023e7cd52380, 794;
v0000023e7cd52380_795 .array/port v0000023e7cd52380, 795;
v0000023e7cd52380_796 .array/port v0000023e7cd52380, 796;
E_0000023e7cd668b0/199 .event anyedge, v0000023e7cd52380_793, v0000023e7cd52380_794, v0000023e7cd52380_795, v0000023e7cd52380_796;
v0000023e7cd52380_797 .array/port v0000023e7cd52380, 797;
v0000023e7cd52380_798 .array/port v0000023e7cd52380, 798;
v0000023e7cd52380_799 .array/port v0000023e7cd52380, 799;
v0000023e7cd52380_800 .array/port v0000023e7cd52380, 800;
E_0000023e7cd668b0/200 .event anyedge, v0000023e7cd52380_797, v0000023e7cd52380_798, v0000023e7cd52380_799, v0000023e7cd52380_800;
v0000023e7cd52380_801 .array/port v0000023e7cd52380, 801;
v0000023e7cd52380_802 .array/port v0000023e7cd52380, 802;
v0000023e7cd52380_803 .array/port v0000023e7cd52380, 803;
v0000023e7cd52380_804 .array/port v0000023e7cd52380, 804;
E_0000023e7cd668b0/201 .event anyedge, v0000023e7cd52380_801, v0000023e7cd52380_802, v0000023e7cd52380_803, v0000023e7cd52380_804;
v0000023e7cd52380_805 .array/port v0000023e7cd52380, 805;
v0000023e7cd52380_806 .array/port v0000023e7cd52380, 806;
v0000023e7cd52380_807 .array/port v0000023e7cd52380, 807;
v0000023e7cd52380_808 .array/port v0000023e7cd52380, 808;
E_0000023e7cd668b0/202 .event anyedge, v0000023e7cd52380_805, v0000023e7cd52380_806, v0000023e7cd52380_807, v0000023e7cd52380_808;
v0000023e7cd52380_809 .array/port v0000023e7cd52380, 809;
v0000023e7cd52380_810 .array/port v0000023e7cd52380, 810;
v0000023e7cd52380_811 .array/port v0000023e7cd52380, 811;
v0000023e7cd52380_812 .array/port v0000023e7cd52380, 812;
E_0000023e7cd668b0/203 .event anyedge, v0000023e7cd52380_809, v0000023e7cd52380_810, v0000023e7cd52380_811, v0000023e7cd52380_812;
v0000023e7cd52380_813 .array/port v0000023e7cd52380, 813;
v0000023e7cd52380_814 .array/port v0000023e7cd52380, 814;
v0000023e7cd52380_815 .array/port v0000023e7cd52380, 815;
v0000023e7cd52380_816 .array/port v0000023e7cd52380, 816;
E_0000023e7cd668b0/204 .event anyedge, v0000023e7cd52380_813, v0000023e7cd52380_814, v0000023e7cd52380_815, v0000023e7cd52380_816;
v0000023e7cd52380_817 .array/port v0000023e7cd52380, 817;
v0000023e7cd52380_818 .array/port v0000023e7cd52380, 818;
v0000023e7cd52380_819 .array/port v0000023e7cd52380, 819;
v0000023e7cd52380_820 .array/port v0000023e7cd52380, 820;
E_0000023e7cd668b0/205 .event anyedge, v0000023e7cd52380_817, v0000023e7cd52380_818, v0000023e7cd52380_819, v0000023e7cd52380_820;
v0000023e7cd52380_821 .array/port v0000023e7cd52380, 821;
v0000023e7cd52380_822 .array/port v0000023e7cd52380, 822;
v0000023e7cd52380_823 .array/port v0000023e7cd52380, 823;
v0000023e7cd52380_824 .array/port v0000023e7cd52380, 824;
E_0000023e7cd668b0/206 .event anyedge, v0000023e7cd52380_821, v0000023e7cd52380_822, v0000023e7cd52380_823, v0000023e7cd52380_824;
v0000023e7cd52380_825 .array/port v0000023e7cd52380, 825;
v0000023e7cd52380_826 .array/port v0000023e7cd52380, 826;
v0000023e7cd52380_827 .array/port v0000023e7cd52380, 827;
v0000023e7cd52380_828 .array/port v0000023e7cd52380, 828;
E_0000023e7cd668b0/207 .event anyedge, v0000023e7cd52380_825, v0000023e7cd52380_826, v0000023e7cd52380_827, v0000023e7cd52380_828;
v0000023e7cd52380_829 .array/port v0000023e7cd52380, 829;
v0000023e7cd52380_830 .array/port v0000023e7cd52380, 830;
v0000023e7cd52380_831 .array/port v0000023e7cd52380, 831;
v0000023e7cd52380_832 .array/port v0000023e7cd52380, 832;
E_0000023e7cd668b0/208 .event anyedge, v0000023e7cd52380_829, v0000023e7cd52380_830, v0000023e7cd52380_831, v0000023e7cd52380_832;
v0000023e7cd52380_833 .array/port v0000023e7cd52380, 833;
v0000023e7cd52380_834 .array/port v0000023e7cd52380, 834;
v0000023e7cd52380_835 .array/port v0000023e7cd52380, 835;
v0000023e7cd52380_836 .array/port v0000023e7cd52380, 836;
E_0000023e7cd668b0/209 .event anyedge, v0000023e7cd52380_833, v0000023e7cd52380_834, v0000023e7cd52380_835, v0000023e7cd52380_836;
v0000023e7cd52380_837 .array/port v0000023e7cd52380, 837;
v0000023e7cd52380_838 .array/port v0000023e7cd52380, 838;
v0000023e7cd52380_839 .array/port v0000023e7cd52380, 839;
v0000023e7cd52380_840 .array/port v0000023e7cd52380, 840;
E_0000023e7cd668b0/210 .event anyedge, v0000023e7cd52380_837, v0000023e7cd52380_838, v0000023e7cd52380_839, v0000023e7cd52380_840;
v0000023e7cd52380_841 .array/port v0000023e7cd52380, 841;
v0000023e7cd52380_842 .array/port v0000023e7cd52380, 842;
v0000023e7cd52380_843 .array/port v0000023e7cd52380, 843;
v0000023e7cd52380_844 .array/port v0000023e7cd52380, 844;
E_0000023e7cd668b0/211 .event anyedge, v0000023e7cd52380_841, v0000023e7cd52380_842, v0000023e7cd52380_843, v0000023e7cd52380_844;
v0000023e7cd52380_845 .array/port v0000023e7cd52380, 845;
v0000023e7cd52380_846 .array/port v0000023e7cd52380, 846;
v0000023e7cd52380_847 .array/port v0000023e7cd52380, 847;
v0000023e7cd52380_848 .array/port v0000023e7cd52380, 848;
E_0000023e7cd668b0/212 .event anyedge, v0000023e7cd52380_845, v0000023e7cd52380_846, v0000023e7cd52380_847, v0000023e7cd52380_848;
v0000023e7cd52380_849 .array/port v0000023e7cd52380, 849;
v0000023e7cd52380_850 .array/port v0000023e7cd52380, 850;
v0000023e7cd52380_851 .array/port v0000023e7cd52380, 851;
v0000023e7cd52380_852 .array/port v0000023e7cd52380, 852;
E_0000023e7cd668b0/213 .event anyedge, v0000023e7cd52380_849, v0000023e7cd52380_850, v0000023e7cd52380_851, v0000023e7cd52380_852;
v0000023e7cd52380_853 .array/port v0000023e7cd52380, 853;
v0000023e7cd52380_854 .array/port v0000023e7cd52380, 854;
v0000023e7cd52380_855 .array/port v0000023e7cd52380, 855;
v0000023e7cd52380_856 .array/port v0000023e7cd52380, 856;
E_0000023e7cd668b0/214 .event anyedge, v0000023e7cd52380_853, v0000023e7cd52380_854, v0000023e7cd52380_855, v0000023e7cd52380_856;
v0000023e7cd52380_857 .array/port v0000023e7cd52380, 857;
v0000023e7cd52380_858 .array/port v0000023e7cd52380, 858;
v0000023e7cd52380_859 .array/port v0000023e7cd52380, 859;
v0000023e7cd52380_860 .array/port v0000023e7cd52380, 860;
E_0000023e7cd668b0/215 .event anyedge, v0000023e7cd52380_857, v0000023e7cd52380_858, v0000023e7cd52380_859, v0000023e7cd52380_860;
v0000023e7cd52380_861 .array/port v0000023e7cd52380, 861;
v0000023e7cd52380_862 .array/port v0000023e7cd52380, 862;
v0000023e7cd52380_863 .array/port v0000023e7cd52380, 863;
v0000023e7cd52380_864 .array/port v0000023e7cd52380, 864;
E_0000023e7cd668b0/216 .event anyedge, v0000023e7cd52380_861, v0000023e7cd52380_862, v0000023e7cd52380_863, v0000023e7cd52380_864;
v0000023e7cd52380_865 .array/port v0000023e7cd52380, 865;
v0000023e7cd52380_866 .array/port v0000023e7cd52380, 866;
v0000023e7cd52380_867 .array/port v0000023e7cd52380, 867;
v0000023e7cd52380_868 .array/port v0000023e7cd52380, 868;
E_0000023e7cd668b0/217 .event anyedge, v0000023e7cd52380_865, v0000023e7cd52380_866, v0000023e7cd52380_867, v0000023e7cd52380_868;
v0000023e7cd52380_869 .array/port v0000023e7cd52380, 869;
v0000023e7cd52380_870 .array/port v0000023e7cd52380, 870;
v0000023e7cd52380_871 .array/port v0000023e7cd52380, 871;
v0000023e7cd52380_872 .array/port v0000023e7cd52380, 872;
E_0000023e7cd668b0/218 .event anyedge, v0000023e7cd52380_869, v0000023e7cd52380_870, v0000023e7cd52380_871, v0000023e7cd52380_872;
v0000023e7cd52380_873 .array/port v0000023e7cd52380, 873;
v0000023e7cd52380_874 .array/port v0000023e7cd52380, 874;
v0000023e7cd52380_875 .array/port v0000023e7cd52380, 875;
v0000023e7cd52380_876 .array/port v0000023e7cd52380, 876;
E_0000023e7cd668b0/219 .event anyedge, v0000023e7cd52380_873, v0000023e7cd52380_874, v0000023e7cd52380_875, v0000023e7cd52380_876;
v0000023e7cd52380_877 .array/port v0000023e7cd52380, 877;
v0000023e7cd52380_878 .array/port v0000023e7cd52380, 878;
v0000023e7cd52380_879 .array/port v0000023e7cd52380, 879;
v0000023e7cd52380_880 .array/port v0000023e7cd52380, 880;
E_0000023e7cd668b0/220 .event anyedge, v0000023e7cd52380_877, v0000023e7cd52380_878, v0000023e7cd52380_879, v0000023e7cd52380_880;
v0000023e7cd52380_881 .array/port v0000023e7cd52380, 881;
v0000023e7cd52380_882 .array/port v0000023e7cd52380, 882;
v0000023e7cd52380_883 .array/port v0000023e7cd52380, 883;
v0000023e7cd52380_884 .array/port v0000023e7cd52380, 884;
E_0000023e7cd668b0/221 .event anyedge, v0000023e7cd52380_881, v0000023e7cd52380_882, v0000023e7cd52380_883, v0000023e7cd52380_884;
v0000023e7cd52380_885 .array/port v0000023e7cd52380, 885;
v0000023e7cd52380_886 .array/port v0000023e7cd52380, 886;
v0000023e7cd52380_887 .array/port v0000023e7cd52380, 887;
v0000023e7cd52380_888 .array/port v0000023e7cd52380, 888;
E_0000023e7cd668b0/222 .event anyedge, v0000023e7cd52380_885, v0000023e7cd52380_886, v0000023e7cd52380_887, v0000023e7cd52380_888;
v0000023e7cd52380_889 .array/port v0000023e7cd52380, 889;
v0000023e7cd52380_890 .array/port v0000023e7cd52380, 890;
v0000023e7cd52380_891 .array/port v0000023e7cd52380, 891;
v0000023e7cd52380_892 .array/port v0000023e7cd52380, 892;
E_0000023e7cd668b0/223 .event anyedge, v0000023e7cd52380_889, v0000023e7cd52380_890, v0000023e7cd52380_891, v0000023e7cd52380_892;
v0000023e7cd52380_893 .array/port v0000023e7cd52380, 893;
v0000023e7cd52380_894 .array/port v0000023e7cd52380, 894;
v0000023e7cd52380_895 .array/port v0000023e7cd52380, 895;
v0000023e7cd52380_896 .array/port v0000023e7cd52380, 896;
E_0000023e7cd668b0/224 .event anyedge, v0000023e7cd52380_893, v0000023e7cd52380_894, v0000023e7cd52380_895, v0000023e7cd52380_896;
v0000023e7cd52380_897 .array/port v0000023e7cd52380, 897;
v0000023e7cd52380_898 .array/port v0000023e7cd52380, 898;
v0000023e7cd52380_899 .array/port v0000023e7cd52380, 899;
v0000023e7cd52380_900 .array/port v0000023e7cd52380, 900;
E_0000023e7cd668b0/225 .event anyedge, v0000023e7cd52380_897, v0000023e7cd52380_898, v0000023e7cd52380_899, v0000023e7cd52380_900;
v0000023e7cd52380_901 .array/port v0000023e7cd52380, 901;
v0000023e7cd52380_902 .array/port v0000023e7cd52380, 902;
v0000023e7cd52380_903 .array/port v0000023e7cd52380, 903;
v0000023e7cd52380_904 .array/port v0000023e7cd52380, 904;
E_0000023e7cd668b0/226 .event anyedge, v0000023e7cd52380_901, v0000023e7cd52380_902, v0000023e7cd52380_903, v0000023e7cd52380_904;
v0000023e7cd52380_905 .array/port v0000023e7cd52380, 905;
v0000023e7cd52380_906 .array/port v0000023e7cd52380, 906;
v0000023e7cd52380_907 .array/port v0000023e7cd52380, 907;
v0000023e7cd52380_908 .array/port v0000023e7cd52380, 908;
E_0000023e7cd668b0/227 .event anyedge, v0000023e7cd52380_905, v0000023e7cd52380_906, v0000023e7cd52380_907, v0000023e7cd52380_908;
v0000023e7cd52380_909 .array/port v0000023e7cd52380, 909;
v0000023e7cd52380_910 .array/port v0000023e7cd52380, 910;
v0000023e7cd52380_911 .array/port v0000023e7cd52380, 911;
v0000023e7cd52380_912 .array/port v0000023e7cd52380, 912;
E_0000023e7cd668b0/228 .event anyedge, v0000023e7cd52380_909, v0000023e7cd52380_910, v0000023e7cd52380_911, v0000023e7cd52380_912;
v0000023e7cd52380_913 .array/port v0000023e7cd52380, 913;
v0000023e7cd52380_914 .array/port v0000023e7cd52380, 914;
v0000023e7cd52380_915 .array/port v0000023e7cd52380, 915;
v0000023e7cd52380_916 .array/port v0000023e7cd52380, 916;
E_0000023e7cd668b0/229 .event anyedge, v0000023e7cd52380_913, v0000023e7cd52380_914, v0000023e7cd52380_915, v0000023e7cd52380_916;
v0000023e7cd52380_917 .array/port v0000023e7cd52380, 917;
v0000023e7cd52380_918 .array/port v0000023e7cd52380, 918;
v0000023e7cd52380_919 .array/port v0000023e7cd52380, 919;
v0000023e7cd52380_920 .array/port v0000023e7cd52380, 920;
E_0000023e7cd668b0/230 .event anyedge, v0000023e7cd52380_917, v0000023e7cd52380_918, v0000023e7cd52380_919, v0000023e7cd52380_920;
v0000023e7cd52380_921 .array/port v0000023e7cd52380, 921;
v0000023e7cd52380_922 .array/port v0000023e7cd52380, 922;
v0000023e7cd52380_923 .array/port v0000023e7cd52380, 923;
v0000023e7cd52380_924 .array/port v0000023e7cd52380, 924;
E_0000023e7cd668b0/231 .event anyedge, v0000023e7cd52380_921, v0000023e7cd52380_922, v0000023e7cd52380_923, v0000023e7cd52380_924;
v0000023e7cd52380_925 .array/port v0000023e7cd52380, 925;
v0000023e7cd52380_926 .array/port v0000023e7cd52380, 926;
v0000023e7cd52380_927 .array/port v0000023e7cd52380, 927;
v0000023e7cd52380_928 .array/port v0000023e7cd52380, 928;
E_0000023e7cd668b0/232 .event anyedge, v0000023e7cd52380_925, v0000023e7cd52380_926, v0000023e7cd52380_927, v0000023e7cd52380_928;
v0000023e7cd52380_929 .array/port v0000023e7cd52380, 929;
v0000023e7cd52380_930 .array/port v0000023e7cd52380, 930;
v0000023e7cd52380_931 .array/port v0000023e7cd52380, 931;
v0000023e7cd52380_932 .array/port v0000023e7cd52380, 932;
E_0000023e7cd668b0/233 .event anyedge, v0000023e7cd52380_929, v0000023e7cd52380_930, v0000023e7cd52380_931, v0000023e7cd52380_932;
v0000023e7cd52380_933 .array/port v0000023e7cd52380, 933;
v0000023e7cd52380_934 .array/port v0000023e7cd52380, 934;
v0000023e7cd52380_935 .array/port v0000023e7cd52380, 935;
v0000023e7cd52380_936 .array/port v0000023e7cd52380, 936;
E_0000023e7cd668b0/234 .event anyedge, v0000023e7cd52380_933, v0000023e7cd52380_934, v0000023e7cd52380_935, v0000023e7cd52380_936;
v0000023e7cd52380_937 .array/port v0000023e7cd52380, 937;
v0000023e7cd52380_938 .array/port v0000023e7cd52380, 938;
v0000023e7cd52380_939 .array/port v0000023e7cd52380, 939;
v0000023e7cd52380_940 .array/port v0000023e7cd52380, 940;
E_0000023e7cd668b0/235 .event anyedge, v0000023e7cd52380_937, v0000023e7cd52380_938, v0000023e7cd52380_939, v0000023e7cd52380_940;
v0000023e7cd52380_941 .array/port v0000023e7cd52380, 941;
v0000023e7cd52380_942 .array/port v0000023e7cd52380, 942;
v0000023e7cd52380_943 .array/port v0000023e7cd52380, 943;
v0000023e7cd52380_944 .array/port v0000023e7cd52380, 944;
E_0000023e7cd668b0/236 .event anyedge, v0000023e7cd52380_941, v0000023e7cd52380_942, v0000023e7cd52380_943, v0000023e7cd52380_944;
v0000023e7cd52380_945 .array/port v0000023e7cd52380, 945;
v0000023e7cd52380_946 .array/port v0000023e7cd52380, 946;
v0000023e7cd52380_947 .array/port v0000023e7cd52380, 947;
v0000023e7cd52380_948 .array/port v0000023e7cd52380, 948;
E_0000023e7cd668b0/237 .event anyedge, v0000023e7cd52380_945, v0000023e7cd52380_946, v0000023e7cd52380_947, v0000023e7cd52380_948;
v0000023e7cd52380_949 .array/port v0000023e7cd52380, 949;
v0000023e7cd52380_950 .array/port v0000023e7cd52380, 950;
v0000023e7cd52380_951 .array/port v0000023e7cd52380, 951;
v0000023e7cd52380_952 .array/port v0000023e7cd52380, 952;
E_0000023e7cd668b0/238 .event anyedge, v0000023e7cd52380_949, v0000023e7cd52380_950, v0000023e7cd52380_951, v0000023e7cd52380_952;
v0000023e7cd52380_953 .array/port v0000023e7cd52380, 953;
v0000023e7cd52380_954 .array/port v0000023e7cd52380, 954;
v0000023e7cd52380_955 .array/port v0000023e7cd52380, 955;
v0000023e7cd52380_956 .array/port v0000023e7cd52380, 956;
E_0000023e7cd668b0/239 .event anyedge, v0000023e7cd52380_953, v0000023e7cd52380_954, v0000023e7cd52380_955, v0000023e7cd52380_956;
v0000023e7cd52380_957 .array/port v0000023e7cd52380, 957;
v0000023e7cd52380_958 .array/port v0000023e7cd52380, 958;
v0000023e7cd52380_959 .array/port v0000023e7cd52380, 959;
v0000023e7cd52380_960 .array/port v0000023e7cd52380, 960;
E_0000023e7cd668b0/240 .event anyedge, v0000023e7cd52380_957, v0000023e7cd52380_958, v0000023e7cd52380_959, v0000023e7cd52380_960;
v0000023e7cd52380_961 .array/port v0000023e7cd52380, 961;
v0000023e7cd52380_962 .array/port v0000023e7cd52380, 962;
v0000023e7cd52380_963 .array/port v0000023e7cd52380, 963;
v0000023e7cd52380_964 .array/port v0000023e7cd52380, 964;
E_0000023e7cd668b0/241 .event anyedge, v0000023e7cd52380_961, v0000023e7cd52380_962, v0000023e7cd52380_963, v0000023e7cd52380_964;
v0000023e7cd52380_965 .array/port v0000023e7cd52380, 965;
v0000023e7cd52380_966 .array/port v0000023e7cd52380, 966;
v0000023e7cd52380_967 .array/port v0000023e7cd52380, 967;
v0000023e7cd52380_968 .array/port v0000023e7cd52380, 968;
E_0000023e7cd668b0/242 .event anyedge, v0000023e7cd52380_965, v0000023e7cd52380_966, v0000023e7cd52380_967, v0000023e7cd52380_968;
v0000023e7cd52380_969 .array/port v0000023e7cd52380, 969;
v0000023e7cd52380_970 .array/port v0000023e7cd52380, 970;
v0000023e7cd52380_971 .array/port v0000023e7cd52380, 971;
v0000023e7cd52380_972 .array/port v0000023e7cd52380, 972;
E_0000023e7cd668b0/243 .event anyedge, v0000023e7cd52380_969, v0000023e7cd52380_970, v0000023e7cd52380_971, v0000023e7cd52380_972;
v0000023e7cd52380_973 .array/port v0000023e7cd52380, 973;
v0000023e7cd52380_974 .array/port v0000023e7cd52380, 974;
v0000023e7cd52380_975 .array/port v0000023e7cd52380, 975;
v0000023e7cd52380_976 .array/port v0000023e7cd52380, 976;
E_0000023e7cd668b0/244 .event anyedge, v0000023e7cd52380_973, v0000023e7cd52380_974, v0000023e7cd52380_975, v0000023e7cd52380_976;
v0000023e7cd52380_977 .array/port v0000023e7cd52380, 977;
v0000023e7cd52380_978 .array/port v0000023e7cd52380, 978;
v0000023e7cd52380_979 .array/port v0000023e7cd52380, 979;
v0000023e7cd52380_980 .array/port v0000023e7cd52380, 980;
E_0000023e7cd668b0/245 .event anyedge, v0000023e7cd52380_977, v0000023e7cd52380_978, v0000023e7cd52380_979, v0000023e7cd52380_980;
v0000023e7cd52380_981 .array/port v0000023e7cd52380, 981;
v0000023e7cd52380_982 .array/port v0000023e7cd52380, 982;
v0000023e7cd52380_983 .array/port v0000023e7cd52380, 983;
v0000023e7cd52380_984 .array/port v0000023e7cd52380, 984;
E_0000023e7cd668b0/246 .event anyedge, v0000023e7cd52380_981, v0000023e7cd52380_982, v0000023e7cd52380_983, v0000023e7cd52380_984;
v0000023e7cd52380_985 .array/port v0000023e7cd52380, 985;
v0000023e7cd52380_986 .array/port v0000023e7cd52380, 986;
v0000023e7cd52380_987 .array/port v0000023e7cd52380, 987;
v0000023e7cd52380_988 .array/port v0000023e7cd52380, 988;
E_0000023e7cd668b0/247 .event anyedge, v0000023e7cd52380_985, v0000023e7cd52380_986, v0000023e7cd52380_987, v0000023e7cd52380_988;
v0000023e7cd52380_989 .array/port v0000023e7cd52380, 989;
v0000023e7cd52380_990 .array/port v0000023e7cd52380, 990;
v0000023e7cd52380_991 .array/port v0000023e7cd52380, 991;
v0000023e7cd52380_992 .array/port v0000023e7cd52380, 992;
E_0000023e7cd668b0/248 .event anyedge, v0000023e7cd52380_989, v0000023e7cd52380_990, v0000023e7cd52380_991, v0000023e7cd52380_992;
v0000023e7cd52380_993 .array/port v0000023e7cd52380, 993;
v0000023e7cd52380_994 .array/port v0000023e7cd52380, 994;
v0000023e7cd52380_995 .array/port v0000023e7cd52380, 995;
v0000023e7cd52380_996 .array/port v0000023e7cd52380, 996;
E_0000023e7cd668b0/249 .event anyedge, v0000023e7cd52380_993, v0000023e7cd52380_994, v0000023e7cd52380_995, v0000023e7cd52380_996;
v0000023e7cd52380_997 .array/port v0000023e7cd52380, 997;
v0000023e7cd52380_998 .array/port v0000023e7cd52380, 998;
v0000023e7cd52380_999 .array/port v0000023e7cd52380, 999;
v0000023e7cd52380_1000 .array/port v0000023e7cd52380, 1000;
E_0000023e7cd668b0/250 .event anyedge, v0000023e7cd52380_997, v0000023e7cd52380_998, v0000023e7cd52380_999, v0000023e7cd52380_1000;
v0000023e7cd52380_1001 .array/port v0000023e7cd52380, 1001;
v0000023e7cd52380_1002 .array/port v0000023e7cd52380, 1002;
v0000023e7cd52380_1003 .array/port v0000023e7cd52380, 1003;
v0000023e7cd52380_1004 .array/port v0000023e7cd52380, 1004;
E_0000023e7cd668b0/251 .event anyedge, v0000023e7cd52380_1001, v0000023e7cd52380_1002, v0000023e7cd52380_1003, v0000023e7cd52380_1004;
v0000023e7cd52380_1005 .array/port v0000023e7cd52380, 1005;
v0000023e7cd52380_1006 .array/port v0000023e7cd52380, 1006;
v0000023e7cd52380_1007 .array/port v0000023e7cd52380, 1007;
v0000023e7cd52380_1008 .array/port v0000023e7cd52380, 1008;
E_0000023e7cd668b0/252 .event anyedge, v0000023e7cd52380_1005, v0000023e7cd52380_1006, v0000023e7cd52380_1007, v0000023e7cd52380_1008;
v0000023e7cd52380_1009 .array/port v0000023e7cd52380, 1009;
v0000023e7cd52380_1010 .array/port v0000023e7cd52380, 1010;
v0000023e7cd52380_1011 .array/port v0000023e7cd52380, 1011;
v0000023e7cd52380_1012 .array/port v0000023e7cd52380, 1012;
E_0000023e7cd668b0/253 .event anyedge, v0000023e7cd52380_1009, v0000023e7cd52380_1010, v0000023e7cd52380_1011, v0000023e7cd52380_1012;
v0000023e7cd52380_1013 .array/port v0000023e7cd52380, 1013;
v0000023e7cd52380_1014 .array/port v0000023e7cd52380, 1014;
v0000023e7cd52380_1015 .array/port v0000023e7cd52380, 1015;
v0000023e7cd52380_1016 .array/port v0000023e7cd52380, 1016;
E_0000023e7cd668b0/254 .event anyedge, v0000023e7cd52380_1013, v0000023e7cd52380_1014, v0000023e7cd52380_1015, v0000023e7cd52380_1016;
v0000023e7cd52380_1017 .array/port v0000023e7cd52380, 1017;
v0000023e7cd52380_1018 .array/port v0000023e7cd52380, 1018;
v0000023e7cd52380_1019 .array/port v0000023e7cd52380, 1019;
v0000023e7cd52380_1020 .array/port v0000023e7cd52380, 1020;
E_0000023e7cd668b0/255 .event anyedge, v0000023e7cd52380_1017, v0000023e7cd52380_1018, v0000023e7cd52380_1019, v0000023e7cd52380_1020;
v0000023e7cd52380_1021 .array/port v0000023e7cd52380, 1021;
v0000023e7cd52380_1022 .array/port v0000023e7cd52380, 1022;
v0000023e7cd52380_1023 .array/port v0000023e7cd52380, 1023;
E_0000023e7cd668b0/256 .event anyedge, v0000023e7cd52380_1021, v0000023e7cd52380_1022, v0000023e7cd52380_1023;
E_0000023e7cd668b0 .event/or E_0000023e7cd668b0/0, E_0000023e7cd668b0/1, E_0000023e7cd668b0/2, E_0000023e7cd668b0/3, E_0000023e7cd668b0/4, E_0000023e7cd668b0/5, E_0000023e7cd668b0/6, E_0000023e7cd668b0/7, E_0000023e7cd668b0/8, E_0000023e7cd668b0/9, E_0000023e7cd668b0/10, E_0000023e7cd668b0/11, E_0000023e7cd668b0/12, E_0000023e7cd668b0/13, E_0000023e7cd668b0/14, E_0000023e7cd668b0/15, E_0000023e7cd668b0/16, E_0000023e7cd668b0/17, E_0000023e7cd668b0/18, E_0000023e7cd668b0/19, E_0000023e7cd668b0/20, E_0000023e7cd668b0/21, E_0000023e7cd668b0/22, E_0000023e7cd668b0/23, E_0000023e7cd668b0/24, E_0000023e7cd668b0/25, E_0000023e7cd668b0/26, E_0000023e7cd668b0/27, E_0000023e7cd668b0/28, E_0000023e7cd668b0/29, E_0000023e7cd668b0/30, E_0000023e7cd668b0/31, E_0000023e7cd668b0/32, E_0000023e7cd668b0/33, E_0000023e7cd668b0/34, E_0000023e7cd668b0/35, E_0000023e7cd668b0/36, E_0000023e7cd668b0/37, E_0000023e7cd668b0/38, E_0000023e7cd668b0/39, E_0000023e7cd668b0/40, E_0000023e7cd668b0/41, E_0000023e7cd668b0/42, E_0000023e7cd668b0/43, E_0000023e7cd668b0/44, E_0000023e7cd668b0/45, E_0000023e7cd668b0/46, E_0000023e7cd668b0/47, E_0000023e7cd668b0/48, E_0000023e7cd668b0/49, E_0000023e7cd668b0/50, E_0000023e7cd668b0/51, E_0000023e7cd668b0/52, E_0000023e7cd668b0/53, E_0000023e7cd668b0/54, E_0000023e7cd668b0/55, E_0000023e7cd668b0/56, E_0000023e7cd668b0/57, E_0000023e7cd668b0/58, E_0000023e7cd668b0/59, E_0000023e7cd668b0/60, E_0000023e7cd668b0/61, E_0000023e7cd668b0/62, E_0000023e7cd668b0/63, E_0000023e7cd668b0/64, E_0000023e7cd668b0/65, E_0000023e7cd668b0/66, E_0000023e7cd668b0/67, E_0000023e7cd668b0/68, E_0000023e7cd668b0/69, E_0000023e7cd668b0/70, E_0000023e7cd668b0/71, E_0000023e7cd668b0/72, E_0000023e7cd668b0/73, E_0000023e7cd668b0/74, E_0000023e7cd668b0/75, E_0000023e7cd668b0/76, E_0000023e7cd668b0/77, E_0000023e7cd668b0/78, E_0000023e7cd668b0/79, E_0000023e7cd668b0/80, E_0000023e7cd668b0/81, E_0000023e7cd668b0/82, E_0000023e7cd668b0/83, E_0000023e7cd668b0/84, E_0000023e7cd668b0/85, E_0000023e7cd668b0/86, E_0000023e7cd668b0/87, E_0000023e7cd668b0/88, E_0000023e7cd668b0/89, E_0000023e7cd668b0/90, E_0000023e7cd668b0/91, E_0000023e7cd668b0/92, E_0000023e7cd668b0/93, E_0000023e7cd668b0/94, E_0000023e7cd668b0/95, E_0000023e7cd668b0/96, E_0000023e7cd668b0/97, E_0000023e7cd668b0/98, E_0000023e7cd668b0/99, E_0000023e7cd668b0/100, E_0000023e7cd668b0/101, E_0000023e7cd668b0/102, E_0000023e7cd668b0/103, E_0000023e7cd668b0/104, E_0000023e7cd668b0/105, E_0000023e7cd668b0/106, E_0000023e7cd668b0/107, E_0000023e7cd668b0/108, E_0000023e7cd668b0/109, E_0000023e7cd668b0/110, E_0000023e7cd668b0/111, E_0000023e7cd668b0/112, E_0000023e7cd668b0/113, E_0000023e7cd668b0/114, E_0000023e7cd668b0/115, E_0000023e7cd668b0/116, E_0000023e7cd668b0/117, E_0000023e7cd668b0/118, E_0000023e7cd668b0/119, E_0000023e7cd668b0/120, E_0000023e7cd668b0/121, E_0000023e7cd668b0/122, E_0000023e7cd668b0/123, E_0000023e7cd668b0/124, E_0000023e7cd668b0/125, E_0000023e7cd668b0/126, E_0000023e7cd668b0/127, E_0000023e7cd668b0/128, E_0000023e7cd668b0/129, E_0000023e7cd668b0/130, E_0000023e7cd668b0/131, E_0000023e7cd668b0/132, E_0000023e7cd668b0/133, E_0000023e7cd668b0/134, E_0000023e7cd668b0/135, E_0000023e7cd668b0/136, E_0000023e7cd668b0/137, E_0000023e7cd668b0/138, E_0000023e7cd668b0/139, E_0000023e7cd668b0/140, E_0000023e7cd668b0/141, E_0000023e7cd668b0/142, E_0000023e7cd668b0/143, E_0000023e7cd668b0/144, E_0000023e7cd668b0/145, E_0000023e7cd668b0/146, E_0000023e7cd668b0/147, E_0000023e7cd668b0/148, E_0000023e7cd668b0/149, E_0000023e7cd668b0/150, E_0000023e7cd668b0/151, E_0000023e7cd668b0/152, E_0000023e7cd668b0/153, E_0000023e7cd668b0/154, E_0000023e7cd668b0/155, E_0000023e7cd668b0/156, E_0000023e7cd668b0/157, E_0000023e7cd668b0/158, E_0000023e7cd668b0/159, E_0000023e7cd668b0/160, E_0000023e7cd668b0/161, E_0000023e7cd668b0/162, E_0000023e7cd668b0/163, E_0000023e7cd668b0/164, E_0000023e7cd668b0/165, E_0000023e7cd668b0/166, E_0000023e7cd668b0/167, E_0000023e7cd668b0/168, E_0000023e7cd668b0/169, E_0000023e7cd668b0/170, E_0000023e7cd668b0/171, E_0000023e7cd668b0/172, E_0000023e7cd668b0/173, E_0000023e7cd668b0/174, E_0000023e7cd668b0/175, E_0000023e7cd668b0/176, E_0000023e7cd668b0/177, E_0000023e7cd668b0/178, E_0000023e7cd668b0/179, E_0000023e7cd668b0/180, E_0000023e7cd668b0/181, E_0000023e7cd668b0/182, E_0000023e7cd668b0/183, E_0000023e7cd668b0/184, E_0000023e7cd668b0/185, E_0000023e7cd668b0/186, E_0000023e7cd668b0/187, E_0000023e7cd668b0/188, E_0000023e7cd668b0/189, E_0000023e7cd668b0/190, E_0000023e7cd668b0/191, E_0000023e7cd668b0/192, E_0000023e7cd668b0/193, E_0000023e7cd668b0/194, E_0000023e7cd668b0/195, E_0000023e7cd668b0/196, E_0000023e7cd668b0/197, E_0000023e7cd668b0/198, E_0000023e7cd668b0/199, E_0000023e7cd668b0/200, E_0000023e7cd668b0/201, E_0000023e7cd668b0/202, E_0000023e7cd668b0/203, E_0000023e7cd668b0/204, E_0000023e7cd668b0/205, E_0000023e7cd668b0/206, E_0000023e7cd668b0/207, E_0000023e7cd668b0/208, E_0000023e7cd668b0/209, E_0000023e7cd668b0/210, E_0000023e7cd668b0/211, E_0000023e7cd668b0/212, E_0000023e7cd668b0/213, E_0000023e7cd668b0/214, E_0000023e7cd668b0/215, E_0000023e7cd668b0/216, E_0000023e7cd668b0/217, E_0000023e7cd668b0/218, E_0000023e7cd668b0/219, E_0000023e7cd668b0/220, E_0000023e7cd668b0/221, E_0000023e7cd668b0/222, E_0000023e7cd668b0/223, E_0000023e7cd668b0/224, E_0000023e7cd668b0/225, E_0000023e7cd668b0/226, E_0000023e7cd668b0/227, E_0000023e7cd668b0/228, E_0000023e7cd668b0/229, E_0000023e7cd668b0/230, E_0000023e7cd668b0/231, E_0000023e7cd668b0/232, E_0000023e7cd668b0/233, E_0000023e7cd668b0/234, E_0000023e7cd668b0/235, E_0000023e7cd668b0/236, E_0000023e7cd668b0/237, E_0000023e7cd668b0/238, E_0000023e7cd668b0/239, E_0000023e7cd668b0/240, E_0000023e7cd668b0/241, E_0000023e7cd668b0/242, E_0000023e7cd668b0/243, E_0000023e7cd668b0/244, E_0000023e7cd668b0/245, E_0000023e7cd668b0/246, E_0000023e7cd668b0/247, E_0000023e7cd668b0/248, E_0000023e7cd668b0/249, E_0000023e7cd668b0/250, E_0000023e7cd668b0/251, E_0000023e7cd668b0/252, E_0000023e7cd668b0/253, E_0000023e7cd668b0/254, E_0000023e7cd668b0/255, E_0000023e7cd668b0/256;
E_0000023e7cd66330 .event posedge, v0000023e7cd51840_0;
S_0000023e7ccfc230 .scope module, "u_immediate_generator" "immediate_generator" 3 134, 7 27 0, S_0000023e7cd28f90;
 .timescale -9 -12;
    .port_info 0 /INPUT 32 "instruction";
    .port_info 1 /OUTPUT 32 "immediate";
P_0000023e7cd66370 .param/l "DATA_WIDTH" 0 7 28, +C4<00000000000000000000000000100000>;
v0000023e7ccf2310_0 .var "immediate", 31 0;
v0000023e7ceb6990_0 .net "instruction", 31 0, v0000023e7ceba020_0;  alias, 1 drivers
v0000023e7ceb5f90_0 .net "opcode", 6 0, L_0000023e7cebd2f0;  1 drivers
E_0000023e7cd667f0 .event anyedge, v0000023e7ceb5f90_0, v0000023e7ceb6990_0;
L_0000023e7cebd2f0 .part v0000023e7ceba020_0, 0, 7;
S_0000023e7ccfc3c0 .scope module, "u_next_pc" "next_pc" 3 452, 8 21 0, S_0000023e7cd28f90;
 .timescale -9 -12;
    .port_info 0 /INPUT 32 "pc";
    .port_info 1 /INPUT 32 "branch_target";
    .port_info 2 /INPUT 32 "jal_target";
    .port_info 3 /INPUT 32 "jalr_target";
    .port_info 4 /INPUT 1 "branch_taken";
    .port_info 5 /INPUT 2 "pc_src";
    .port_info 6 /OUTPUT 32 "next_pc";
P_0000023e7cd664f0 .param/l "DATA_WIDTH" 0 8 22, +C4<00000000000000000000000000100000>;
v0000023e7ceb5130_0 .net "branch_taken", 0 0, L_0000023e7ce1efe0;  alias, 1 drivers
v0000023e7ceb6030_0 .net "branch_target", 31 0, L_0000023e7cebd390;  alias, 1 drivers
v0000023e7ceb6a30_0 .net "jal_target", 31 0, L_0000023e7cebc850;  alias, 1 drivers
v0000023e7ceb5090_0 .net "jalr_target", 31 0, L_0000023e7ce1e2c0;  alias, 1 drivers
v0000023e7ceb60d0_0 .var "next_pc", 31 0;
v0000023e7ceb5950_0 .net "pc", 31 0, v0000023e7cebc490_0;  alias, 1 drivers
v0000023e7ceb6ad0_0 .net "pc_src", 1 0, v0000023e7ceb8400_0;  1 drivers
E_0000023e7cd665f0/0 .event anyedge, v0000023e7ceb6ad0_0, v0000023e7ceb5950_0, v0000023e7ceb5130_0, v0000023e7ceb6030_0;
E_0000023e7cd665f0/1 .event anyedge, v0000023e7ceb6a30_0, v0000023e7ceb5090_0;
E_0000023e7cd665f0 .event/or E_0000023e7cd665f0/0, E_0000023e7cd665f0/1;
S_0000023e7cd24220 .scope module, "u_register_file" "register_file" 3 107, 9 17 0, S_0000023e7cd28f90;
 .timescale -9 -12;
    .port_info 0 /INPUT 1 "clk";
    .port_info 1 /INPUT 1 "rst";
    .port_info 2 /INPUT 1 "reg_write";
    .port_info 3 /INPUT 5 "rs1_addr";
    .port_info 4 /INPUT 5 "rs2_addr";
    .port_info 5 /OUTPUT 32 "rs1_data";
    .port_info 6 /OUTPUT 32 "rs2_data";
    .port_info 7 /INPUT 5 "rd_addr";
    .port_info 8 /INPUT 32 "rd_data";
P_0000023e7cd243b0 .param/l "ADDR_WIDTH" 0 9 20, +C4<00000000000000000000000000000101>;
P_0000023e7cd243e8 .param/l "DATA_WIDTH" 0 9 18, +C4<00000000000000000000000000100000>;
P_0000023e7cd24420 .param/l "REG_COUNT" 0 9 19, +C4<00000000000000000000000000100000>;
P_0000023e7cd24458 .param/l "ZERO_REG" 1 9 41, C4<00000>;
L_0000023e7cebdf58 .functor BUFT 1, C4<00000>, C4<0>, C4<0>, C4<0>;
v0000023e7ceb51d0_0 .net/2u *"_ivl_0", 4 0, L_0000023e7cebdf58;  1 drivers
L_0000023e7cebdfe8 .functor BUFT 1, C4<00>, C4<0>, C4<0>, C4<0>;
v0000023e7ceb68f0_0 .net *"_ivl_11", 1 0, L_0000023e7cebdfe8;  1 drivers
L_0000023e7cebe030 .functor BUFT 1, C4<00000>, C4<0>, C4<0>, C4<0>;
v0000023e7ceb59f0_0 .net/2u *"_ivl_14", 4 0, L_0000023e7cebe030;  1 drivers
v0000023e7ceb5590_0 .net *"_ivl_16", 0 0, L_0000023e7cebd7f0;  1 drivers
L_0000023e7cebe078 .functor BUFT 1, C4<00000000000000000000000000000000>, C4<0>, C4<0>, C4<0>;
v0000023e7ceb5630_0 .net/2u *"_ivl_18", 31 0, L_0000023e7cebe078;  1 drivers
v0000023e7ceb67b0_0 .net *"_ivl_2", 0 0, L_0000023e7cebc990;  1 drivers
v0000023e7ceb5770_0 .net *"_ivl_20", 31 0, L_0000023e7cebd750;  1 drivers
v0000023e7ceb5270_0 .net *"_ivl_22", 6 0, L_0000023e7cebbf90;  1 drivers
L_0000023e7cebe0c0 .functor BUFT 1, C4<00>, C4<0>, C4<0>, C4<0>;
v0000023e7ceb4f50_0 .net *"_ivl_25", 1 0, L_0000023e7cebe0c0;  1 drivers
L_0000023e7cebdfa0 .functor BUFT 1, C4<00000000000000000000000000000000>, C4<0>, C4<0>, C4<0>;
v0000023e7ceb6350_0 .net/2u *"_ivl_4", 31 0, L_0000023e7cebdfa0;  1 drivers
v0000023e7ceb5310_0 .net *"_ivl_6", 31 0, L_0000023e7cebc170;  1 drivers
v0000023e7ceb63f0_0 .net *"_ivl_8", 6 0, L_0000023e7cebd610;  1 drivers
v0000023e7ceb53b0_0 .net "clk", 0 0, v0000023e7cebbe20_0;  alias, 1 drivers
v0000023e7ceb6c10_0 .var/i "i", 31 0;
v0000023e7ceb65d0_0 .net "rd_addr", 4 0, L_0000023e7cebda70;  alias, 1 drivers
v0000023e7ceb6170_0 .net "rd_data", 31 0, v0000023e7ceb6490_0;  alias, 1 drivers
v0000023e7ceb6210_0 .net "reg_write", 0 0, v0000023e7ceba980_0;  alias, 1 drivers
v0000023e7ceb6cb0 .array "registers", 31 0, 31 0;
v0000023e7ceb5ef0_0 .net "rs1_addr", 4 0, L_0000023e7cebccb0;  alias, 1 drivers
v0000023e7ceb5450_0 .net "rs1_data", 31 0, L_0000023e7cebc2b0;  alias, 1 drivers
v0000023e7ceb5810_0 .net "rs2_addr", 4 0, L_0000023e7cebd570;  alias, 1 drivers
v0000023e7ceb6670_0 .net "rs2_data", 31 0, L_0000023e7cebc7b0;  alias, 1 drivers
v0000023e7ceb54f0_0 .net "rst", 0 0, v0000023e7cebc210_0;  alias, 1 drivers
L_0000023e7cebc990 .cmp/eq 5, L_0000023e7cebccb0, L_0000023e7cebdf58;
L_0000023e7cebc170 .array/port v0000023e7ceb6cb0, L_0000023e7cebd610;
L_0000023e7cebd610 .concat [ 5 2 0 0], L_0000023e7cebccb0, L_0000023e7cebdfe8;
L_0000023e7cebc2b0 .functor MUXZ 32, L_0000023e7cebc170, L_0000023e7cebdfa0, L_0000023e7cebc990, C4<>;
L_0000023e7cebd7f0 .cmp/eq 5, L_0000023e7cebd570, L_0000023e7cebe030;
L_0000023e7cebd750 .array/port v0000023e7ceb6cb0, L_0000023e7cebbf90;
L_0000023e7cebbf90 .concat [ 5 2 0 0], L_0000023e7cebd570, L_0000023e7cebe0c0;
L_0000023e7cebc7b0 .functor MUXZ 32, L_0000023e7cebd750, L_0000023e7cebe078, L_0000023e7cebd7f0, C4<>;
S_0000023e7cd00ab0 .scope module, "u_write_back" "write_back" 3 520, 10 20 0, S_0000023e7cd28f90;
 .timescale -9 -12;
    .port_info 0 /INPUT 32 "alu_result";
    .port_info 1 /INPUT 32 "memory_data";
    .port_info 2 /INPUT 32 "pc_plus_4";
    .port_info 3 /INPUT 2 "wb_src";
    .port_info 4 /OUTPUT 32 "rd_data";
P_0000023e7cd66c30 .param/l "DATA_WIDTH" 0 10 21, +C4<00000000000000000000000000100000>;
v0000023e7ceb62b0_0 .net "alu_result", 31 0, v0000023e7cd512a0_0;  alias, 1 drivers
v0000023e7ceb5a90_0 .net "memory_data", 31 0, v0000023e7cd524c0_0;  alias, 1 drivers
v0000023e7ceb4ff0_0 .net "pc_plus_4", 31 0, L_0000023e7cebcc10;  alias, 1 drivers
v0000023e7ceb6490_0 .var "rd_data", 31 0;
v0000023e7ceb6530_0 .net "wb_src", 1 0, v0000023e7ceb85e0_0;  1 drivers
E_0000023e7cd664b0 .event anyedge, v0000023e7ceb6530_0, v0000023e7cd512a0_0, v0000023e7cd524c0_0, v0000023e7ceb4ff0_0;
S_0000023e7cd00c40 .scope task, "apply_instruction" "apply_instruction" 2 436, 2 436 0, S_0000023e7ce4b090;
 .timescale -9 -12;
v0000023e7ceb7960_0 .var "current_pc", 31 0;
v0000023e7ceb8680_0 .var "instr", 31 0;
TD_rv32i_datapath_tb.apply_instruction ;
    %load/vec4 v0000023e7ceb8680_0;
    %store/vec4 v0000023e7ceba020_0, 0, 32;
    %load/vec4 v0000023e7ceb7960_0;
    %store/vec4 v0000023e7cebc490_0, 0, 32;
    %delay 1000, 0;
    %end;
S_0000023e7cd00dd0 .scope task, "check_next_pc" "check_next_pc" 2 399, 2 399 0, S_0000023e7ce4b090;
 .timescale -9 -12;
v0000023e7ceb7aa0_0 .var "expected", 31 0;
v0000023e7ceb8040_0 .var "test_name", 127 0;
TD_rv32i_datapath_tb.check_next_pc ;
    %delay 1000, 0;
    %load/vec4 v0000023e7cebca30_0;
    %addi 1, 0, 32;
    %store/vec4 v0000023e7cebca30_0, 0, 32;
    %load/vec4 v0000023e7cebd930_0;
    %load/vec4 v0000023e7ceb7aa0_0;
    %cmp/ne;
    %jmp/0xz  T_1.0, 6;
    %vpi_call 2 412 "$display", "\000" {0 0 0};
    %vpi_call 2 413 "$display", "[FAIL] %s", v0000023e7ceb8040_0 {0 0 0};
    %vpi_call 2 414 "$display", "       Expected next_pc = %h", v0000023e7ceb7aa0_0 {0 0 0};
    %vpi_call 2 415 "$display", "       Got next_pc      = %h", v0000023e7cebd930_0 {0 0 0};
    %load/vec4 v0000023e7cebb9c0_0;
    %addi 1, 0, 32;
    %store/vec4 v0000023e7cebb9c0_0, 0, 32;
    %jmp T_1.1;
T_1.0 ;
    %vpi_call 2 424 "$display", "[PASS] %s", v0000023e7ceb8040_0 {0 0 0};
T_1.1 ;
    %end;
S_0000023e7ceb9a60 .scope task, "check_register" "check_register" 2 357, 2 357 0, S_0000023e7ce4b090;
 .timescale -9 -12;
v0000023e7ceb8720_0 .var "actual", 31 0;
v0000023e7ceb7b40_0 .var "expected", 31 0;
v0000023e7ceb8c20_0 .var "reg_num", 4 0;
v0000023e7ceb7be0_0 .var "test_name", 127 0;
TD_rv32i_datapath_tb.check_register ;
    %delay 1000, 0;
    %load/vec4 v0000023e7ceb8c20_0;
    %pad/u 7;
    %ix/vec4 4;
    %load/vec4a v0000023e7ceb6cb0, 4;
    %store/vec4 v0000023e7ceb8720_0, 0, 32;
    %load/vec4 v0000023e7cebca30_0;
    %addi 1, 0, 32;
    %store/vec4 v0000023e7cebca30_0, 0, 32;
    %load/vec4 v0000023e7ceb8720_0;
    %load/vec4 v0000023e7ceb7b40_0;
    %cmp/ne;
    %jmp/0xz  T_2.2, 6;
    %vpi_call 2 375 "$display", "\000" {0 0 0};
    %vpi_call 2 376 "$display", "[FAIL] %s", v0000023e7ceb7be0_0 {0 0 0};
    %vpi_call 2 377 "$display", "       Register = x%0d", v0000023e7ceb8c20_0 {0 0 0};
    %vpi_call 2 378 "$display", "       Expected = %h", v0000023e7ceb7b40_0 {0 0 0};
    %vpi_call 2 379 "$display", "       Got      = %h", v0000023e7ceb8720_0 {0 0 0};
    %load/vec4 v0000023e7cebb9c0_0;
    %addi 1, 0, 32;
    %store/vec4 v0000023e7cebb9c0_0, 0, 32;
    %jmp T_2.3;
T_2.2 ;
    %vpi_call 2 387 "$display", "[PASS] %s", v0000023e7ceb7be0_0 {0 0 0};
T_2.3 ;
    %end;
S_0000023e7ceb9290 .scope function.vec4.s32, "encode_b" "encode_b" 2 276, 2 276 0, S_0000023e7ce4b090;
 .timescale -9 -12;
; Variable encode_b is vec4 return value of scope S_0000023e7ceb9290
v0000023e7ceb7280_0 .var "funct3_in", 2 0;
v0000023e7ceb7460_0 .var "imm_in", 12 0;
v0000023e7ceb8220_0 .var "rs1_in", 4 0;
v0000023e7ceb87c0_0 .var "rs2_in", 4 0;
TD_rv32i_datapath_tb.encode_b ;
    %load/vec4 v0000023e7ceb7460_0;
    %parti/s 1, 12, 5;
    %load/vec4 v0000023e7ceb7460_0;
    %parti/s 6, 5, 4;
    %concat/vec4; draw_concat_vec4
    %load/vec4 v0000023e7ceb87c0_0;
    %concat/vec4; draw_concat_vec4
    %load/vec4 v0000023e7ceb8220_0;
    %concat/vec4; draw_concat_vec4
    %load/vec4 v0000023e7ceb7280_0;
    %concat/vec4; draw_concat_vec4
    %load/vec4 v0000023e7ceb7460_0;
    %parti/s 4, 1, 2;
    %concat/vec4; draw_concat_vec4
    %load/vec4 v0000023e7ceb7460_0;
    %parti/s 1, 11, 5;
    %concat/vec4; draw_concat_vec4
    %concati/vec4 99, 0, 7;
    %ret/vec4 0, 0, 32;  Assign to encode_b (store_vec4_to_lval)
    %end;
S_0000023e7ceb9420 .scope function.vec4.s32, "encode_i" "encode_i" 2 223, 2 223 0, S_0000023e7ce4b090;
 .timescale -9 -12;
; Variable encode_i is vec4 return value of scope S_0000023e7ceb9420
v0000023e7ceb8900_0 .var "funct3_in", 2 0;
v0000023e7ceb89a0_0 .var "imm_in", 11 0;
v0000023e7ceb8a40_0 .var "opcode_in", 6 0;
v0000023e7ceb8cc0_0 .var "rd_in", 4 0;
v0000023e7ceb8e00_0 .var "rs1_in", 4 0;
TD_rv32i_datapath_tb.encode_i ;
    %load/vec4 v0000023e7ceb89a0_0;
    %load/vec4 v0000023e7ceb8e00_0;
    %concat/vec4; draw_concat_vec4
    %load/vec4 v0000023e7ceb8900_0;
    %concat/vec4; draw_concat_vec4
    %load/vec4 v0000023e7ceb8cc0_0;
    %concat/vec4; draw_concat_vec4
    %load/vec4 v0000023e7ceb8a40_0;
    %concat/vec4; draw_concat_vec4
    %ret/vec4 0, 0, 32;  Assign to encode_i (store_vec4_to_lval)
    %end;
S_0000023e7ceb9740 .scope function.vec4.s32, "encode_j" "encode_j" 2 326, 2 326 0, S_0000023e7ce4b090;
 .timescale -9 -12;
; Variable encode_j is vec4 return value of scope S_0000023e7ceb9740
v0000023e7cd51020_0 .var "imm_in", 20 0;
v0000023e7cebade0_0 .var "rd_in", 4 0;
TD_rv32i_datapath_tb.encode_j ;
    %load/vec4 v0000023e7cd51020_0;
    %parti/s 1, 20, 6;
    %load/vec4 v0000023e7cd51020_0;
    %parti/s 10, 1, 2;
    %concat/vec4; draw_concat_vec4
    %load/vec4 v0000023e7cd51020_0;
    %parti/s 1, 11, 5;
    %concat/vec4; draw_concat_vec4
    %load/vec4 v0000023e7cd51020_0;
    %parti/s 8, 12, 5;
    %concat/vec4; draw_concat_vec4
    %load/vec4 v0000023e7cebade0_0;
    %concat/vec4; draw_concat_vec4
    %concati/vec4 111, 0, 7;
    %ret/vec4 0, 0, 32;  Assign to encode_j (store_vec4_to_lval)
    %end;
S_0000023e7ceb95b0 .scope function.vec4.s32, "encode_r" "encode_r" 2 196, 2 196 0, S_0000023e7ce4b090;
 .timescale -9 -12;
; Variable encode_r is vec4 return value of scope S_0000023e7ceb95b0
v0000023e7cebbd80_0 .var "funct3_in", 2 0;
v0000023e7cebb600_0 .var "funct7_in", 6 0;
v0000023e7ceba160_0 .var "rd_in", 4 0;
v0000023e7ceba5c0_0 .var "rs1_in", 4 0;
v0000023e7cebbb00_0 .var "rs2_in", 4 0;
TD_rv32i_datapath_tb.encode_r ;
    %load/vec4 v0000023e7cebb600_0;
    %load/vec4 v0000023e7cebbb00_0;
    %concat/vec4; draw_concat_vec4
    %load/vec4 v0000023e7ceba5c0_0;
    %concat/vec4; draw_concat_vec4
    %load/vec4 v0000023e7cebbd80_0;
    %concat/vec4; draw_concat_vec4
    %load/vec4 v0000023e7ceba160_0;
    %concat/vec4; draw_concat_vec4
    %concati/vec4 51, 0, 7;
    %ret/vec4 0, 0, 32;  Assign to encode_r (store_vec4_to_lval)
    %end;
S_0000023e7ceb9bf0 .scope function.vec4.s32, "encode_s" "encode_s" 2 249, 2 249 0, S_0000023e7ce4b090;
 .timescale -9 -12;
; Variable encode_s is vec4 return value of scope S_0000023e7ceb9bf0
v0000023e7ceba480_0 .var "funct3_in", 2 0;
v0000023e7cebaac0_0 .var "imm_in", 11 0;
v0000023e7ceba520_0 .var "opcode_in", 6 0;
v0000023e7cebb420_0 .var "rs1_in", 4 0;
v0000023e7cebaa20_0 .var "rs2_in", 4 0;
TD_rv32i_datapath_tb.encode_s ;
    %load/vec4 v0000023e7cebaac0_0;
    %parti/s 7, 5, 4;
    %load/vec4 v0000023e7cebaa20_0;
    %concat/vec4; draw_concat_vec4
    %load/vec4 v0000023e7cebb420_0;
    %concat/vec4; draw_concat_vec4
    %load/vec4 v0000023e7ceba480_0;
    %concat/vec4; draw_concat_vec4
    %load/vec4 v0000023e7cebaac0_0;
    %parti/s 5, 0, 2;
    %concat/vec4; draw_concat_vec4
    %load/vec4 v0000023e7ceba520_0;
    %concat/vec4; draw_concat_vec4
    %ret/vec4 0, 0, 32;  Assign to encode_s (store_vec4_to_lval)
    %end;
S_0000023e7ceb98d0 .scope function.vec4.s32, "encode_u" "encode_u" 2 304, 2 304 0, S_0000023e7ce4b090;
 .timescale -9 -12;
; Variable encode_u is vec4 return value of scope S_0000023e7ceb98d0
v0000023e7cebb4c0_0 .var "imm_in", 19 0;
v0000023e7ceba660_0 .var "opcode_in", 6 0;
v0000023e7ceba3e0_0 .var "rd_in", 4 0;
TD_rv32i_datapath_tb.encode_u ;
    %load/vec4 v0000023e7cebb4c0_0;
    %load/vec4 v0000023e7ceba3e0_0;
    %concat/vec4; draw_concat_vec4
    %load/vec4 v0000023e7ceba660_0;
    %concat/vec4; draw_concat_vec4
    %ret/vec4 0, 0, 32;  Assign to encode_u (store_vec4_to_lval)
    %end;
S_0000023e7ceb9d80 .scope task, "execute_instruction" "execute_instruction" 2 459, 2 459 0, S_0000023e7ce4b090;
 .timescale -9 -12;
v0000023e7ceba700_0 .var "current_pc", 31 0;
v0000023e7ceb9f80_0 .var "instr", 31 0;
TD_rv32i_datapath_tb.execute_instruction ;
    %load/vec4 v0000023e7ceb9f80_0;
    %store/vec4 v0000023e7ceba020_0, 0, 32;
    %load/vec4 v0000023e7ceba700_0;
    %store/vec4 v0000023e7cebc490_0, 0, 32;
    %delay 1000, 0;
    %wait E_0000023e7cd66330;
    %delay 1000, 0;
    %end;
S_0000023e7ceb8f70 .scope module, "u_alu_control" "alu_control" 2 133, 11 31 0, S_0000023e7ce4b090;
 .timescale -9 -12;
    .port_info 0 /INPUT 2 "ALUOp";
    .port_info 1 /INPUT 3 "funct3";
    .port_info 2 /INPUT 7 "funct7";
    .port_info 3 /OUTPUT 4 "alu_control";
v0000023e7cebb880_0 .net "ALUOp", 1 0, v0000023e7cebb740_0;  alias, 1 drivers
v0000023e7cebab60_0 .var "alu_control", 3 0;
v0000023e7ceba340_0 .net "funct3", 2 0, L_0000023e7cebcad0;  alias, 1 drivers
v0000023e7ceba7a0_0 .net "funct7", 6 0, L_0000023e7cebd4d0;  alias, 1 drivers
E_0000023e7cd666b0 .event anyedge, v0000023e7ceb6d50_0, v0000023e7ceba340_0, v0000023e7ceba7a0_0;
S_0000023e7ceb9100 .scope module, "u_control_unit" "control_unit" 2 116, 12 27 0, S_0000023e7ce4b090;
 .timescale -9 -12;
    .port_info 0 /INPUT 7 "opcode";
    .port_info 1 /OUTPUT 1 "RegWrite";
    .port_info 2 /OUTPUT 1 "MemRead";
    .port_info 3 /OUTPUT 1 "MemWrite";
    .port_info 4 /OUTPUT 1 "MemToReg";
    .port_info 5 /OUTPUT 1 "ALUSrc";
    .port_info 6 /OUTPUT 1 "Branch";
    .port_info 7 /OUTPUT 1 "Jump";
    .port_info 8 /OUTPUT 2 "ALUOp";
v0000023e7cebb740_0 .var "ALUOp", 1 0;
v0000023e7ceba840_0 .var "ALUSrc", 0 0;
v0000023e7ceba8e0_0 .var "Branch", 0 0;
v0000023e7cebbce0_0 .var "Jump", 0 0;
v0000023e7cebbba0_0 .var "MemRead", 0 0;
v0000023e7cebb6a0_0 .var "MemToReg", 0 0;
v0000023e7cebac00_0 .var "MemWrite", 0 0;
v0000023e7ceba980_0 .var "RegWrite", 0 0;
v0000023e7cebb7e0_0 .net "opcode", 6 0, L_0000023e7cebce90;  alias, 1 drivers
E_0000023e7cd66770 .event anyedge, v0000023e7cebb7e0_0;
    .scope S_0000023e7ceb9100;
T_10 ;
    %wait E_0000023e7cd66770;
    %pushi/vec4 0, 0, 1;
    %store/vec4 v0000023e7ceba980_0, 0, 1;
    %pushi/vec4 0, 0, 1;
    %store/vec4 v0000023e7cebbba0_0, 0, 1;
    %pushi/vec4 0, 0, 1;
    %store/vec4 v0000023e7cebac00_0, 0, 1;
    %pushi/vec4 0, 0, 1;
    %store/vec4 v0000023e7cebb6a0_0, 0, 1;
    %pushi/vec4 0, 0, 1;
    %store/vec4 v0000023e7ceba840_0, 0, 1;
    %pushi/vec4 0, 0, 1;
    %store/vec4 v0000023e7ceba8e0_0, 0, 1;
    %pushi/vec4 0, 0, 1;
    %store/vec4 v0000023e7cebbce0_0, 0, 1;
    %pushi/vec4 0, 0, 2;
    %store/vec4 v0000023e7cebb740_0, 0, 2;
    %load/vec4 v0000023e7cebb7e0_0;
    %dup/vec4;
    %pushi/vec4 51, 0, 7;
    %cmp/u;
    %jmp/1 T_10.0, 6;
    %dup/vec4;
    %pushi/vec4 19, 0, 7;
    %cmp/u;
    %jmp/1 T_10.1, 6;
    %dup/vec4;
    %pushi/vec4 3, 0, 7;
    %cmp/u;
    %jmp/1 T_10.2, 6;
    %dup/vec4;
    %pushi/vec4 35, 0, 7;
    %cmp/u;
    %jmp/1 T_10.3, 6;
    %dup/vec4;
    %pushi/vec4 99, 0, 7;
    %cmp/u;
    %jmp/1 T_10.4, 6;
    %dup/vec4;
    %pushi/vec4 55, 0, 7;
    %cmp/u;
    %jmp/1 T_10.5, 6;
    %dup/vec4;
    %pushi/vec4 23, 0, 7;
    %cmp/u;
    %jmp/1 T_10.6, 6;
    %dup/vec4;
    %pushi/vec4 111, 0, 7;
    %cmp/u;
    %jmp/1 T_10.7, 6;
    %dup/vec4;
    %pushi/vec4 103, 0, 7;
    %cmp/u;
    %jmp/1 T_10.8, 6;
    %jmp T_10.10;
T_10.0 ;
    %pushi/vec4 1, 0, 1;
    %store/vec4 v0000023e7ceba980_0, 0, 1;
    %pushi/vec4 0, 0, 1;
    %store/vec4 v0000023e7ceba840_0, 0, 1;
    %pushi/vec4 2, 0, 2;
    %store/vec4 v0000023e7cebb740_0, 0, 2;
    %jmp T_10.10;
T_10.1 ;
    %pushi/vec4 1, 0, 1;
    %store/vec4 v0000023e7ceba980_0, 0, 1;
    %pushi/vec4 1, 0, 1;
    %store/vec4 v0000023e7ceba840_0, 0, 1;
    %pushi/vec4 2, 0, 2;
    %store/vec4 v0000023e7cebb740_0, 0, 2;
    %jmp T_10.10;
T_10.2 ;
    %pushi/vec4 1, 0, 1;
    %store/vec4 v0000023e7ceba980_0, 0, 1;
    %pushi/vec4 1, 0, 1;
    %store/vec4 v0000023e7cebbba0_0, 0, 1;
    %pushi/vec4 1, 0, 1;
    %store/vec4 v0000023e7cebb6a0_0, 0, 1;
    %pushi/vec4 1, 0, 1;
    %store/vec4 v0000023e7ceba840_0, 0, 1;
    %pushi/vec4 0, 0, 2;
    %store/vec4 v0000023e7cebb740_0, 0, 2;
    %jmp T_10.10;
T_10.3 ;
    %pushi/vec4 1, 0, 1;
    %store/vec4 v0000023e7cebac00_0, 0, 1;
    %pushi/vec4 1, 0, 1;
    %store/vec4 v0000023e7ceba840_0, 0, 1;
    %pushi/vec4 0, 0, 2;
    %store/vec4 v0000023e7cebb740_0, 0, 2;
    %jmp T_10.10;
T_10.4 ;
    %pushi/vec4 1, 0, 1;
    %store/vec4 v0000023e7ceba8e0_0, 0, 1;
    %pushi/vec4 0, 0, 1;
    %store/vec4 v0000023e7ceba840_0, 0, 1;
    %pushi/vec4 1, 0, 2;
    %store/vec4 v0000023e7cebb740_0, 0, 2;
    %jmp T_10.10;
T_10.5 ;
    %pushi/vec4 1, 0, 1;
    %store/vec4 v0000023e7ceba980_0, 0, 1;
    %pushi/vec4 1, 0, 1;
    %store/vec4 v0000023e7ceba840_0, 0, 1;
    %pushi/vec4 0, 0, 2;
    %store/vec4 v0000023e7cebb740_0, 0, 2;
    %jmp T_10.10;
T_10.6 ;
    %pushi/vec4 1, 0, 1;
    %store/vec4 v0000023e7ceba980_0, 0, 1;
    %pushi/vec4 1, 0, 1;
    %store/vec4 v0000023e7ceba840_0, 0, 1;
    %pushi/vec4 0, 0, 2;
    %store/vec4 v0000023e7cebb740_0, 0, 2;
    %jmp T_10.10;
T_10.7 ;
    %pushi/vec4 1, 0, 1;
    %store/vec4 v0000023e7ceba980_0, 0, 1;
    %pushi/vec4 1, 0, 1;
    %store/vec4 v0000023e7cebbce0_0, 0, 1;
    %jmp T_10.10;
T_10.8 ;
    %pushi/vec4 1, 0, 1;
    %store/vec4 v0000023e7ceba980_0, 0, 1;
    %pushi/vec4 1, 0, 1;
    %store/vec4 v0000023e7ceba840_0, 0, 1;
    %pushi/vec4 1, 0, 1;
    %store/vec4 v0000023e7cebbce0_0, 0, 1;
    %pushi/vec4 0, 0, 2;
    %store/vec4 v0000023e7cebb740_0, 0, 2;
    %jmp T_10.10;
T_10.10 ;
    %pop/vec4 1;
    %jmp T_10;
    .thread T_10, $push;
    .scope S_0000023e7ceb8f70;
T_11 ;
    %wait E_0000023e7cd666b0;
    %pushi/vec4 0, 0, 4;
    %store/vec4 v0000023e7cebab60_0, 0, 4;
    %load/vec4 v0000023e7cebb880_0;
    %dup/vec4;
    %pushi/vec4 0, 0, 2;
    %cmp/u;
    %jmp/1 T_11.0, 6;
    %dup/vec4;
    %pushi/vec4 1, 0, 2;
    %cmp/u;
    %jmp/1 T_11.1, 6;
    %dup/vec4;
    %pushi/vec4 2, 0, 2;
    %cmp/u;
    %jmp/1 T_11.2, 6;
    %pushi/vec4 0, 0, 4;
    %store/vec4 v0000023e7cebab60_0, 0, 4;
    %jmp T_11.4;
T_11.0 ;
    %pushi/vec4 0, 0, 4;
    %store/vec4 v0000023e7cebab60_0, 0, 4;
    %jmp T_11.4;
T_11.1 ;
    %pushi/vec4 1, 0, 4;
    %store/vec4 v0000023e7cebab60_0, 0, 4;
    %jmp T_11.4;
T_11.2 ;
    %load/vec4 v0000023e7ceba340_0;
    %dup/vec4;
    %pushi/vec4 0, 0, 3;
    %cmp/u;
    %jmp/1 T_11.5, 6;
    %dup/vec4;
    %pushi/vec4 1, 0, 3;
    %cmp/u;
    %jmp/1 T_11.6, 6;
    %dup/vec4;
    %pushi/vec4 2, 0, 3;
    %cmp/u;
    %jmp/1 T_11.7, 6;
    %dup/vec4;
    %pushi/vec4 3, 0, 3;
    %cmp/u;
    %jmp/1 T_11.8, 6;
    %dup/vec4;
    %pushi/vec4 4, 0, 3;
    %cmp/u;
    %jmp/1 T_11.9, 6;
    %dup/vec4;
    %pushi/vec4 5, 0, 3;
    %cmp/u;
    %jmp/1 T_11.10, 6;
    %dup/vec4;
    %pushi/vec4 6, 0, 3;
    %cmp/u;
    %jmp/1 T_11.11, 6;
    %dup/vec4;
    %pushi/vec4 7, 0, 3;
    %cmp/u;
    %jmp/1 T_11.12, 6;
    %pushi/vec4 0, 0, 4;
    %store/vec4 v0000023e7cebab60_0, 0, 4;
    %jmp T_11.14;
T_11.5 ;
    %load/vec4 v0000023e7ceba7a0_0;
    %cmpi/e 32, 0, 7;
    %jmp/0xz  T_11.15, 4;
    %pushi/vec4 1, 0, 4;
    %store/vec4 v0000023e7cebab60_0, 0, 4;
    %jmp T_11.16;
T_11.15 ;
    %pushi/vec4 0, 0, 4;
    %store/vec4 v0000023e7cebab60_0, 0, 4;
T_11.16 ;
    %jmp T_11.14;
T_11.6 ;
    %pushi/vec4 5, 0, 4;
    %store/vec4 v0000023e7cebab60_0, 0, 4;
    %jmp T_11.14;
T_11.7 ;
    %pushi/vec4 8, 0, 4;
    %store/vec4 v0000023e7cebab60_0, 0, 4;
    %jmp T_11.14;
T_11.8 ;
    %pushi/vec4 9, 0, 4;
    %store/vec4 v0000023e7cebab60_0, 0, 4;
    %jmp T_11.14;
T_11.9 ;
    %pushi/vec4 4, 0, 4;
    %store/vec4 v0000023e7cebab60_0, 0, 4;
    %jmp T_11.14;
T_11.10 ;
    %load/vec4 v0000023e7ceba7a0_0;
    %cmpi/e 32, 0, 7;
    %jmp/0xz  T_11.17, 4;
    %pushi/vec4 7, 0, 4;
    %store/vec4 v0000023e7cebab60_0, 0, 4;
    %jmp T_11.18;
T_11.17 ;
    %pushi/vec4 6, 0, 4;
    %store/vec4 v0000023e7cebab60_0, 0, 4;
T_11.18 ;
    %jmp T_11.14;
T_11.11 ;
    %pushi/vec4 3, 0, 4;
    %store/vec4 v0000023e7cebab60_0, 0, 4;
    %jmp T_11.14;
T_11.12 ;
    %pushi/vec4 2, 0, 4;
    %store/vec4 v0000023e7cebab60_0, 0, 4;
    %jmp T_11.14;
T_11.14 ;
    %pop/vec4 1;
    %jmp T_11.4;
T_11.4 ;
    %pop/vec4 1;
    %jmp T_11;
    .thread T_11, $push;
    .scope S_0000023e7cd24220;
T_12 ;
    %wait E_0000023e7cd66330;
    %load/vec4 v0000023e7ceb54f0_0;
    %flag_set/vec4 8;
    %jmp/0xz  T_12.0, 8;
    %pushi/vec4 0, 0, 32;
    %store/vec4 v0000023e7ceb6c10_0, 0, 32;
T_12.2 ;
    %load/vec4 v0000023e7ceb6c10_0;
    %cmpi/s 32, 0, 32;
    %jmp/0xz T_12.3, 5;
    %pushi/vec4 0, 0, 32;
    %ix/getv/s 3, v0000023e7ceb6c10_0;
    %ix/load 4, 0, 0; Constant delay
    %assign/vec4/a/d v0000023e7ceb6cb0, 0, 4;
    %load/vec4 v0000023e7ceb6c10_0;
    %addi 1, 0, 32;
    %store/vec4 v0000023e7ceb6c10_0, 0, 32;
    %jmp T_12.2;
T_12.3 ;
    %jmp T_12.1;
T_12.0 ;
    %load/vec4 v0000023e7ceb6210_0;
    %load/vec4 v0000023e7ceb65d0_0;
    %pushi/vec4 0, 0, 5;
    %cmp/ne;
    %flag_get/vec4 4;
    %and;
    %flag_set/vec4 8;
    %jmp/0xz  T_12.4, 8;
    %load/vec4 v0000023e7ceb6170_0;
    %load/vec4 v0000023e7ceb65d0_0;
    %pad/u 7;
    %ix/vec4 3;
    %ix/load 4, 0, 0; Constant delay
    %assign/vec4/a/d v0000023e7ceb6cb0, 0, 4;
T_12.4 ;
T_12.1 ;
    %jmp T_12;
    .thread T_12;
    .scope S_0000023e7ccfc230;
T_13 ;
    %wait E_0000023e7cd667f0;
    %load/vec4 v0000023e7ceb5f90_0;
    %dup/vec4;
    %pushi/vec4 19, 0, 7;
    %cmp/u;
    %jmp/1 T_13.0, 6;
    %dup/vec4;
    %pushi/vec4 3, 0, 7;
    %cmp/u;
    %jmp/1 T_13.1, 6;
    %dup/vec4;
    %pushi/vec4 103, 0, 7;
    %cmp/u;
    %jmp/1 T_13.2, 6;
    %dup/vec4;
    %pushi/vec4 35, 0, 7;
    %cmp/u;
    %jmp/1 T_13.3, 6;
    %dup/vec4;
    %pushi/vec4 99, 0, 7;
    %cmp/u;
    %jmp/1 T_13.4, 6;
    %dup/vec4;
    %pushi/vec4 55, 0, 7;
    %cmp/u;
    %jmp/1 T_13.5, 6;
    %dup/vec4;
    %pushi/vec4 23, 0, 7;
    %cmp/u;
    %jmp/1 T_13.6, 6;
    %dup/vec4;
    %pushi/vec4 111, 0, 7;
    %cmp/u;
    %jmp/1 T_13.7, 6;
    %pushi/vec4 0, 0, 32;
    %store/vec4 v0000023e7ccf2310_0, 0, 32;
    %jmp T_13.9;
T_13.0 ;
    %load/vec4 v0000023e7ceb6990_0;
    %parti/s 1, 31, 6;
    %replicate 20;
    %load/vec4 v0000023e7ceb6990_0;
    %parti/s 12, 20, 6;
    %concat/vec4; draw_concat_vec4
    %store/vec4 v0000023e7ccf2310_0, 0, 32;
    %jmp T_13.9;
T_13.1 ;
    %load/vec4 v0000023e7ceb6990_0;
    %parti/s 1, 31, 6;
    %replicate 20;
    %load/vec4 v0000023e7ceb6990_0;
    %parti/s 12, 20, 6;
    %concat/vec4; draw_concat_vec4
    %store/vec4 v0000023e7ccf2310_0, 0, 32;
    %jmp T_13.9;
T_13.2 ;
    %load/vec4 v0000023e7ceb6990_0;
    %parti/s 1, 31, 6;
    %replicate 20;
    %load/vec4 v0000023e7ceb6990_0;
    %parti/s 12, 20, 6;
    %concat/vec4; draw_concat_vec4
    %store/vec4 v0000023e7ccf2310_0, 0, 32;
    %jmp T_13.9;
T_13.3 ;
    %load/vec4 v0000023e7ceb6990_0;
    %parti/s 1, 31, 6;
    %replicate 20;
    %load/vec4 v0000023e7ceb6990_0;
    %parti/s 7, 25, 6;
    %concat/vec4; draw_concat_vec4
    %load/vec4 v0000023e7ceb6990_0;
    %parti/s 5, 7, 4;
    %concat/vec4; draw_concat_vec4
    %store/vec4 v0000023e7ccf2310_0, 0, 32;
    %jmp T_13.9;
T_13.4 ;
    %load/vec4 v0000023e7ceb6990_0;
    %parti/s 1, 31, 6;
    %replicate 19;
    %load/vec4 v0000023e7ceb6990_0;
    %parti/s 1, 31, 6;
    %concat/vec4; draw_concat_vec4
    %load/vec4 v0000023e7ceb6990_0;
    %parti/s 1, 7, 4;
    %concat/vec4; draw_concat_vec4
    %load/vec4 v0000023e7ceb6990_0;
    %parti/s 6, 25, 6;
    %concat/vec4; draw_concat_vec4
    %load/vec4 v0000023e7ceb6990_0;
    %parti/s 4, 8, 5;
    %concat/vec4; draw_concat_vec4
    %concati/vec4 0, 0, 1;
    %store/vec4 v0000023e7ccf2310_0, 0, 32;
    %jmp T_13.9;
T_13.5 ;
    %load/vec4 v0000023e7ceb6990_0;
    %parti/s 20, 12, 5;
    %concati/vec4 0, 0, 12;
    %store/vec4 v0000023e7ccf2310_0, 0, 32;
    %jmp T_13.9;
T_13.6 ;
    %load/vec4 v0000023e7ceb6990_0;
    %parti/s 20, 12, 5;
    %concati/vec4 0, 0, 12;
    %store/vec4 v0000023e7ccf2310_0, 0, 32;
    %jmp T_13.9;
T_13.7 ;
    %load/vec4 v0000023e7ceb6990_0;
    %parti/s 1, 31, 6;
    %replicate 11;
    %load/vec4 v0000023e7ceb6990_0;
    %parti/s 1, 31, 6;
    %concat/vec4; draw_concat_vec4
    %load/vec4 v0000023e7ceb6990_0;
    %parti/s 8, 12, 5;
    %concat/vec4; draw_concat_vec4
    %load/vec4 v0000023e7ceb6990_0;
    %parti/s 1, 20, 6;
    %concat/vec4; draw_concat_vec4
    %load/vec4 v0000023e7ceb6990_0;
    %parti/s 10, 21, 6;
    %concat/vec4; draw_concat_vec4
    %concati/vec4 0, 0, 1;
    %store/vec4 v0000023e7ccf2310_0, 0, 32;
    %jmp T_13.9;
T_13.9 ;
    %pop/vec4 1;
    %jmp T_13;
    .thread T_13, $push;
    .scope S_0000023e7cd29120;
T_14 ;
    %wait E_0000023e7cd669f0;
    %pushi/vec4 0, 0, 32;
    %store/vec4 v0000023e7cd512a0_0, 0, 32;
    %load/vec4 v0000023e7cd51c00_0;
    %dup/vec4;
    %pushi/vec4 0, 0, 4;
    %cmp/u;
    %jmp/1 T_14.0, 6;
    %dup/vec4;
    %pushi/vec4 1, 0, 4;
    %cmp/u;
    %jmp/1 T_14.1, 6;
    %dup/vec4;
    %pushi/vec4 2, 0, 4;
    %cmp/u;
    %jmp/1 T_14.2, 6;
    %dup/vec4;
    %pushi/vec4 3, 0, 4;
    %cmp/u;
    %jmp/1 T_14.3, 6;
    %dup/vec4;
    %pushi/vec4 4, 0, 4;
    %cmp/u;
    %jmp/1 T_14.4, 6;
    %dup/vec4;
    %pushi/vec4 5, 0, 4;
    %cmp/u;
    %jmp/1 T_14.5, 6;
    %dup/vec4;
    %pushi/vec4 6, 0, 4;
    %cmp/u;
    %jmp/1 T_14.6, 6;
    %dup/vec4;
    %pushi/vec4 7, 0, 4;
    %cmp/u;
    %jmp/1 T_14.7, 6;
    %dup/vec4;
    %pushi/vec4 8, 0, 4;
    %cmp/u;
    %jmp/1 T_14.8, 6;
    %dup/vec4;
    %pushi/vec4 9, 0, 4;
    %cmp/u;
    %jmp/1 T_14.9, 6;
    %dup/vec4;
    %pushi/vec4 10, 0, 4;
    %cmp/u;
    %jmp/1 T_14.10, 6;
    %pushi/vec4 0, 0, 32;
    %store/vec4 v0000023e7cd512a0_0, 0, 32;
    %jmp T_14.12;
T_14.0 ;
    %load/vec4 v0000023e7cd50f80_0;
    %load/vec4 v0000023e7cd51200_0;
    %add;
    %store/vec4 v0000023e7cd512a0_0, 0, 32;
    %jmp T_14.12;
T_14.1 ;
    %load/vec4 v0000023e7cd50f80_0;
    %load/vec4 v0000023e7cd51200_0;
    %sub;
    %store/vec4 v0000023e7cd512a0_0, 0, 32;
    %jmp T_14.12;
T_14.2 ;
    %load/vec4 v0000023e7cd50f80_0;
    %load/vec4 v0000023e7cd51200_0;
    %and;
    %store/vec4 v0000023e7cd512a0_0, 0, 32;
    %jmp T_14.12;
T_14.3 ;
    %load/vec4 v0000023e7cd50f80_0;
    %load/vec4 v0000023e7cd51200_0;
    %or;
    %store/vec4 v0000023e7cd512a0_0, 0, 32;
    %jmp T_14.12;
T_14.4 ;
    %load/vec4 v0000023e7cd50f80_0;
    %load/vec4 v0000023e7cd51200_0;
    %xor;
    %store/vec4 v0000023e7cd512a0_0, 0, 32;
    %jmp T_14.12;
T_14.5 ;
    %load/vec4 v0000023e7cd50f80_0;
    %load/vec4 v0000023e7cd51200_0;
    %parti/s 5, 0, 2;
    %ix/vec4 4;
    %shiftl 4;
    %store/vec4 v0000023e7cd512a0_0, 0, 32;
    %jmp T_14.12;
T_14.6 ;
    %load/vec4 v0000023e7cd50f80_0;
    %load/vec4 v0000023e7cd51200_0;
    %parti/s 5, 0, 2;
    %ix/vec4 4;
    %shiftr 4;
    %store/vec4 v0000023e7cd512a0_0, 0, 32;
    %jmp T_14.12;
T_14.7 ;
    %load/vec4 v0000023e7cd50f80_0;
    %load/vec4 v0000023e7cd51200_0;
    %parti/s 5, 0, 2;
    %ix/vec4 4;
    %shiftr/s 4;
    %store/vec4 v0000023e7cd512a0_0, 0, 32;
    %jmp T_14.12;
T_14.8 ;
    %load/vec4 v0000023e7cd50f80_0;
    %load/vec4 v0000023e7cd51200_0;
    %cmp/s;
    %flag_mov 8, 5;
    %jmp/0 T_14.13, 8;
    %pushi/vec4 1, 0, 32;
    %jmp/1 T_14.14, 8;
T_14.13 ; End of true expr.
    %pushi/vec4 0, 0, 32;
    %jmp/0 T_14.14, 8;
 ; End of false expr.
    %blend;
T_14.14;
    %store/vec4 v0000023e7cd512a0_0, 0, 32;
    %jmp T_14.12;
T_14.9 ;
    %load/vec4 v0000023e7cd50f80_0;
    %load/vec4 v0000023e7cd51200_0;
    %cmp/u;
    %flag_mov 8, 5;
    %jmp/0 T_14.15, 8;
    %pushi/vec4 1, 0, 32;
    %jmp/1 T_14.16, 8;
T_14.15 ; End of true expr.
    %pushi/vec4 0, 0, 32;
    %jmp/0 T_14.16, 8;
 ; End of false expr.
    %blend;
T_14.16;
    %store/vec4 v0000023e7cd512a0_0, 0, 32;
    %jmp T_14.12;
T_14.10 ;
    %load/vec4 v0000023e7cd51200_0;
    %store/vec4 v0000023e7cd512a0_0, 0, 32;
    %jmp T_14.12;
T_14.12 ;
    %pop/vec4 1;
    %jmp T_14;
    .thread T_14, $push;
    .scope S_0000023e7ccfc0a0;
T_15 ;
    %wait E_0000023e7cd66330;
    %load/vec4 v0000023e7cd50a80_0;
    %flag_set/vec4 8;
    %jmp/0xz  T_15.0, 8;
    %pushi/vec4 0, 0, 32;
    %store/vec4 v0000023e7cd51f20_0, 0, 32;
T_15.2 ;
    %load/vec4 v0000023e7cd51f20_0;
    %pad/s 42;
    %cmpi/s 1024, 0, 42;
    %jmp/0xz T_15.3, 5;
    %pushi/vec4 0, 0, 8;
    %ix/getv/s 3, v0000023e7cd51f20_0;
    %ix/load 4, 0, 0; Constant delay
    %assign/vec4/a/d v0000023e7cd52380, 0, 4;
    %load/vec4 v0000023e7cd51f20_0;
    %addi 1, 0, 32;
    %store/vec4 v0000023e7cd51f20_0, 0, 32;
    %jmp T_15.2;
T_15.3 ;
    %jmp T_15.1;
T_15.0 ;
    %load/vec4 v0000023e7cd51fc0_0;
    %flag_set/vec4 8;
    %jmp/0xz  T_15.4, 8;
    %load/vec4 v0000023e7cd518e0_0;
    %dup/vec4;
    %pushi/vec4 0, 0, 3;
    %cmp/u;
    %jmp/1 T_15.6, 6;
    %dup/vec4;
    %pushi/vec4 1, 0, 3;
    %cmp/u;
    %jmp/1 T_15.7, 6;
    %dup/vec4;
    %pushi/vec4 2, 0, 3;
    %cmp/u;
    %jmp/1 T_15.8, 6;
    %jmp T_15.10;
T_15.6 ;
    %load/vec4 v0000023e7ccf2090_0;
    %parti/s 8, 0, 2;
    %load/vec4 v0000023e7cd51700_0;
    %parti/s 10, 0, 2;
    %pad/u 12;
    %ix/vec4 3;
    %ix/load 4, 0, 0; Constant delay
    %assign/vec4/a/d v0000023e7cd52380, 0, 4;
    %jmp T_15.10;
T_15.7 ;
    %load/vec4 v0000023e7ccf2090_0;
    %parti/s 8, 0, 2;
    %load/vec4 v0000023e7cd51700_0;
    %parti/s 10, 0, 2;
    %pad/u 12;
    %ix/vec4 3;
    %ix/load 4, 0, 0; Constant delay
    %assign/vec4/a/d v0000023e7cd52380, 0, 4;
    %load/vec4 v0000023e7ccf2090_0;
    %parti/s 8, 8, 5;
    %load/vec4 v0000023e7cd51700_0;
    %parti/s 10, 0, 2;
    %pad/u 33;
    %addi 1, 0, 33;
    %ix/vec4 3;
    %ix/load 4, 0, 0; Constant delay
    %assign/vec4/a/d v0000023e7cd52380, 0, 4;
    %jmp T_15.10;
T_15.8 ;
    %load/vec4 v0000023e7ccf2090_0;
    %parti/s 8, 0, 2;
    %load/vec4 v0000023e7cd51700_0;
    %parti/s 10, 0, 2;
    %pad/u 12;
    %ix/vec4 3;
    %ix/load 4, 0, 0; Constant delay
    %assign/vec4/a/d v0000023e7cd52380, 0, 4;
    %load/vec4 v0000023e7ccf2090_0;
    %parti/s 8, 8, 5;
    %load/vec4 v0000023e7cd51700_0;
    %parti/s 10, 0, 2;
    %pad/u 33;
    %addi 1, 0, 33;
    %ix/vec4 3;
    %ix/load 4, 0, 0; Constant delay
    %assign/vec4/a/d v0000023e7cd52380, 0, 4;
    %load/vec4 v0000023e7ccf2090_0;
    %parti/s 8, 16, 6;
    %load/vec4 v0000023e7cd51700_0;
    %parti/s 10, 0, 2;
    %pad/u 33;
    %addi 2, 0, 33;
    %ix/vec4 3;
    %ix/load 4, 0, 0; Constant delay
    %assign/vec4/a/d v0000023e7cd52380, 0, 4;
    %load/vec4 v0000023e7ccf2090_0;
    %parti/s 8, 24, 6;
    %load/vec4 v0000023e7cd51700_0;
    %parti/s 10, 0, 2;
    %pad/u 33;
    %addi 3, 0, 33;
    %ix/vec4 3;
    %ix/load 4, 0, 0; Constant delay
    %assign/vec4/a/d v0000023e7cd52380, 0, 4;
    %jmp T_15.10;
T_15.10 ;
    %pop/vec4 1;
T_15.4 ;
T_15.1 ;
    %jmp T_15;
    .thread T_15;
    .scope S_0000023e7ccfc0a0;
T_16 ;
    %wait E_0000023e7cd668b0;
    %pushi/vec4 0, 0, 32;
    %store/vec4 v0000023e7cd524c0_0, 0, 32;
    %load/vec4 v0000023e7cd51980_0;
    %flag_set/vec4 8;
    %jmp/0xz  T_16.0, 8;
    %load/vec4 v0000023e7cd518e0_0;
    %dup/vec4;
    %pushi/vec4 0, 0, 3;
    %cmp/u;
    %jmp/1 T_16.2, 6;
    %dup/vec4;
    %pushi/vec4 1, 0, 3;
    %cmp/u;
    %jmp/1 T_16.3, 6;
    %dup/vec4;
    %pushi/vec4 2, 0, 3;
    %cmp/u;
    %jmp/1 T_16.4, 6;
    %dup/vec4;
    %pushi/vec4 4, 0, 3;
    %cmp/u;
    %jmp/1 T_16.5, 6;
    %dup/vec4;
    %pushi/vec4 5, 0, 3;
    %cmp/u;
    %jmp/1 T_16.6, 6;
    %pushi/vec4 0, 0, 32;
    %store/vec4 v0000023e7cd524c0_0, 0, 32;
    %jmp T_16.8;
T_16.2 ;
    %load/vec4 v0000023e7cd51700_0;
    %parti/s 10, 0, 2;
    %pad/u 12;
    %ix/vec4 4;
    %load/vec4a v0000023e7cd52380, 4;
    %parti/s 1, 7, 4;
    %replicate 24;
    %load/vec4 v0000023e7cd51700_0;
    %parti/s 10, 0, 2;
    %pad/u 12;
    %ix/vec4 4;
    %load/vec4a v0000023e7cd52380, 4;
    %concat/vec4; draw_concat_vec4
    %store/vec4 v0000023e7cd524c0_0, 0, 32;
    %jmp T_16.8;
T_16.3 ;
    %load/vec4 v0000023e7cd51700_0;
    %parti/s 10, 0, 2;
    %pad/u 33;
    %addi 1, 0, 33;
    %ix/vec4 4;
    %load/vec4a v0000023e7cd52380, 4;
    %parti/s 1, 7, 4;
    %replicate 16;
    %load/vec4 v0000023e7cd51700_0;
    %parti/s 10, 0, 2;
    %pad/u 33;
    %addi 1, 0, 33;
    %ix/vec4 4;
    %load/vec4a v0000023e7cd52380, 4;
    %concat/vec4; draw_concat_vec4
    %load/vec4 v0000023e7cd51700_0;
    %parti/s 10, 0, 2;
    %pad/u 12;
    %ix/vec4 4;
    %load/vec4a v0000023e7cd52380, 4;
    %concat/vec4; draw_concat_vec4
    %store/vec4 v0000023e7cd524c0_0, 0, 32;
    %jmp T_16.8;
T_16.4 ;
    %load/vec4 v0000023e7cd51700_0;
    %parti/s 10, 0, 2;
    %pad/u 33;
    %addi 3, 0, 33;
    %ix/vec4 4;
    %load/vec4a v0000023e7cd52380, 4;
    %load/vec4 v0000023e7cd51700_0;
    %parti/s 10, 0, 2;
    %pad/u 33;
    %addi 2, 0, 33;
    %ix/vec4 4;
    %load/vec4a v0000023e7cd52380, 4;
    %concat/vec4; draw_concat_vec4
    %load/vec4 v0000023e7cd51700_0;
    %parti/s 10, 0, 2;
    %pad/u 33;
    %addi 1, 0, 33;
    %ix/vec4 4;
    %load/vec4a v0000023e7cd52380, 4;
    %concat/vec4; draw_concat_vec4
    %load/vec4 v0000023e7cd51700_0;
    %parti/s 10, 0, 2;
    %pad/u 12;
    %ix/vec4 4;
    %load/vec4a v0000023e7cd52380, 4;
    %concat/vec4; draw_concat_vec4
    %store/vec4 v0000023e7cd524c0_0, 0, 32;
    %jmp T_16.8;
T_16.5 ;
    %pushi/vec4 0, 0, 24;
    %load/vec4 v0000023e7cd51700_0;
    %parti/s 10, 0, 2;
    %pad/u 12;
    %ix/vec4 4;
    %load/vec4a v0000023e7cd52380, 4;
    %concat/vec4; draw_concat_vec4
    %store/vec4 v0000023e7cd524c0_0, 0, 32;
    %jmp T_16.8;
T_16.6 ;
    %pushi/vec4 0, 0, 16;
    %load/vec4 v0000023e7cd51700_0;
    %parti/s 10, 0, 2;
    %pad/u 33;
    %addi 1, 0, 33;
    %ix/vec4 4;
    %load/vec4a v0000023e7cd52380, 4;
    %concat/vec4; draw_concat_vec4
    %load/vec4 v0000023e7cd51700_0;
    %parti/s 10, 0, 2;
    %pad/u 12;
    %ix/vec4 4;
    %load/vec4a v0000023e7cd52380, 4;
    %concat/vec4; draw_concat_vec4
    %store/vec4 v0000023e7cd524c0_0, 0, 32;
    %jmp T_16.8;
T_16.8 ;
    %pop/vec4 1;
T_16.0 ;
    %jmp T_16;
    .thread T_16, $push;
    .scope S_0000023e7cd292b0;
T_17 ;
    %wait E_0000023e7cd663f0;
    %pushi/vec4 0, 0, 1;
    %store/vec4 v0000023e7cd50760_0, 0, 1;
    %load/vec4 v0000023e7cd50620_0;
    %dup/vec4;
    %pushi/vec4 0, 0, 3;
    %cmp/u;
    %jmp/1 T_17.0, 6;
    %dup/vec4;
    %pushi/vec4 1, 0, 3;
    %cmp/u;
    %jmp/1 T_17.1, 6;
    %dup/vec4;
    %pushi/vec4 4, 0, 3;
    %cmp/u;
    %jmp/1 T_17.2, 6;
    %dup/vec4;
    %pushi/vec4 5, 0, 3;
    %cmp/u;
    %jmp/1 T_17.3, 6;
    %dup/vec4;
    %pushi/vec4 6, 0, 3;
    %cmp/u;
    %jmp/1 T_17.4, 6;
    %dup/vec4;
    %pushi/vec4 7, 0, 3;
    %cmp/u;
    %jmp/1 T_17.5, 6;
    %pushi/vec4 0, 0, 1;
    %store/vec4 v0000023e7cd50760_0, 0, 1;
    %jmp T_17.7;
T_17.0 ;
    %load/vec4 v0000023e7cd51660_0;
    %load/vec4 v0000023e7cd506c0_0;
    %cmp/e;
    %jmp/0xz  T_17.8, 4;
    %pushi/vec4 1, 0, 1;
    %store/vec4 v0000023e7cd50760_0, 0, 1;
T_17.8 ;
    %jmp T_17.7;
T_17.1 ;
    %load/vec4 v0000023e7cd51660_0;
    %load/vec4 v0000023e7cd506c0_0;
    %cmp/ne;
    %jmp/0xz  T_17.10, 4;
    %pushi/vec4 1, 0, 1;
    %store/vec4 v0000023e7cd50760_0, 0, 1;
T_17.10 ;
    %jmp T_17.7;
T_17.2 ;
    %load/vec4 v0000023e7cd51660_0;
    %load/vec4 v0000023e7cd506c0_0;
    %cmp/s;
    %jmp/0xz  T_17.12, 5;
    %pushi/vec4 1, 0, 1;
    %store/vec4 v0000023e7cd50760_0, 0, 1;
T_17.12 ;
    %jmp T_17.7;
T_17.3 ;
    %load/vec4 v0000023e7cd506c0_0;
    %load/vec4 v0000023e7cd51660_0;
    %cmp/s;
    %flag_or 5, 4;
    %jmp/0xz  T_17.14, 5;
    %pushi/vec4 1, 0, 1;
    %store/vec4 v0000023e7cd50760_0, 0, 1;
T_17.14 ;
    %jmp T_17.7;
T_17.4 ;
    %load/vec4 v0000023e7cd51660_0;
    %load/vec4 v0000023e7cd506c0_0;
    %cmp/u;
    %jmp/0xz  T_17.16, 5;
    %pushi/vec4 1, 0, 1;
    %store/vec4 v0000023e7cd50760_0, 0, 1;
T_17.16 ;
    %jmp T_17.7;
T_17.5 ;
    %load/vec4 v0000023e7cd506c0_0;
    %load/vec4 v0000023e7cd51660_0;
    %cmp/u;
    %flag_or 5, 4;
    %jmp/0xz  T_17.18, 5;
    %pushi/vec4 1, 0, 1;
    %store/vec4 v0000023e7cd50760_0, 0, 1;
T_17.18 ;
    %jmp T_17.7;
T_17.7 ;
    %pop/vec4 1;
    %jmp T_17;
    .thread T_17, $push;
    .scope S_0000023e7ccfc3c0;
T_18 ;
    %wait E_0000023e7cd665f0;
    %load/vec4 v0000023e7ceb6ad0_0;
    %dup/vec4;
    %pushi/vec4 0, 0, 2;
    %cmp/u;
    %jmp/1 T_18.0, 6;
    %dup/vec4;
    %pushi/vec4 1, 0, 2;
    %cmp/u;
    %jmp/1 T_18.1, 6;
    %dup/vec4;
    %pushi/vec4 2, 0, 2;
    %cmp/u;
    %jmp/1 T_18.2, 6;
    %dup/vec4;
    %pushi/vec4 3, 0, 2;
    %cmp/u;
    %jmp/1 T_18.3, 6;
    %load/vec4 v0000023e7ceb5950_0;
    %addi 4, 0, 32;
    %store/vec4 v0000023e7ceb60d0_0, 0, 32;
    %jmp T_18.5;
T_18.0 ;
    %load/vec4 v0000023e7ceb5950_0;
    %addi 4, 0, 32;
    %store/vec4 v0000023e7ceb60d0_0, 0, 32;
    %jmp T_18.5;
T_18.1 ;
    %load/vec4 v0000023e7ceb5130_0;
    %flag_set/vec4 8;
    %jmp/0xz  T_18.6, 8;
    %load/vec4 v0000023e7ceb6030_0;
    %store/vec4 v0000023e7ceb60d0_0, 0, 32;
    %jmp T_18.7;
T_18.6 ;
    %load/vec4 v0000023e7ceb5950_0;
    %addi 4, 0, 32;
    %store/vec4 v0000023e7ceb60d0_0, 0, 32;
T_18.7 ;
    %jmp T_18.5;
T_18.2 ;
    %load/vec4 v0000023e7ceb6a30_0;
    %store/vec4 v0000023e7ceb60d0_0, 0, 32;
    %jmp T_18.5;
T_18.3 ;
    %load/vec4 v0000023e7ceb5090_0;
    %store/vec4 v0000023e7ceb60d0_0, 0, 32;
    %jmp T_18.5;
T_18.5 ;
    %pop/vec4 1;
    %jmp T_18;
    .thread T_18, $push;
    .scope S_0000023e7cd00ab0;
T_19 ;
    %wait E_0000023e7cd664b0;
    %load/vec4 v0000023e7ceb6530_0;
    %dup/vec4;
    %pushi/vec4 0, 0, 2;
    %cmp/u;
    %jmp/1 T_19.0, 6;
    %dup/vec4;
    %pushi/vec4 1, 0, 2;
    %cmp/u;
    %jmp/1 T_19.1, 6;
    %dup/vec4;
    %pushi/vec4 2, 0, 2;
    %cmp/u;
    %jmp/1 T_19.2, 6;
    %dup/vec4;
    %pushi/vec4 3, 0, 2;
    %cmp/u;
    %jmp/1 T_19.3, 6;
    %pushi/vec4 0, 0, 32;
    %store/vec4 v0000023e7ceb6490_0, 0, 32;
    %jmp T_19.5;
T_19.0 ;
    %load/vec4 v0000023e7ceb62b0_0;
    %store/vec4 v0000023e7ceb6490_0, 0, 32;
    %jmp T_19.5;
T_19.1 ;
    %load/vec4 v0000023e7ceb5a90_0;
    %store/vec4 v0000023e7ceb6490_0, 0, 32;
    %jmp T_19.5;
T_19.2 ;
    %load/vec4 v0000023e7ceb4ff0_0;
    %store/vec4 v0000023e7ceb6490_0, 0, 32;
    %jmp T_19.5;
T_19.3 ;
    %pushi/vec4 0, 0, 32;
    %store/vec4 v0000023e7ceb6490_0, 0, 32;
    %jmp T_19.5;
T_19.5 ;
    %pop/vec4 1;
    %jmp T_19;
    .thread T_19, $push;
    .scope S_0000023e7cd28f90;
T_20 ;
    %wait E_0000023e7cd61d30;
    %load/vec4 v0000023e7ceb7f00_0;
    %cmpi/e 23, 0, 7;
    %jmp/0xz  T_20.0, 4;
    %pushi/vec4 1, 0, 2;
    %store/vec4 v0000023e7ceb5db0_0, 0, 2;
    %jmp T_20.1;
T_20.0 ;
    %load/vec4 v0000023e7ceb7f00_0;
    %cmpi/e 55, 0, 7;
    %jmp/0xz  T_20.2, 4;
    %pushi/vec4 2, 0, 2;
    %store/vec4 v0000023e7ceb5db0_0, 0, 2;
    %jmp T_20.3;
T_20.2 ;
    %pushi/vec4 0, 0, 2;
    %store/vec4 v0000023e7ceb5db0_0, 0, 2;
T_20.3 ;
T_20.1 ;
    %load/vec4 v0000023e7ceb5db0_0;
    %dup/vec4;
    %pushi/vec4 0, 0, 2;
    %cmp/u;
    %jmp/1 T_20.4, 6;
    %dup/vec4;
    %pushi/vec4 1, 0, 2;
    %cmp/u;
    %jmp/1 T_20.5, 6;
    %dup/vec4;
    %pushi/vec4 2, 0, 2;
    %cmp/u;
    %jmp/1 T_20.6, 6;
    %pushi/vec4 0, 0, 32;
    %store/vec4 v0000023e7ceb7c80_0, 0, 32;
    %jmp T_20.8;
T_20.4 ;
    %load/vec4 v0000023e7ceb84a0_0;
    %store/vec4 v0000023e7ceb7c80_0, 0, 32;
    %jmp T_20.8;
T_20.5 ;
    %load/vec4 v0000023e7ceb7500_0;
    %store/vec4 v0000023e7ceb7c80_0, 0, 32;
    %jmp T_20.8;
T_20.6 ;
    %pushi/vec4 0, 0, 32;
    %store/vec4 v0000023e7ceb7c80_0, 0, 32;
    %jmp T_20.8;
T_20.8 ;
    %pop/vec4 1;
    %jmp T_20;
    .thread T_20, $push;
    .scope S_0000023e7cd28f90;
T_21 ;
    %wait E_0000023e7cd62b70;
    %load/vec4 v0000023e7ceb7f00_0;
    %cmpi/e 99, 0, 7;
    %jmp/0xz  T_21.0, 4;
    %pushi/vec4 1, 0, 2;
    %store/vec4 v0000023e7ceb8400_0, 0, 2;
    %jmp T_21.1;
T_21.0 ;
    %load/vec4 v0000023e7ceb7f00_0;
    %cmpi/e 111, 0, 7;
    %jmp/0xz  T_21.2, 4;
    %pushi/vec4 2, 0, 2;
    %store/vec4 v0000023e7ceb8400_0, 0, 2;
    %jmp T_21.3;
T_21.2 ;
    %load/vec4 v0000023e7ceb7f00_0;
    %cmpi/e 103, 0, 7;
    %jmp/0xz  T_21.4, 4;
    %pushi/vec4 3, 0, 2;
    %store/vec4 v0000023e7ceb8400_0, 0, 2;
    %jmp T_21.5;
T_21.4 ;
    %pushi/vec4 0, 0, 2;
    %store/vec4 v0000023e7ceb8400_0, 0, 2;
T_21.5 ;
T_21.3 ;
T_21.1 ;
    %jmp T_21;
    .thread T_21, $push;
    .scope S_0000023e7cd28f90;
T_22 ;
    %wait E_0000023e7cd62030;
    %load/vec4 v0000023e7ceb5c70_0;
    %flag_set/vec4 8;
    %jmp/0xz  T_22.0, 8;
    %pushi/vec4 1, 0, 2;
    %store/vec4 v0000023e7ceb85e0_0, 0, 2;
    %jmp T_22.1;
T_22.0 ;
    %load/vec4 v0000023e7ceb6850_0;
    %flag_set/vec4 8;
    %jmp/0xz  T_22.2, 8;
    %pushi/vec4 2, 0, 2;
    %store/vec4 v0000023e7ceb85e0_0, 0, 2;
    %jmp T_22.3;
T_22.2 ;
    %pushi/vec4 0, 0, 2;
    %store/vec4 v0000023e7ceb85e0_0, 0, 2;
T_22.3 ;
T_22.1 ;
    %jmp T_22;
    .thread T_22, $push;
    .scope S_0000023e7ce4b090;
T_23 ;
    %delay 5000, 0;
    %load/vec4 v0000023e7cebbe20_0;
    %inv;
    %store/vec4 v0000023e7cebbe20_0, 0, 1;
    %jmp T_23;
    .thread T_23;
    .scope S_0000023e7ce4b090;
T_24 ;
    %vpi_call 2 183 "$dumpfile", "sim/rv32i_datapath/rv32i_datapath.vcd" {0 0 0};
    %vpi_call 2 184 "$dumpvars", 32'sb00000000000000000000000000000000, S_0000023e7ce4b090 {0 0 0};
    %end;
    .thread T_24;
    .scope S_0000023e7ce4b090;
T_25 ;
    %pushi/vec4 0, 0, 1;
    %store/vec4 v0000023e7cebbe20_0, 0, 1;
    %pushi/vec4 1, 0, 1;
    %store/vec4 v0000023e7cebc210_0, 0, 1;
    %pushi/vec4 0, 0, 32;
    %store/vec4 v0000023e7cebc490_0, 0, 32;
    %pushi/vec4 19, 0, 32;
    %store/vec4 v0000023e7ceba020_0, 0, 32;
    %pushi/vec4 0, 0, 32;
    %store/vec4 v0000023e7cebca30_0, 0, 32;
    %pushi/vec4 0, 0, 32;
    %store/vec4 v0000023e7cebb9c0_0, 0, 32;
    %vpi_call 2 498 "$display", "\000" {0 0 0};
    %vpi_call 2 499 "$display", "=================================================" {0 0 0};
    %vpi_call 2 500 "$display", "       RV32I DATAPATH VERIFICATION" {0 0 0};
    %vpi_call 2 501 "$display", "=================================================" {0 0 0};
    %delay 2000, 0;
    %wait E_0000023e7cd66330;
    %delay 1000, 0;
    %pushi/vec4 0, 0, 1;
    %store/vec4 v0000023e7cebc210_0, 0, 1;
    %vpi_call 2 513 "$display", "\000" {0 0 0};
    %vpi_call 2 514 "$display", "Reset completed." {0 0 0};
    %vpi_call 2 515 "$display", "\000" {0 0 0};
    %pushi/vec4 10, 0, 12;
    %pushi/vec4 0, 0, 5;
    %pushi/vec4 0, 0, 3;
    %pushi/vec4 1, 0, 5;
    %pushi/vec4 19, 0, 7;
    %store/vec4 v0000023e7ceb8a40_0, 0, 7;
    %store/vec4 v0000023e7ceb8cc0_0, 0, 5;
    %store/vec4 v0000023e7ceb8900_0, 0, 3;
    %store/vec4 v0000023e7ceb8e00_0, 0, 5;
    %store/vec4 v0000023e7ceb89a0_0, 0, 12;
    %callf/vec4 TD_rv32i_datapath_tb.encode_i, S_0000023e7ceb9420;
    %store/vec4 v0000023e7ceb9f80_0, 0, 32;
    %pushi/vec4 0, 0, 32;
    %store/vec4 v0000023e7ceba700_0, 0, 32;
    %fork TD_rv32i_datapath_tb.execute_instruction, S_0000023e7ceb9d80;
    %join;
    %pushi/vec4 1, 0, 5;
    %store/vec4 v0000023e7ceb8c20_0, 0, 5;
    %pushi/vec4 10, 0, 32;
    %store/vec4 v0000023e7ceb7b40_0, 0, 32;
    %pushi/vec4 4277316, 0, 32; draw_string_vec4
    %pushi/vec4 1226864689, 0, 32; draw_string_vec4
    %concat/vec4; draw_string_vec4
    %pushi/vec4 740325424, 0, 32; draw_string_vec4
    %concat/vec4; draw_string_vec4
    %pushi/vec4 740307248, 0, 32; draw_string_vec4
    %concat/vec4; draw_string_vec4
    %store/vec4 v0000023e7ceb7be0_0, 0, 128;
    %fork TD_rv32i_datapath_tb.check_register, S_0000023e7ceb9a60;
    %join;
    %pushi/vec4 20, 0, 12;
    %pushi/vec4 0, 0, 5;
    %pushi/vec4 0, 0, 3;
    %pushi/vec4 2, 0, 5;
    %pushi/vec4 19, 0, 7;
    %store/vec4 v0000023e7ceb8a40_0, 0, 7;
    %store/vec4 v0000023e7ceb8cc0_0, 0, 5;
    %store/vec4 v0000023e7ceb8900_0, 0, 3;
    %store/vec4 v0000023e7ceb8e00_0, 0, 5;
    %store/vec4 v0000023e7ceb89a0_0, 0, 12;
    %callf/vec4 TD_rv32i_datapath_tb.encode_i, S_0000023e7ceb9420;
    %store/vec4 v0000023e7ceb9f80_0, 0, 32;
    %pushi/vec4 4, 0, 32;
    %store/vec4 v0000023e7ceba700_0, 0, 32;
    %fork TD_rv32i_datapath_tb.execute_instruction, S_0000023e7ceb9d80;
    %join;
    %pushi/vec4 2, 0, 5;
    %store/vec4 v0000023e7ceb8c20_0, 0, 5;
    %pushi/vec4 20, 0, 32;
    %store/vec4 v0000023e7ceb7b40_0, 0, 32;
    %pushi/vec4 4277316, 0, 32; draw_string_vec4
    %pushi/vec4 1226864690, 0, 32; draw_string_vec4
    %concat/vec4; draw_string_vec4
    %pushi/vec4 740325424, 0, 32; draw_string_vec4
    %concat/vec4; draw_string_vec4
    %pushi/vec4 740307504, 0, 32; draw_string_vec4
    %concat/vec4; draw_string_vec4
    %store/vec4 v0000023e7ceb7be0_0, 0, 128;
    %fork TD_rv32i_datapath_tb.check_register, S_0000023e7ceb9a60;
    %join;
    %pushi/vec4 0, 0, 7;
    %pushi/vec4 2, 0, 5;
    %pushi/vec4 1, 0, 5;
    %pushi/vec4 0, 0, 3;
    %pushi/vec4 3, 0, 5;
    %store/vec4 v0000023e7ceba160_0, 0, 5;
    %store/vec4 v0000023e7cebbd80_0, 0, 3;
    %store/vec4 v0000023e7ceba5c0_0, 0, 5;
    %store/vec4 v0000023e7cebbb00_0, 0, 5;
    %store/vec4 v0000023e7cebb600_0, 0, 7;
    %callf/vec4 TD_rv32i_datapath_tb.encode_r, S_0000023e7ceb95b0;
    %store/vec4 v0000023e7ceb9f80_0, 0, 32;
    %pushi/vec4 8, 0, 32;
    %store/vec4 v0000023e7ceba700_0, 0, 32;
    %fork TD_rv32i_datapath_tb.execute_instruction, S_0000023e7ceb9d80;
    %join;
    %pushi/vec4 3, 0, 5;
    %store/vec4 v0000023e7ceb8c20_0, 0, 5;
    %pushi/vec4 30, 0, 32;
    %store/vec4 v0000023e7ceb7b40_0, 0, 32;
    %pushi/vec4 16708, 0, 32; draw_string_vec4
    %pushi/vec4 1142978611, 0, 32; draw_string_vec4
    %concat/vec4; draw_string_vec4
    %pushi/vec4 740325425, 0, 32; draw_string_vec4
    %concat/vec4; draw_string_vec4
    %pushi/vec4 740325426, 0, 32; draw_string_vec4
    %concat/vec4; draw_string_vec4
    %store/vec4 v0000023e7ceb7be0_0, 0, 128;
    %fork TD_rv32i_datapath_tb.check_register, S_0000023e7ceb9a60;
    %join;
    %pushi/vec4 32, 0, 7;
    %pushi/vec4 1, 0, 5;
    %pushi/vec4 2, 0, 5;
    %pushi/vec4 0, 0, 3;
    %pushi/vec4 4, 0, 5;
    %store/vec4 v0000023e7ceba160_0, 0, 5;
    %store/vec4 v0000023e7cebbd80_0, 0, 3;
    %store/vec4 v0000023e7ceba5c0_0, 0, 5;
    %store/vec4 v0000023e7cebbb00_0, 0, 5;
    %store/vec4 v0000023e7cebb600_0, 0, 7;
    %callf/vec4 TD_rv32i_datapath_tb.encode_r, S_0000023e7ceb95b0;
    %store/vec4 v0000023e7ceb9f80_0, 0, 32;
    %pushi/vec4 12, 0, 32;
    %store/vec4 v0000023e7ceba700_0, 0, 32;
    %fork TD_rv32i_datapath_tb.execute_instruction, S_0000023e7ceb9d80;
    %join;
    %pushi/vec4 4, 0, 5;
    %store/vec4 v0000023e7ceb8c20_0, 0, 5;
    %pushi/vec4 10, 0, 32;
    %store/vec4 v0000023e7ceb7b40_0, 0, 32;
    %pushi/vec4 21333, 0, 32; draw_string_vec4
    %pushi/vec4 1109424180, 0, 32; draw_string_vec4
    %concat/vec4; draw_string_vec4
    %pushi/vec4 740325426, 0, 32; draw_string_vec4
    %concat/vec4; draw_string_vec4
    %pushi/vec4 740325425, 0, 32; draw_string_vec4
    %concat/vec4; draw_string_vec4
    %store/vec4 v0000023e7ceb7be0_0, 0, 128;
    %fork TD_rv32i_datapath_tb.check_register, S_0000023e7ceb9a60;
    %join;
    %pushi/vec4 0, 0, 7;
    %pushi/vec4 2, 0, 5;
    %pushi/vec4 1, 0, 5;
    %pushi/vec4 7, 0, 3;
    %pushi/vec4 5, 0, 5;
    %store/vec4 v0000023e7ceba160_0, 0, 5;
    %store/vec4 v0000023e7cebbd80_0, 0, 3;
    %store/vec4 v0000023e7ceba5c0_0, 0, 5;
    %store/vec4 v0000023e7cebbb00_0, 0, 5;
    %store/vec4 v0000023e7cebb600_0, 0, 7;
    %callf/vec4 TD_rv32i_datapath_tb.encode_r, S_0000023e7ceb95b0;
    %store/vec4 v0000023e7ceb9f80_0, 0, 32;
    %pushi/vec4 16, 0, 32;
    %store/vec4 v0000023e7ceba700_0, 0, 32;
    %fork TD_rv32i_datapath_tb.execute_instruction, S_0000023e7ceb9d80;
    %join;
    %pushi/vec4 5, 0, 5;
    %store/vec4 v0000023e7ceb8c20_0, 0, 5;
    %pushi/vec4 0, 0, 32;
    %store/vec4 v0000023e7ceb7b40_0, 0, 32;
    %pushi/vec4 16718, 0, 32; draw_string_vec4
    %pushi/vec4 1142978613, 0, 32; draw_string_vec4
    %concat/vec4; draw_string_vec4
    %pushi/vec4 740325425, 0, 32; draw_string_vec4
    %concat/vec4; draw_string_vec4
    %pushi/vec4 740325426, 0, 32; draw_string_vec4
    %concat/vec4; draw_string_vec4
    %store/vec4 v0000023e7ceb7be0_0, 0, 128;
    %fork TD_rv32i_datapath_tb.check_register, S_0000023e7ceb9a60;
    %join;
    %pushi/vec4 0, 0, 7;
    %pushi/vec4 2, 0, 5;
    %pushi/vec4 1, 0, 5;
    %pushi/vec4 6, 0, 3;
    %pushi/vec4 6, 0, 5;
    %store/vec4 v0000023e7ceba160_0, 0, 5;
    %store/vec4 v0000023e7cebbd80_0, 0, 3;
    %store/vec4 v0000023e7ceba5c0_0, 0, 5;
    %store/vec4 v0000023e7cebbb00_0, 0, 5;
    %store/vec4 v0000023e7cebb600_0, 0, 7;
    %callf/vec4 TD_rv32i_datapath_tb.encode_r, S_0000023e7ceb95b0;
    %store/vec4 v0000023e7ceb9f80_0, 0, 32;
    %pushi/vec4 20, 0, 32;
    %store/vec4 v0000023e7ceba700_0, 0, 32;
    %fork TD_rv32i_datapath_tb.execute_instruction, S_0000023e7ceb9d80;
    %join;
    %pushi/vec4 6, 0, 5;
    %store/vec4 v0000023e7ceb8c20_0, 0, 5;
    %pushi/vec4 30, 0, 32;
    %store/vec4 v0000023e7ceb7b40_0, 0, 32;
    %pushi/vec4 79, 0, 32; draw_string_vec4
    %pushi/vec4 1377859638, 0, 32; draw_string_vec4
    %concat/vec4; draw_string_vec4
    %pushi/vec4 740325425, 0, 32; draw_string_vec4
    %concat/vec4; draw_string_vec4
    %pushi/vec4 740325426, 0, 32; draw_string_vec4
    %concat/vec4; draw_string_vec4
    %store/vec4 v0000023e7ceb7be0_0, 0, 128;
    %fork TD_rv32i_datapath_tb.check_register, S_0000023e7ceb9a60;
    %join;
    %pushi/vec4 0, 0, 12;
    %pushi/vec4 3, 0, 5;
    %pushi/vec4 0, 0, 5;
    %pushi/vec4 2, 0, 3;
    %pushi/vec4 35, 0, 7;
    %store/vec4 v0000023e7ceba520_0, 0, 7;
    %store/vec4 v0000023e7ceba480_0, 0, 3;
    %store/vec4 v0000023e7cebb420_0, 0, 5;
    %store/vec4 v0000023e7cebaa20_0, 0, 5;
    %store/vec4 v0000023e7cebaac0_0, 0, 12;
    %callf/vec4 TD_rv32i_datapath_tb.encode_s, S_0000023e7ceb9bf0;
    %store/vec4 v0000023e7ceb9f80_0, 0, 32;
    %pushi/vec4 24, 0, 32;
    %store/vec4 v0000023e7ceba700_0, 0, 32;
    %fork TD_rv32i_datapath_tb.execute_instruction, S_0000023e7ceb9d80;
    %join;
    %vpi_call 2 677 "$display", "\000" {0 0 0};
    %vpi_call 2 678 "$display", "[INFO] SW x3, 0(x0) executed." {0 0 0};
    %pushi/vec4 0, 0, 12;
    %pushi/vec4 0, 0, 5;
    %pushi/vec4 2, 0, 3;
    %pushi/vec4 7, 0, 5;
    %pushi/vec4 3, 0, 7;
    %store/vec4 v0000023e7ceb8a40_0, 0, 7;
    %store/vec4 v0000023e7ceb8cc0_0, 0, 5;
    %store/vec4 v0000023e7ceb8900_0, 0, 3;
    %store/vec4 v0000023e7ceb8e00_0, 0, 5;
    %store/vec4 v0000023e7ceb89a0_0, 0, 12;
    %callf/vec4 TD_rv32i_datapath_tb.encode_i, S_0000023e7ceb9420;
    %store/vec4 v0000023e7ceb9f80_0, 0, 32;
    %pushi/vec4 28, 0, 32;
    %store/vec4 v0000023e7ceba700_0, 0, 32;
    %fork TD_rv32i_datapath_tb.execute_instruction, S_0000023e7ceb9d80;
    %join;
    %pushi/vec4 7, 0, 5;
    %store/vec4 v0000023e7ceb8c20_0, 0, 5;
    %pushi/vec4 30, 0, 32;
    %store/vec4 v0000023e7ceb7b40_0, 0, 32;
    %pushi/vec4 0, 0, 32; draw_string_vec4
    %pushi/vec4 1280778360, 0, 32; draw_string_vec4
    %concat/vec4; draw_string_vec4
    %pushi/vec4 925638704, 0, 32; draw_string_vec4
    %concat/vec4; draw_string_vec4
    %pushi/vec4 678965289, 0, 32; draw_string_vec4
    %concat/vec4; draw_string_vec4
    %store/vec4 v0000023e7ceb7be0_0, 0, 128;
    %fork TD_rv32i_datapath_tb.check_register, S_0000023e7ceb9a60;
    %join;
    %pushi/vec4 8, 0, 13;
    %pushi/vec4 7, 0, 5;
    %pushi/vec4 3, 0, 5;
    %pushi/vec4 0, 0, 3;
    %store/vec4 v0000023e7ceb7280_0, 0, 3;
    %store/vec4 v0000023e7ceb8220_0, 0, 5;
    %store/vec4 v0000023e7ceb87c0_0, 0, 5;
    %store/vec4 v0000023e7ceb7460_0, 0, 13;
    %callf/vec4 TD_rv32i_datapath_tb.encode_b, S_0000023e7ceb9290;
    %store/vec4 v0000023e7ceb8680_0, 0, 32;
    %pushi/vec4 32, 0, 32;
    %store/vec4 v0000023e7ceb7960_0, 0, 32;
    %fork TD_rv32i_datapath_tb.apply_instruction, S_0000023e7cd00c40;
    %join;
    %pushi/vec4 40, 0, 32;
    %store/vec4 v0000023e7ceb7aa0_0, 0, 32;
    %pushi/vec4 0, 0, 32; draw_string_vec4
    %pushi/vec4 66, 0, 32; draw_string_vec4
    %concat/vec4; draw_string_vec4
    %pushi/vec4 1162944628, 0, 32; draw_string_vec4
    %concat/vec4; draw_string_vec4
    %pushi/vec4 1634428270, 0, 32; draw_string_vec4
    %concat/vec4; draw_string_vec4
    %store/vec4 v0000023e7ceb8040_0, 0, 128;
    %fork TD_rv32i_datapath_tb.check_next_pc, S_0000023e7cd00dd0;
    %join;
    %pushi/vec4 8, 0, 13;
    %pushi/vec4 7, 0, 5;
    %pushi/vec4 3, 0, 5;
    %pushi/vec4 1, 0, 3;
    %store/vec4 v0000023e7ceb7280_0, 0, 3;
    %store/vec4 v0000023e7ceb8220_0, 0, 5;
    %store/vec4 v0000023e7ceb87c0_0, 0, 5;
    %store/vec4 v0000023e7ceb7460_0, 0, 13;
    %callf/vec4 TD_rv32i_datapath_tb.encode_b, S_0000023e7ceb9290;
    %store/vec4 v0000023e7ceb8680_0, 0, 32;
    %pushi/vec4 48, 0, 32;
    %store/vec4 v0000023e7ceb7960_0, 0, 32;
    %fork TD_rv32i_datapath_tb.apply_instruction, S_0000023e7cd00c40;
    %join;
    %pushi/vec4 52, 0, 32;
    %store/vec4 v0000023e7ceb7aa0_0, 0, 32;
    %pushi/vec4 66, 0, 32; draw_string_vec4
    %pushi/vec4 1313153134, 0, 32; draw_string_vec4
    %concat/vec4; draw_string_vec4
    %pushi/vec4 1869881460, 0, 32; draw_string_vec4
    %concat/vec4; draw_string_vec4
    %pushi/vec4 1634428270, 0, 32; draw_string_vec4
    %concat/vec4; draw_string_vec4
    %store/vec4 v0000023e7ceb8040_0, 0, 128;
    %fork TD_rv32i_datapath_tb.check_next_pc, S_0000023e7cd00dd0;
    %join;
    %pushi/vec4 16, 0, 21;
    %pushi/vec4 8, 0, 5;
    %store/vec4 v0000023e7cebade0_0, 0, 5;
    %store/vec4 v0000023e7cd51020_0, 0, 21;
    %callf/vec4 TD_rv32i_datapath_tb.encode_j, S_0000023e7ceb9740;
    %store/vec4 v0000023e7ceb8680_0, 0, 32;
    %pushi/vec4 64, 0, 32;
    %store/vec4 v0000023e7ceb7960_0, 0, 32;
    %fork TD_rv32i_datapath_tb.apply_instruction, S_0000023e7cd00c40;
    %join;
    %pushi/vec4 80, 0, 32;
    %store/vec4 v0000023e7ceb7aa0_0, 0, 32;
    %pushi/vec4 0, 0, 32; draw_string_vec4
    %pushi/vec4 19009, 0, 32; draw_string_vec4
    %concat/vec4; draw_string_vec4
    %pushi/vec4 1277195361, 0, 32; draw_string_vec4
    %concat/vec4; draw_string_vec4
    %pushi/vec4 1919378804, 0, 32; draw_string_vec4
    %concat/vec4; draw_string_vec4
    %store/vec4 v0000023e7ceb8040_0, 0, 128;
    %fork TD_rv32i_datapath_tb.check_next_pc, S_0000023e7cd00dd0;
    %join;
    %delay 1000, 0;
    %load/vec4 v0000023e7cebca30_0;
    %addi 1, 0, 32;
    %store/vec4 v0000023e7cebca30_0, 0, 32;
    %load/vec4 v0000023e7cebd890_0;
    %cmpi/ne 68, 0, 32;
    %jmp/0xz  T_25.0, 6;
    %vpi_call 2 786 "$display", "[FAIL] JAL return address" {0 0 0};
    %vpi_call 2 787 "$display", "       Expected = 00000044" {0 0 0};
    %vpi_call 2 788 "$display", "       Got      = %h", v0000023e7cebd890_0 {0 0 0};
    %load/vec4 v0000023e7cebb9c0_0;
    %addi 1, 0, 32;
    %store/vec4 v0000023e7cebb9c0_0, 0, 32;
    %jmp T_25.1;
T_25.0 ;
    %vpi_call 2 796 "$display", "[PASS] JAL return address" {0 0 0};
T_25.1 ;
    %pushi/vec4 4, 0, 12;
    %pushi/vec4 1, 0, 5;
    %pushi/vec4 0, 0, 3;
    %pushi/vec4 9, 0, 5;
    %pushi/vec4 103, 0, 7;
    %store/vec4 v0000023e7ceb8a40_0, 0, 7;
    %store/vec4 v0000023e7ceb8cc0_0, 0, 5;
    %store/vec4 v0000023e7ceb8900_0, 0, 3;
    %store/vec4 v0000023e7ceb8e00_0, 0, 5;
    %store/vec4 v0000023e7ceb89a0_0, 0, 12;
    %callf/vec4 TD_rv32i_datapath_tb.encode_i, S_0000023e7ceb9420;
    %store/vec4 v0000023e7ceb8680_0, 0, 32;
    %pushi/vec4 96, 0, 32;
    %store/vec4 v0000023e7ceb7960_0, 0, 32;
    %fork TD_rv32i_datapath_tb.apply_instruction, S_0000023e7cd00c40;
    %join;
    %pushi/vec4 14, 0, 32;
    %store/vec4 v0000023e7ceb7aa0_0, 0, 32;
    %pushi/vec4 0, 0, 32; draw_string_vec4
    %pushi/vec4 4866380, 0, 32; draw_string_vec4
    %concat/vec4; draw_string_vec4
    %pushi/vec4 1377858657, 0, 32; draw_string_vec4
    %concat/vec4; draw_string_vec4
    %pushi/vec4 1919378804, 0, 32; draw_string_vec4
    %concat/vec4; draw_string_vec4
    %store/vec4 v0000023e7ceb8040_0, 0, 128;
    %fork TD_rv32i_datapath_tb.check_next_pc, S_0000023e7cd00dd0;
    %join;
    %delay 1000, 0;
    %load/vec4 v0000023e7cebca30_0;
    %addi 1, 0, 32;
    %store/vec4 v0000023e7cebca30_0, 0, 32;
    %load/vec4 v0000023e7cebd890_0;
    %cmpi/ne 100, 0, 32;
    %jmp/0xz  T_25.2, 6;
    %vpi_call 2 833 "$display", "[FAIL] JALR return address" {0 0 0};
    %vpi_call 2 834 "$display", "       Expected = 00000064" {0 0 0};
    %vpi_call 2 835 "$display", "       Got      = %h", v0000023e7cebd890_0 {0 0 0};
    %load/vec4 v0000023e7cebb9c0_0;
    %addi 1, 0, 32;
    %store/vec4 v0000023e7cebb9c0_0, 0, 32;
    %jmp T_25.3;
T_25.2 ;
    %vpi_call 2 843 "$display", "[PASS] JALR return address" {0 0 0};
T_25.3 ;
    %pushi/vec4 74565, 0, 20;
    %pushi/vec4 10, 0, 5;
    %pushi/vec4 55, 0, 7;
    %store/vec4 v0000023e7ceba660_0, 0, 7;
    %store/vec4 v0000023e7ceba3e0_0, 0, 5;
    %store/vec4 v0000023e7cebb4c0_0, 0, 20;
    %callf/vec4 TD_rv32i_datapath_tb.encode_u, S_0000023e7ceb98d0;
    %store/vec4 v0000023e7ceb9f80_0, 0, 32;
    %pushi/vec4 112, 0, 32;
    %store/vec4 v0000023e7ceba700_0, 0, 32;
    %fork TD_rv32i_datapath_tb.execute_instruction, S_0000023e7ceb9d80;
    %join;
    %pushi/vec4 10, 0, 5;
    %store/vec4 v0000023e7ceb8c20_0, 0, 5;
    %pushi/vec4 305418240, 0, 32;
    %store/vec4 v0000023e7ceb7b40_0, 0, 32;
    %pushi/vec4 1280657696, 0, 32; draw_string_vec4
    %pushi/vec4 2016489516, 0, 32; draw_string_vec4
    %concat/vec4; draw_string_vec4
    %pushi/vec4 540047409, 0, 32; draw_string_vec4
    %concat/vec4; draw_string_vec4
    %pushi/vec4 842216501, 0, 32; draw_string_vec4
    %concat/vec4; draw_string_vec4
    %store/vec4 v0000023e7ceb7be0_0, 0, 128;
    %fork TD_rv32i_datapath_tb.check_register, S_0000023e7ceb9a60;
    %join;
    %pushi/vec4 1, 0, 20;
    %pushi/vec4 11, 0, 5;
    %pushi/vec4 23, 0, 7;
    %store/vec4 v0000023e7ceba660_0, 0, 7;
    %store/vec4 v0000023e7ceba3e0_0, 0, 5;
    %store/vec4 v0000023e7cebb4c0_0, 0, 20;
    %callf/vec4 TD_rv32i_datapath_tb.encode_u, S_0000023e7ceb98d0;
    %store/vec4 v0000023e7ceb9f80_0, 0, 32;
    %pushi/vec4 256, 0, 32;
    %store/vec4 v0000023e7ceba700_0, 0, 32;
    %fork TD_rv32i_datapath_tb.execute_instruction, S_0000023e7ceb9d80;
    %join;
    %pushi/vec4 11, 0, 5;
    %store/vec4 v0000023e7ceb8c20_0, 0, 5;
    %pushi/vec4 4352, 0, 32;
    %store/vec4 v0000023e7ceb7b40_0, 0, 32;
    %pushi/vec4 16725, 0, 32; draw_string_vec4
    %pushi/vec4 1229996832, 0, 32; draw_string_vec4
    %concat/vec4; draw_string_vec4
    %pushi/vec4 2016489772, 0, 32; draw_string_vec4
    %concat/vec4; draw_string_vec4
    %pushi/vec4 540047409, 0, 32; draw_string_vec4
    %concat/vec4; draw_string_vec4
    %store/vec4 v0000023e7ceb7be0_0, 0, 128;
    %fork TD_rv32i_datapath_tb.check_register, S_0000023e7ceb9a60;
    %join;
    %pushi/vec4 123, 0, 12;
    %pushi/vec4 0, 0, 5;
    %pushi/vec4 0, 0, 3;
    %pushi/vec4 0, 0, 5;
    %pushi/vec4 19, 0, 7;
    %store/vec4 v0000023e7ceb8a40_0, 0, 7;
    %store/vec4 v0000023e7ceb8cc0_0, 0, 5;
    %store/vec4 v0000023e7ceb8900_0, 0, 3;
    %store/vec4 v0000023e7ceb8e00_0, 0, 5;
    %store/vec4 v0000023e7ceb89a0_0, 0, 12;
    %callf/vec4 TD_rv32i_datapath_tb.encode_i, S_0000023e7ceb9420;
    %store/vec4 v0000023e7ceb9f80_0, 0, 32;
    %pushi/vec4 260, 0, 32;
    %store/vec4 v0000023e7ceba700_0, 0, 32;
    %fork TD_rv32i_datapath_tb.execute_instruction, S_0000023e7ceb9d80;
    %join;
    %pushi/vec4 0, 0, 5;
    %store/vec4 v0000023e7ceb8c20_0, 0, 5;
    %pushi/vec4 0, 0, 32;
    %store/vec4 v0000023e7ceb7b40_0, 0, 32;
    %pushi/vec4 3269773550, 0, 33;
    %concati/vec4 3538209480, 0, 32;
    %concati/vec4 2178006145, 0, 33;
    %concati/vec4 979726959, 0, 30;
    %store/vec4 v0000023e7ceb7be0_0, 0, 128;
    %fork TD_rv32i_datapath_tb.check_register, S_0000023e7ceb9a60;
    %join;
    %vpi_call 2 926 "$display", "\000" {0 0 0};
    %vpi_call 2 927 "$display", "=================================================" {0 0 0};
    %vpi_call 2 928 "$display", "              VERIFICATION SUMMARY" {0 0 0};
    %vpi_call 2 929 "$display", "=================================================" {0 0 0};
    %vpi_call 2 930 "$display", "Tests  : %0d", v0000023e7cebca30_0 {0 0 0};
    %vpi_call 2 931 "$display", "Errors : %0d", v0000023e7cebb9c0_0 {0 0 0};
    %load/vec4 v0000023e7cebb9c0_0;
    %cmpi/e 0, 0, 32;
    %jmp/0xz  T_25.4, 4;
    %vpi_call 2 935 "$display", "\000" {0 0 0};
    %vpi_call 2 936 "$display", "***********************************************" {0 0 0};
    %vpi_call 2 937 "$display", "*                                             *" {0 0 0};
    %vpi_call 2 938 "$display", "*       ALL DATAPATH TESTS PASSED!           *" {0 0 0};
    %vpi_call 2 939 "$display", "*                                             *" {0 0 0};
    %vpi_call 2 940 "$display", "***********************************************" {0 0 0};
    %jmp T_25.5;
T_25.4 ;
    %vpi_call 2 946 "$display", "\000" {0 0 0};
    %vpi_call 2 947 "$display", "***********************************************" {0 0 0};
    %vpi_call 2 948 "$display", "*                                             *" {0 0 0};
    %vpi_call 2 949 "$display", "*       DATAPATH VERIFICATION FAILED         *" {0 0 0};
    %vpi_call 2 950 "$display", "*                                             *" {0 0 0};
    %vpi_call 2 951 "$display", "***********************************************" {0 0 0};
T_25.5 ;
    %vpi_call 2 955 "$finish" {0 0 0};
    %end;
    .thread T_25;
# The file index is used to find the file name in the following table.
:file_names 13;
    "N/A";
    "<interactive>";
    "tb/core/rv32i_datapath_tb.v";
    "rtl/core/rv32i_datapath.v";
    "rtl/core/alu.v";
    "rtl/core/branch_unit.v";
    "rtl/core/data_memory.v";
    "rtl/core/immediate_generator.v";
    "rtl/core/next_pc.v";
    "rtl/common/register_file.v";
    "rtl/core/write_back.v";
    "rtl/core/alu_control.v";
    "rtl/core/control_unit.v";
