#! /c/Source/iverilog-install/bin/vvp
:ivl_version "12.0 (devel)" "(s20150603-1110-g18392a46)";
:ivl_delay_selection "TYPICAL";
:vpi_time_precision + 0;
:vpi_module "C:\iverilog\lib\ivl\system.vpi";
:vpi_module "C:\iverilog\lib\ivl\vhdl_sys.vpi";
:vpi_module "C:\iverilog\lib\ivl\vhdl_textio.vpi";
:vpi_module "C:\iverilog\lib\ivl\v2005_math.vpi";
:vpi_module "C:\iverilog\lib\ivl\va_math.vpi";
S_000001482c806ca0 .scope module, "fpga_top" "fpga_top" 2 22;
 .timescale 0 0;
    .port_info 0 /INPUT 1 "clk";
    .port_info 1 /INPUT 1 "rst";
    .port_info 2 /OUTPUT 8 "led";
P_000001482c748c20 .param/l "DATA_WIDTH" 0 2 23, +C4<00000000000000000000000000100000>;
P_000001482c748c58 .param/str "INIT_FILE" 0 2 24, "programs/program.hex";
o000001482c89feb8 .functor BUFZ 1, C4<z>; HiZ drive
v000001482c8ef2c0_0 .net "clk", 0 0, o000001482c89feb8;  0 drivers
v000001482c8ef5e0_0 .net "debug_pc", 31 0, L_000001482c8372d0;  1 drivers
v000001482c8eec80_0 .net "led", 7 0, L_000001482c8efb80;  1 drivers
o000001482c8abfd8 .functor BUFZ 1, C4<z>; HiZ drive
v000001482c8ef040_0 .net "rst", 0 0, o000001482c8abfd8;  0 drivers
L_000001482c8efb80 .part L_000001482c8372d0, 0, 8;
S_000001482c806e30 .scope module, "u_rv32i_cpu" "rv32i_cpu" 2 58, 3 28 0, S_000001482c806ca0;
 .timescale 0 0;
    .port_info 0 /INPUT 1 "clk";
    .port_info 1 /INPUT 1 "rst";
    .port_info 2 /OUTPUT 32 "debug_pc";
P_000001482c748ca0 .param/l "DATA_WIDTH" 0 3 29, +C4<00000000000000000000000000100000>;
P_000001482c748cd8 .param/str "INIT_FILE" 0 3 30, "programs/program.hex";
L_000001482c8372d0 .functor BUFZ 32, v000001482c8e81e0_0, C4<00000000000000000000000000000000>, C4<00000000000000000000000000000000>, C4<00000000000000000000000000000000>;
v000001482c8ecd40_0 .net "ALUOp", 1 0, v000001482c83bbf0_0;  1 drivers
v000001482c8eb260_0 .net "ALUSrc", 0 0, v000001482c83cff0_0;  1 drivers
v000001482c8ec020_0 .net "Branch", 0 0, v000001482c83c730_0;  1 drivers
v000001482c8ecde0_0 .net "Jump", 0 0, v000001482c83be70_0;  1 drivers
v000001482c8ec660_0 .net "MemRead", 0 0, v000001482c83bfb0_0;  1 drivers
v000001482c8ece80_0 .net "MemToReg", 0 0, v000001482c83d4f0_0;  1 drivers
v000001482c8eb9e0_0 .net "MemWrite", 0 0, v000001482c83c7d0_0;  1 drivers
v000001482c8ec700_0 .net "RegWrite", 0 0, v000001482c83c9b0_0;  1 drivers
v000001482c8ebe40_0 .net "alu_control", 3 0, v000001482c83bdd0_0;  1 drivers
v000001482c8ec200_0 .net "alu_result", 31 0, v000001482c8e8e60_0;  1 drivers
v000001482c8ebc60_0 .net "branch_taken", 0 0, L_000001482c836ee0;  1 drivers
v000001482c8ebd00_0 .net "clk", 0 0, o000001482c89feb8;  alias, 0 drivers
v000001482c8ecf20_0 .net "debug_pc", 31 0, L_000001482c8372d0;  alias, 1 drivers
v000001482c8eb080_0 .net "funct3", 2 0, L_000001482c8eedc0;  1 drivers
v000001482c8eb300_0 .net "funct7", 6 0, L_000001482c8ef180;  1 drivers
v000001482c8ec840_0 .net "instruction", 31 0, L_000001482c837340;  1 drivers
v000001482c8ec2a0_0 .net "mem_address", 31 0, L_000001482c8373b0;  1 drivers
v000001482c8eb620_0 .net "mem_funct3", 2 0, L_000001482c8ee960;  1 drivers
v000001482c8eb800_0 .net "mem_read", 0 0, L_000001482c836c40;  1 drivers
v000001482c8eb8a0_0 .net "mem_read_data", 31 0, L_000001482c8efae0;  1 drivers
v000001482c8eb940_0 .net "mem_write", 0 0, L_000001482c837420;  1 drivers
v000001482c8eba80_0 .net "mem_write_data", 31 0, L_000001482c8367e0;  1 drivers
v000001482c8ebbc0_0 .net "opcode", 6 0, L_000001482c8ee6e0;  1 drivers
v000001482c8ec340_0 .net "pc", 31 0, v000001482c8e81e0_0;  1 drivers
v000001482c8ec3e0_0 .net "pc_next", 31 0, v000001482c8e7920_0;  1 drivers
v000001482c8ebb20_0 .net "ram_address", 31 0, L_000001482c836f50;  1 drivers
v000001482c8ec480_0 .net "ram_funct3", 2 0, L_000001482c8370a0;  1 drivers
v000001482c8ee280_0 .net "ram_read", 0 0, L_000001482c836d20;  1 drivers
v000001482c8ef9a0_0 .net "ram_read_data", 31 0, v000001482c83cf50_0;  1 drivers
v000001482c8efe00_0 .net "ram_write", 0 0, L_000001482c836e00;  1 drivers
v000001482c8ee320_0 .net "ram_write_data", 31 0, L_000001482c836fc0;  1 drivers
v000001482c8ee3c0_0 .net "rd_data", 31 0, v000001482c8e9930_0;  1 drivers
v000001482c8ef220_0 .net "rst", 0 0, o000001482c8abfd8;  alias, 0 drivers
v000001482c8ee820_0 .net "sha_address", 31 0, L_000001482c80c810;  1 drivers
v000001482c8ee500_0 .net "sha_funct3", 2 0, L_000001482c895b20;  1 drivers
v000001482c8ee640_0 .net "sha_read", 0 0, L_000001482c80c730;  1 drivers
L_000001482c8f04a0 .functor BUFT 1, C4<00000000000000000000000000000000>, C4<0>, C4<0>, C4<0>;
v000001482c8ee460_0 .net "sha_read_data", 31 0, L_000001482c8f04a0;  1 drivers
v000001482c8efcc0_0 .net "sha_write", 0 0, L_000001482c80bd20;  1 drivers
v000001482c8eefa0_0 .net "sha_write_data", 31 0, L_000001482c8967d0;  1 drivers
L_000001482c8ee6e0 .part L_000001482c837340, 0, 7;
L_000001482c8eedc0 .part L_000001482c837340, 12, 3;
L_000001482c8ef180 .part L_000001482c837340, 25, 7;
S_000001482c7a48d0 .scope module, "u_alu_control" "alu_control" 3 191, 4 31 0, S_000001482c806e30;
 .timescale 0 0;
    .port_info 0 /INPUT 2 "ALUOp";
    .port_info 1 /INPUT 3 "funct3";
    .port_info 2 /INPUT 7 "funct7";
    .port_info 3 /OUTPUT 4 "alu_control";
v000001482c83ca50_0 .net "ALUOp", 1 0, v000001482c83bbf0_0;  alias, 1 drivers
v000001482c83bdd0_0 .var "alu_control", 3 0;
v000001482c83bf10_0 .net "funct3", 2 0, L_000001482c8eedc0;  alias, 1 drivers
v000001482c83c370_0 .net "funct7", 6 0, L_000001482c8ef180;  alias, 1 drivers
E_000001482c851610 .event anyedge, v000001482c83ca50_0, v000001482c83bf10_0, v000001482c83c370_0;
S_000001482c7a4a60 .scope module, "u_control_unit" "control_unit" 3 174, 5 27 0, S_000001482c806e30;
 .timescale 0 0;
    .port_info 0 /INPUT 7 "opcode";
    .port_info 1 /OUTPUT 1 "RegWrite";
    .port_info 2 /OUTPUT 1 "MemRead";
    .port_info 3 /OUTPUT 1 "MemWrite";
    .port_info 4 /OUTPUT 1 "MemToReg";
    .port_info 5 /OUTPUT 1 "ALUSrc";
    .port_info 6 /OUTPUT 1 "Branch";
    .port_info 7 /OUTPUT 1 "Jump";
    .port_info 8 /OUTPUT 2 "ALUOp";
v000001482c83bbf0_0 .var "ALUOp", 1 0;
v000001482c83cff0_0 .var "ALUSrc", 0 0;
v000001482c83c730_0 .var "Branch", 0 0;
v000001482c83be70_0 .var "Jump", 0 0;
v000001482c83bfb0_0 .var "MemRead", 0 0;
v000001482c83d4f0_0 .var "MemToReg", 0 0;
v000001482c83c7d0_0 .var "MemWrite", 0 0;
v000001482c83c9b0_0 .var "RegWrite", 0 0;
v000001482c83caf0_0 .net "opcode", 6 0, L_000001482c8ee6e0;  alias, 1 drivers
E_000001482c851250 .event anyedge, v000001482c83caf0_0;
S_000001482c7a4bf0 .scope module, "u_data_memory" "data_memory" 3 299, 6 30 0, S_000001482c806e30;
 .timescale 0 0;
    .port_info 0 /INPUT 1 "clk";
    .port_info 1 /INPUT 1 "rst";
    .port_info 2 /INPUT 1 "mem_read";
    .port_info 3 /INPUT 1 "mem_write";
    .port_info 4 /INPUT 3 "funct3";
    .port_info 5 /INPUT 32 "address";
    .port_info 6 /INPUT 32 "write_data";
    .port_info 7 /OUTPUT 32 "read_data";
P_000001482c7a97a0 .param/l "ADDR_WIDTH" 0 6 32, +C4<00000000000000000000000000001010>;
P_000001482c7a97d8 .param/l "DATA_WIDTH" 0 6 31, +C4<00000000000000000000000000100000>;
P_000001482c7a9810 .param/l "MEMORY_SIZE" 1 6 79, +C4<000000000000000000000000000000010000000000>;
v000001482c83c550_0 .net "address", 31 0, L_000001482c836f50;  alias, 1 drivers
v000001482c83cb90_0 .net "clk", 0 0, o000001482c89feb8;  alias, 0 drivers
v000001482c83cc30_0 .net "funct3", 2 0, L_000001482c8370a0;  alias, 1 drivers
v000001482c83d310_0 .var/i "i", 31 0;
v000001482c83cd70_0 .net "mem_read", 0 0, L_000001482c836d20;  alias, 1 drivers
v000001482c83ceb0_0 .net "mem_write", 0 0, L_000001482c836e00;  alias, 1 drivers
v000001482c83c0f0 .array "memory", 1023 0, 7 0;
v000001482c83cf50_0 .var "read_data", 31 0;
v000001482c83d450_0 .net "rst", 0 0, o000001482c8abfd8;  alias, 0 drivers
v000001482c83d090_0 .net "write_data", 31 0, L_000001482c836fc0;  alias, 1 drivers
v000001482c83c0f0_0 .array/port v000001482c83c0f0, 0;
E_000001482c851850/0 .event anyedge, v000001482c83cd70_0, v000001482c83cc30_0, v000001482c83c550_0, v000001482c83c0f0_0;
v000001482c83c0f0_1 .array/port v000001482c83c0f0, 1;
v000001482c83c0f0_2 .array/port v000001482c83c0f0, 2;
v000001482c83c0f0_3 .array/port v000001482c83c0f0, 3;
v000001482c83c0f0_4 .array/port v000001482c83c0f0, 4;
E_000001482c851850/1 .event anyedge, v000001482c83c0f0_1, v000001482c83c0f0_2, v000001482c83c0f0_3, v000001482c83c0f0_4;
v000001482c83c0f0_5 .array/port v000001482c83c0f0, 5;
v000001482c83c0f0_6 .array/port v000001482c83c0f0, 6;
v000001482c83c0f0_7 .array/port v000001482c83c0f0, 7;
v000001482c83c0f0_8 .array/port v000001482c83c0f0, 8;
E_000001482c851850/2 .event anyedge, v000001482c83c0f0_5, v000001482c83c0f0_6, v000001482c83c0f0_7, v000001482c83c0f0_8;
v000001482c83c0f0_9 .array/port v000001482c83c0f0, 9;
v000001482c83c0f0_10 .array/port v000001482c83c0f0, 10;
v000001482c83c0f0_11 .array/port v000001482c83c0f0, 11;
v000001482c83c0f0_12 .array/port v000001482c83c0f0, 12;
E_000001482c851850/3 .event anyedge, v000001482c83c0f0_9, v000001482c83c0f0_10, v000001482c83c0f0_11, v000001482c83c0f0_12;
v000001482c83c0f0_13 .array/port v000001482c83c0f0, 13;
v000001482c83c0f0_14 .array/port v000001482c83c0f0, 14;
v000001482c83c0f0_15 .array/port v000001482c83c0f0, 15;
v000001482c83c0f0_16 .array/port v000001482c83c0f0, 16;
E_000001482c851850/4 .event anyedge, v000001482c83c0f0_13, v000001482c83c0f0_14, v000001482c83c0f0_15, v000001482c83c0f0_16;
v000001482c83c0f0_17 .array/port v000001482c83c0f0, 17;
v000001482c83c0f0_18 .array/port v000001482c83c0f0, 18;
v000001482c83c0f0_19 .array/port v000001482c83c0f0, 19;
v000001482c83c0f0_20 .array/port v000001482c83c0f0, 20;
E_000001482c851850/5 .event anyedge, v000001482c83c0f0_17, v000001482c83c0f0_18, v000001482c83c0f0_19, v000001482c83c0f0_20;
v000001482c83c0f0_21 .array/port v000001482c83c0f0, 21;
v000001482c83c0f0_22 .array/port v000001482c83c0f0, 22;
v000001482c83c0f0_23 .array/port v000001482c83c0f0, 23;
v000001482c83c0f0_24 .array/port v000001482c83c0f0, 24;
E_000001482c851850/6 .event anyedge, v000001482c83c0f0_21, v000001482c83c0f0_22, v000001482c83c0f0_23, v000001482c83c0f0_24;
v000001482c83c0f0_25 .array/port v000001482c83c0f0, 25;
v000001482c83c0f0_26 .array/port v000001482c83c0f0, 26;
v000001482c83c0f0_27 .array/port v000001482c83c0f0, 27;
v000001482c83c0f0_28 .array/port v000001482c83c0f0, 28;
E_000001482c851850/7 .event anyedge, v000001482c83c0f0_25, v000001482c83c0f0_26, v000001482c83c0f0_27, v000001482c83c0f0_28;
v000001482c83c0f0_29 .array/port v000001482c83c0f0, 29;
v000001482c83c0f0_30 .array/port v000001482c83c0f0, 30;
v000001482c83c0f0_31 .array/port v000001482c83c0f0, 31;
v000001482c83c0f0_32 .array/port v000001482c83c0f0, 32;
E_000001482c851850/8 .event anyedge, v000001482c83c0f0_29, v000001482c83c0f0_30, v000001482c83c0f0_31, v000001482c83c0f0_32;
v000001482c83c0f0_33 .array/port v000001482c83c0f0, 33;
v000001482c83c0f0_34 .array/port v000001482c83c0f0, 34;
v000001482c83c0f0_35 .array/port v000001482c83c0f0, 35;
v000001482c83c0f0_36 .array/port v000001482c83c0f0, 36;
E_000001482c851850/9 .event anyedge, v000001482c83c0f0_33, v000001482c83c0f0_34, v000001482c83c0f0_35, v000001482c83c0f0_36;
v000001482c83c0f0_37 .array/port v000001482c83c0f0, 37;
v000001482c83c0f0_38 .array/port v000001482c83c0f0, 38;
v000001482c83c0f0_39 .array/port v000001482c83c0f0, 39;
v000001482c83c0f0_40 .array/port v000001482c83c0f0, 40;
E_000001482c851850/10 .event anyedge, v000001482c83c0f0_37, v000001482c83c0f0_38, v000001482c83c0f0_39, v000001482c83c0f0_40;
v000001482c83c0f0_41 .array/port v000001482c83c0f0, 41;
v000001482c83c0f0_42 .array/port v000001482c83c0f0, 42;
v000001482c83c0f0_43 .array/port v000001482c83c0f0, 43;
v000001482c83c0f0_44 .array/port v000001482c83c0f0, 44;
E_000001482c851850/11 .event anyedge, v000001482c83c0f0_41, v000001482c83c0f0_42, v000001482c83c0f0_43, v000001482c83c0f0_44;
v000001482c83c0f0_45 .array/port v000001482c83c0f0, 45;
v000001482c83c0f0_46 .array/port v000001482c83c0f0, 46;
v000001482c83c0f0_47 .array/port v000001482c83c0f0, 47;
v000001482c83c0f0_48 .array/port v000001482c83c0f0, 48;
E_000001482c851850/12 .event anyedge, v000001482c83c0f0_45, v000001482c83c0f0_46, v000001482c83c0f0_47, v000001482c83c0f0_48;
v000001482c83c0f0_49 .array/port v000001482c83c0f0, 49;
v000001482c83c0f0_50 .array/port v000001482c83c0f0, 50;
v000001482c83c0f0_51 .array/port v000001482c83c0f0, 51;
v000001482c83c0f0_52 .array/port v000001482c83c0f0, 52;
E_000001482c851850/13 .event anyedge, v000001482c83c0f0_49, v000001482c83c0f0_50, v000001482c83c0f0_51, v000001482c83c0f0_52;
v000001482c83c0f0_53 .array/port v000001482c83c0f0, 53;
v000001482c83c0f0_54 .array/port v000001482c83c0f0, 54;
v000001482c83c0f0_55 .array/port v000001482c83c0f0, 55;
v000001482c83c0f0_56 .array/port v000001482c83c0f0, 56;
E_000001482c851850/14 .event anyedge, v000001482c83c0f0_53, v000001482c83c0f0_54, v000001482c83c0f0_55, v000001482c83c0f0_56;
v000001482c83c0f0_57 .array/port v000001482c83c0f0, 57;
v000001482c83c0f0_58 .array/port v000001482c83c0f0, 58;
v000001482c83c0f0_59 .array/port v000001482c83c0f0, 59;
v000001482c83c0f0_60 .array/port v000001482c83c0f0, 60;
E_000001482c851850/15 .event anyedge, v000001482c83c0f0_57, v000001482c83c0f0_58, v000001482c83c0f0_59, v000001482c83c0f0_60;
v000001482c83c0f0_61 .array/port v000001482c83c0f0, 61;
v000001482c83c0f0_62 .array/port v000001482c83c0f0, 62;
v000001482c83c0f0_63 .array/port v000001482c83c0f0, 63;
v000001482c83c0f0_64 .array/port v000001482c83c0f0, 64;
E_000001482c851850/16 .event anyedge, v000001482c83c0f0_61, v000001482c83c0f0_62, v000001482c83c0f0_63, v000001482c83c0f0_64;
v000001482c83c0f0_65 .array/port v000001482c83c0f0, 65;
v000001482c83c0f0_66 .array/port v000001482c83c0f0, 66;
v000001482c83c0f0_67 .array/port v000001482c83c0f0, 67;
v000001482c83c0f0_68 .array/port v000001482c83c0f0, 68;
E_000001482c851850/17 .event anyedge, v000001482c83c0f0_65, v000001482c83c0f0_66, v000001482c83c0f0_67, v000001482c83c0f0_68;
v000001482c83c0f0_69 .array/port v000001482c83c0f0, 69;
v000001482c83c0f0_70 .array/port v000001482c83c0f0, 70;
v000001482c83c0f0_71 .array/port v000001482c83c0f0, 71;
v000001482c83c0f0_72 .array/port v000001482c83c0f0, 72;
E_000001482c851850/18 .event anyedge, v000001482c83c0f0_69, v000001482c83c0f0_70, v000001482c83c0f0_71, v000001482c83c0f0_72;
v000001482c83c0f0_73 .array/port v000001482c83c0f0, 73;
v000001482c83c0f0_74 .array/port v000001482c83c0f0, 74;
v000001482c83c0f0_75 .array/port v000001482c83c0f0, 75;
v000001482c83c0f0_76 .array/port v000001482c83c0f0, 76;
E_000001482c851850/19 .event anyedge, v000001482c83c0f0_73, v000001482c83c0f0_74, v000001482c83c0f0_75, v000001482c83c0f0_76;
v000001482c83c0f0_77 .array/port v000001482c83c0f0, 77;
v000001482c83c0f0_78 .array/port v000001482c83c0f0, 78;
v000001482c83c0f0_79 .array/port v000001482c83c0f0, 79;
v000001482c83c0f0_80 .array/port v000001482c83c0f0, 80;
E_000001482c851850/20 .event anyedge, v000001482c83c0f0_77, v000001482c83c0f0_78, v000001482c83c0f0_79, v000001482c83c0f0_80;
v000001482c83c0f0_81 .array/port v000001482c83c0f0, 81;
v000001482c83c0f0_82 .array/port v000001482c83c0f0, 82;
v000001482c83c0f0_83 .array/port v000001482c83c0f0, 83;
v000001482c83c0f0_84 .array/port v000001482c83c0f0, 84;
E_000001482c851850/21 .event anyedge, v000001482c83c0f0_81, v000001482c83c0f0_82, v000001482c83c0f0_83, v000001482c83c0f0_84;
v000001482c83c0f0_85 .array/port v000001482c83c0f0, 85;
v000001482c83c0f0_86 .array/port v000001482c83c0f0, 86;
v000001482c83c0f0_87 .array/port v000001482c83c0f0, 87;
v000001482c83c0f0_88 .array/port v000001482c83c0f0, 88;
E_000001482c851850/22 .event anyedge, v000001482c83c0f0_85, v000001482c83c0f0_86, v000001482c83c0f0_87, v000001482c83c0f0_88;
v000001482c83c0f0_89 .array/port v000001482c83c0f0, 89;
v000001482c83c0f0_90 .array/port v000001482c83c0f0, 90;
v000001482c83c0f0_91 .array/port v000001482c83c0f0, 91;
v000001482c83c0f0_92 .array/port v000001482c83c0f0, 92;
E_000001482c851850/23 .event anyedge, v000001482c83c0f0_89, v000001482c83c0f0_90, v000001482c83c0f0_91, v000001482c83c0f0_92;
v000001482c83c0f0_93 .array/port v000001482c83c0f0, 93;
v000001482c83c0f0_94 .array/port v000001482c83c0f0, 94;
v000001482c83c0f0_95 .array/port v000001482c83c0f0, 95;
v000001482c83c0f0_96 .array/port v000001482c83c0f0, 96;
E_000001482c851850/24 .event anyedge, v000001482c83c0f0_93, v000001482c83c0f0_94, v000001482c83c0f0_95, v000001482c83c0f0_96;
v000001482c83c0f0_97 .array/port v000001482c83c0f0, 97;
v000001482c83c0f0_98 .array/port v000001482c83c0f0, 98;
v000001482c83c0f0_99 .array/port v000001482c83c0f0, 99;
v000001482c83c0f0_100 .array/port v000001482c83c0f0, 100;
E_000001482c851850/25 .event anyedge, v000001482c83c0f0_97, v000001482c83c0f0_98, v000001482c83c0f0_99, v000001482c83c0f0_100;
v000001482c83c0f0_101 .array/port v000001482c83c0f0, 101;
v000001482c83c0f0_102 .array/port v000001482c83c0f0, 102;
v000001482c83c0f0_103 .array/port v000001482c83c0f0, 103;
v000001482c83c0f0_104 .array/port v000001482c83c0f0, 104;
E_000001482c851850/26 .event anyedge, v000001482c83c0f0_101, v000001482c83c0f0_102, v000001482c83c0f0_103, v000001482c83c0f0_104;
v000001482c83c0f0_105 .array/port v000001482c83c0f0, 105;
v000001482c83c0f0_106 .array/port v000001482c83c0f0, 106;
v000001482c83c0f0_107 .array/port v000001482c83c0f0, 107;
v000001482c83c0f0_108 .array/port v000001482c83c0f0, 108;
E_000001482c851850/27 .event anyedge, v000001482c83c0f0_105, v000001482c83c0f0_106, v000001482c83c0f0_107, v000001482c83c0f0_108;
v000001482c83c0f0_109 .array/port v000001482c83c0f0, 109;
v000001482c83c0f0_110 .array/port v000001482c83c0f0, 110;
v000001482c83c0f0_111 .array/port v000001482c83c0f0, 111;
v000001482c83c0f0_112 .array/port v000001482c83c0f0, 112;
E_000001482c851850/28 .event anyedge, v000001482c83c0f0_109, v000001482c83c0f0_110, v000001482c83c0f0_111, v000001482c83c0f0_112;
v000001482c83c0f0_113 .array/port v000001482c83c0f0, 113;
v000001482c83c0f0_114 .array/port v000001482c83c0f0, 114;
v000001482c83c0f0_115 .array/port v000001482c83c0f0, 115;
v000001482c83c0f0_116 .array/port v000001482c83c0f0, 116;
E_000001482c851850/29 .event anyedge, v000001482c83c0f0_113, v000001482c83c0f0_114, v000001482c83c0f0_115, v000001482c83c0f0_116;
v000001482c83c0f0_117 .array/port v000001482c83c0f0, 117;
v000001482c83c0f0_118 .array/port v000001482c83c0f0, 118;
v000001482c83c0f0_119 .array/port v000001482c83c0f0, 119;
v000001482c83c0f0_120 .array/port v000001482c83c0f0, 120;
E_000001482c851850/30 .event anyedge, v000001482c83c0f0_117, v000001482c83c0f0_118, v000001482c83c0f0_119, v000001482c83c0f0_120;
v000001482c83c0f0_121 .array/port v000001482c83c0f0, 121;
v000001482c83c0f0_122 .array/port v000001482c83c0f0, 122;
v000001482c83c0f0_123 .array/port v000001482c83c0f0, 123;
v000001482c83c0f0_124 .array/port v000001482c83c0f0, 124;
E_000001482c851850/31 .event anyedge, v000001482c83c0f0_121, v000001482c83c0f0_122, v000001482c83c0f0_123, v000001482c83c0f0_124;
v000001482c83c0f0_125 .array/port v000001482c83c0f0, 125;
v000001482c83c0f0_126 .array/port v000001482c83c0f0, 126;
v000001482c83c0f0_127 .array/port v000001482c83c0f0, 127;
v000001482c83c0f0_128 .array/port v000001482c83c0f0, 128;
E_000001482c851850/32 .event anyedge, v000001482c83c0f0_125, v000001482c83c0f0_126, v000001482c83c0f0_127, v000001482c83c0f0_128;
v000001482c83c0f0_129 .array/port v000001482c83c0f0, 129;
v000001482c83c0f0_130 .array/port v000001482c83c0f0, 130;
v000001482c83c0f0_131 .array/port v000001482c83c0f0, 131;
v000001482c83c0f0_132 .array/port v000001482c83c0f0, 132;
E_000001482c851850/33 .event anyedge, v000001482c83c0f0_129, v000001482c83c0f0_130, v000001482c83c0f0_131, v000001482c83c0f0_132;
v000001482c83c0f0_133 .array/port v000001482c83c0f0, 133;
v000001482c83c0f0_134 .array/port v000001482c83c0f0, 134;
v000001482c83c0f0_135 .array/port v000001482c83c0f0, 135;
v000001482c83c0f0_136 .array/port v000001482c83c0f0, 136;
E_000001482c851850/34 .event anyedge, v000001482c83c0f0_133, v000001482c83c0f0_134, v000001482c83c0f0_135, v000001482c83c0f0_136;
v000001482c83c0f0_137 .array/port v000001482c83c0f0, 137;
v000001482c83c0f0_138 .array/port v000001482c83c0f0, 138;
v000001482c83c0f0_139 .array/port v000001482c83c0f0, 139;
v000001482c83c0f0_140 .array/port v000001482c83c0f0, 140;
E_000001482c851850/35 .event anyedge, v000001482c83c0f0_137, v000001482c83c0f0_138, v000001482c83c0f0_139, v000001482c83c0f0_140;
v000001482c83c0f0_141 .array/port v000001482c83c0f0, 141;
v000001482c83c0f0_142 .array/port v000001482c83c0f0, 142;
v000001482c83c0f0_143 .array/port v000001482c83c0f0, 143;
v000001482c83c0f0_144 .array/port v000001482c83c0f0, 144;
E_000001482c851850/36 .event anyedge, v000001482c83c0f0_141, v000001482c83c0f0_142, v000001482c83c0f0_143, v000001482c83c0f0_144;
v000001482c83c0f0_145 .array/port v000001482c83c0f0, 145;
v000001482c83c0f0_146 .array/port v000001482c83c0f0, 146;
v000001482c83c0f0_147 .array/port v000001482c83c0f0, 147;
v000001482c83c0f0_148 .array/port v000001482c83c0f0, 148;
E_000001482c851850/37 .event anyedge, v000001482c83c0f0_145, v000001482c83c0f0_146, v000001482c83c0f0_147, v000001482c83c0f0_148;
v000001482c83c0f0_149 .array/port v000001482c83c0f0, 149;
v000001482c83c0f0_150 .array/port v000001482c83c0f0, 150;
v000001482c83c0f0_151 .array/port v000001482c83c0f0, 151;
v000001482c83c0f0_152 .array/port v000001482c83c0f0, 152;
E_000001482c851850/38 .event anyedge, v000001482c83c0f0_149, v000001482c83c0f0_150, v000001482c83c0f0_151, v000001482c83c0f0_152;
v000001482c83c0f0_153 .array/port v000001482c83c0f0, 153;
v000001482c83c0f0_154 .array/port v000001482c83c0f0, 154;
v000001482c83c0f0_155 .array/port v000001482c83c0f0, 155;
v000001482c83c0f0_156 .array/port v000001482c83c0f0, 156;
E_000001482c851850/39 .event anyedge, v000001482c83c0f0_153, v000001482c83c0f0_154, v000001482c83c0f0_155, v000001482c83c0f0_156;
v000001482c83c0f0_157 .array/port v000001482c83c0f0, 157;
v000001482c83c0f0_158 .array/port v000001482c83c0f0, 158;
v000001482c83c0f0_159 .array/port v000001482c83c0f0, 159;
v000001482c83c0f0_160 .array/port v000001482c83c0f0, 160;
E_000001482c851850/40 .event anyedge, v000001482c83c0f0_157, v000001482c83c0f0_158, v000001482c83c0f0_159, v000001482c83c0f0_160;
v000001482c83c0f0_161 .array/port v000001482c83c0f0, 161;
v000001482c83c0f0_162 .array/port v000001482c83c0f0, 162;
v000001482c83c0f0_163 .array/port v000001482c83c0f0, 163;
v000001482c83c0f0_164 .array/port v000001482c83c0f0, 164;
E_000001482c851850/41 .event anyedge, v000001482c83c0f0_161, v000001482c83c0f0_162, v000001482c83c0f0_163, v000001482c83c0f0_164;
v000001482c83c0f0_165 .array/port v000001482c83c0f0, 165;
v000001482c83c0f0_166 .array/port v000001482c83c0f0, 166;
v000001482c83c0f0_167 .array/port v000001482c83c0f0, 167;
v000001482c83c0f0_168 .array/port v000001482c83c0f0, 168;
E_000001482c851850/42 .event anyedge, v000001482c83c0f0_165, v000001482c83c0f0_166, v000001482c83c0f0_167, v000001482c83c0f0_168;
v000001482c83c0f0_169 .array/port v000001482c83c0f0, 169;
v000001482c83c0f0_170 .array/port v000001482c83c0f0, 170;
v000001482c83c0f0_171 .array/port v000001482c83c0f0, 171;
v000001482c83c0f0_172 .array/port v000001482c83c0f0, 172;
E_000001482c851850/43 .event anyedge, v000001482c83c0f0_169, v000001482c83c0f0_170, v000001482c83c0f0_171, v000001482c83c0f0_172;
v000001482c83c0f0_173 .array/port v000001482c83c0f0, 173;
v000001482c83c0f0_174 .array/port v000001482c83c0f0, 174;
v000001482c83c0f0_175 .array/port v000001482c83c0f0, 175;
v000001482c83c0f0_176 .array/port v000001482c83c0f0, 176;
E_000001482c851850/44 .event anyedge, v000001482c83c0f0_173, v000001482c83c0f0_174, v000001482c83c0f0_175, v000001482c83c0f0_176;
v000001482c83c0f0_177 .array/port v000001482c83c0f0, 177;
v000001482c83c0f0_178 .array/port v000001482c83c0f0, 178;
v000001482c83c0f0_179 .array/port v000001482c83c0f0, 179;
v000001482c83c0f0_180 .array/port v000001482c83c0f0, 180;
E_000001482c851850/45 .event anyedge, v000001482c83c0f0_177, v000001482c83c0f0_178, v000001482c83c0f0_179, v000001482c83c0f0_180;
v000001482c83c0f0_181 .array/port v000001482c83c0f0, 181;
v000001482c83c0f0_182 .array/port v000001482c83c0f0, 182;
v000001482c83c0f0_183 .array/port v000001482c83c0f0, 183;
v000001482c83c0f0_184 .array/port v000001482c83c0f0, 184;
E_000001482c851850/46 .event anyedge, v000001482c83c0f0_181, v000001482c83c0f0_182, v000001482c83c0f0_183, v000001482c83c0f0_184;
v000001482c83c0f0_185 .array/port v000001482c83c0f0, 185;
v000001482c83c0f0_186 .array/port v000001482c83c0f0, 186;
v000001482c83c0f0_187 .array/port v000001482c83c0f0, 187;
v000001482c83c0f0_188 .array/port v000001482c83c0f0, 188;
E_000001482c851850/47 .event anyedge, v000001482c83c0f0_185, v000001482c83c0f0_186, v000001482c83c0f0_187, v000001482c83c0f0_188;
v000001482c83c0f0_189 .array/port v000001482c83c0f0, 189;
v000001482c83c0f0_190 .array/port v000001482c83c0f0, 190;
v000001482c83c0f0_191 .array/port v000001482c83c0f0, 191;
v000001482c83c0f0_192 .array/port v000001482c83c0f0, 192;
E_000001482c851850/48 .event anyedge, v000001482c83c0f0_189, v000001482c83c0f0_190, v000001482c83c0f0_191, v000001482c83c0f0_192;
v000001482c83c0f0_193 .array/port v000001482c83c0f0, 193;
v000001482c83c0f0_194 .array/port v000001482c83c0f0, 194;
v000001482c83c0f0_195 .array/port v000001482c83c0f0, 195;
v000001482c83c0f0_196 .array/port v000001482c83c0f0, 196;
E_000001482c851850/49 .event anyedge, v000001482c83c0f0_193, v000001482c83c0f0_194, v000001482c83c0f0_195, v000001482c83c0f0_196;
v000001482c83c0f0_197 .array/port v000001482c83c0f0, 197;
v000001482c83c0f0_198 .array/port v000001482c83c0f0, 198;
v000001482c83c0f0_199 .array/port v000001482c83c0f0, 199;
v000001482c83c0f0_200 .array/port v000001482c83c0f0, 200;
E_000001482c851850/50 .event anyedge, v000001482c83c0f0_197, v000001482c83c0f0_198, v000001482c83c0f0_199, v000001482c83c0f0_200;
v000001482c83c0f0_201 .array/port v000001482c83c0f0, 201;
v000001482c83c0f0_202 .array/port v000001482c83c0f0, 202;
v000001482c83c0f0_203 .array/port v000001482c83c0f0, 203;
v000001482c83c0f0_204 .array/port v000001482c83c0f0, 204;
E_000001482c851850/51 .event anyedge, v000001482c83c0f0_201, v000001482c83c0f0_202, v000001482c83c0f0_203, v000001482c83c0f0_204;
v000001482c83c0f0_205 .array/port v000001482c83c0f0, 205;
v000001482c83c0f0_206 .array/port v000001482c83c0f0, 206;
v000001482c83c0f0_207 .array/port v000001482c83c0f0, 207;
v000001482c83c0f0_208 .array/port v000001482c83c0f0, 208;
E_000001482c851850/52 .event anyedge, v000001482c83c0f0_205, v000001482c83c0f0_206, v000001482c83c0f0_207, v000001482c83c0f0_208;
v000001482c83c0f0_209 .array/port v000001482c83c0f0, 209;
v000001482c83c0f0_210 .array/port v000001482c83c0f0, 210;
v000001482c83c0f0_211 .array/port v000001482c83c0f0, 211;
v000001482c83c0f0_212 .array/port v000001482c83c0f0, 212;
E_000001482c851850/53 .event anyedge, v000001482c83c0f0_209, v000001482c83c0f0_210, v000001482c83c0f0_211, v000001482c83c0f0_212;
v000001482c83c0f0_213 .array/port v000001482c83c0f0, 213;
v000001482c83c0f0_214 .array/port v000001482c83c0f0, 214;
v000001482c83c0f0_215 .array/port v000001482c83c0f0, 215;
v000001482c83c0f0_216 .array/port v000001482c83c0f0, 216;
E_000001482c851850/54 .event anyedge, v000001482c83c0f0_213, v000001482c83c0f0_214, v000001482c83c0f0_215, v000001482c83c0f0_216;
v000001482c83c0f0_217 .array/port v000001482c83c0f0, 217;
v000001482c83c0f0_218 .array/port v000001482c83c0f0, 218;
v000001482c83c0f0_219 .array/port v000001482c83c0f0, 219;
v000001482c83c0f0_220 .array/port v000001482c83c0f0, 220;
E_000001482c851850/55 .event anyedge, v000001482c83c0f0_217, v000001482c83c0f0_218, v000001482c83c0f0_219, v000001482c83c0f0_220;
v000001482c83c0f0_221 .array/port v000001482c83c0f0, 221;
v000001482c83c0f0_222 .array/port v000001482c83c0f0, 222;
v000001482c83c0f0_223 .array/port v000001482c83c0f0, 223;
v000001482c83c0f0_224 .array/port v000001482c83c0f0, 224;
E_000001482c851850/56 .event anyedge, v000001482c83c0f0_221, v000001482c83c0f0_222, v000001482c83c0f0_223, v000001482c83c0f0_224;
v000001482c83c0f0_225 .array/port v000001482c83c0f0, 225;
v000001482c83c0f0_226 .array/port v000001482c83c0f0, 226;
v000001482c83c0f0_227 .array/port v000001482c83c0f0, 227;
v000001482c83c0f0_228 .array/port v000001482c83c0f0, 228;
E_000001482c851850/57 .event anyedge, v000001482c83c0f0_225, v000001482c83c0f0_226, v000001482c83c0f0_227, v000001482c83c0f0_228;
v000001482c83c0f0_229 .array/port v000001482c83c0f0, 229;
v000001482c83c0f0_230 .array/port v000001482c83c0f0, 230;
v000001482c83c0f0_231 .array/port v000001482c83c0f0, 231;
v000001482c83c0f0_232 .array/port v000001482c83c0f0, 232;
E_000001482c851850/58 .event anyedge, v000001482c83c0f0_229, v000001482c83c0f0_230, v000001482c83c0f0_231, v000001482c83c0f0_232;
v000001482c83c0f0_233 .array/port v000001482c83c0f0, 233;
v000001482c83c0f0_234 .array/port v000001482c83c0f0, 234;
v000001482c83c0f0_235 .array/port v000001482c83c0f0, 235;
v000001482c83c0f0_236 .array/port v000001482c83c0f0, 236;
E_000001482c851850/59 .event anyedge, v000001482c83c0f0_233, v000001482c83c0f0_234, v000001482c83c0f0_235, v000001482c83c0f0_236;
v000001482c83c0f0_237 .array/port v000001482c83c0f0, 237;
v000001482c83c0f0_238 .array/port v000001482c83c0f0, 238;
v000001482c83c0f0_239 .array/port v000001482c83c0f0, 239;
v000001482c83c0f0_240 .array/port v000001482c83c0f0, 240;
E_000001482c851850/60 .event anyedge, v000001482c83c0f0_237, v000001482c83c0f0_238, v000001482c83c0f0_239, v000001482c83c0f0_240;
v000001482c83c0f0_241 .array/port v000001482c83c0f0, 241;
v000001482c83c0f0_242 .array/port v000001482c83c0f0, 242;
v000001482c83c0f0_243 .array/port v000001482c83c0f0, 243;
v000001482c83c0f0_244 .array/port v000001482c83c0f0, 244;
E_000001482c851850/61 .event anyedge, v000001482c83c0f0_241, v000001482c83c0f0_242, v000001482c83c0f0_243, v000001482c83c0f0_244;
v000001482c83c0f0_245 .array/port v000001482c83c0f0, 245;
v000001482c83c0f0_246 .array/port v000001482c83c0f0, 246;
v000001482c83c0f0_247 .array/port v000001482c83c0f0, 247;
v000001482c83c0f0_248 .array/port v000001482c83c0f0, 248;
E_000001482c851850/62 .event anyedge, v000001482c83c0f0_245, v000001482c83c0f0_246, v000001482c83c0f0_247, v000001482c83c0f0_248;
v000001482c83c0f0_249 .array/port v000001482c83c0f0, 249;
v000001482c83c0f0_250 .array/port v000001482c83c0f0, 250;
v000001482c83c0f0_251 .array/port v000001482c83c0f0, 251;
v000001482c83c0f0_252 .array/port v000001482c83c0f0, 252;
E_000001482c851850/63 .event anyedge, v000001482c83c0f0_249, v000001482c83c0f0_250, v000001482c83c0f0_251, v000001482c83c0f0_252;
v000001482c83c0f0_253 .array/port v000001482c83c0f0, 253;
v000001482c83c0f0_254 .array/port v000001482c83c0f0, 254;
v000001482c83c0f0_255 .array/port v000001482c83c0f0, 255;
v000001482c83c0f0_256 .array/port v000001482c83c0f0, 256;
E_000001482c851850/64 .event anyedge, v000001482c83c0f0_253, v000001482c83c0f0_254, v000001482c83c0f0_255, v000001482c83c0f0_256;
v000001482c83c0f0_257 .array/port v000001482c83c0f0, 257;
v000001482c83c0f0_258 .array/port v000001482c83c0f0, 258;
v000001482c83c0f0_259 .array/port v000001482c83c0f0, 259;
v000001482c83c0f0_260 .array/port v000001482c83c0f0, 260;
E_000001482c851850/65 .event anyedge, v000001482c83c0f0_257, v000001482c83c0f0_258, v000001482c83c0f0_259, v000001482c83c0f0_260;
v000001482c83c0f0_261 .array/port v000001482c83c0f0, 261;
v000001482c83c0f0_262 .array/port v000001482c83c0f0, 262;
v000001482c83c0f0_263 .array/port v000001482c83c0f0, 263;
v000001482c83c0f0_264 .array/port v000001482c83c0f0, 264;
E_000001482c851850/66 .event anyedge, v000001482c83c0f0_261, v000001482c83c0f0_262, v000001482c83c0f0_263, v000001482c83c0f0_264;
v000001482c83c0f0_265 .array/port v000001482c83c0f0, 265;
v000001482c83c0f0_266 .array/port v000001482c83c0f0, 266;
v000001482c83c0f0_267 .array/port v000001482c83c0f0, 267;
v000001482c83c0f0_268 .array/port v000001482c83c0f0, 268;
E_000001482c851850/67 .event anyedge, v000001482c83c0f0_265, v000001482c83c0f0_266, v000001482c83c0f0_267, v000001482c83c0f0_268;
v000001482c83c0f0_269 .array/port v000001482c83c0f0, 269;
v000001482c83c0f0_270 .array/port v000001482c83c0f0, 270;
v000001482c83c0f0_271 .array/port v000001482c83c0f0, 271;
v000001482c83c0f0_272 .array/port v000001482c83c0f0, 272;
E_000001482c851850/68 .event anyedge, v000001482c83c0f0_269, v000001482c83c0f0_270, v000001482c83c0f0_271, v000001482c83c0f0_272;
v000001482c83c0f0_273 .array/port v000001482c83c0f0, 273;
v000001482c83c0f0_274 .array/port v000001482c83c0f0, 274;
v000001482c83c0f0_275 .array/port v000001482c83c0f0, 275;
v000001482c83c0f0_276 .array/port v000001482c83c0f0, 276;
E_000001482c851850/69 .event anyedge, v000001482c83c0f0_273, v000001482c83c0f0_274, v000001482c83c0f0_275, v000001482c83c0f0_276;
v000001482c83c0f0_277 .array/port v000001482c83c0f0, 277;
v000001482c83c0f0_278 .array/port v000001482c83c0f0, 278;
v000001482c83c0f0_279 .array/port v000001482c83c0f0, 279;
v000001482c83c0f0_280 .array/port v000001482c83c0f0, 280;
E_000001482c851850/70 .event anyedge, v000001482c83c0f0_277, v000001482c83c0f0_278, v000001482c83c0f0_279, v000001482c83c0f0_280;
v000001482c83c0f0_281 .array/port v000001482c83c0f0, 281;
v000001482c83c0f0_282 .array/port v000001482c83c0f0, 282;
v000001482c83c0f0_283 .array/port v000001482c83c0f0, 283;
v000001482c83c0f0_284 .array/port v000001482c83c0f0, 284;
E_000001482c851850/71 .event anyedge, v000001482c83c0f0_281, v000001482c83c0f0_282, v000001482c83c0f0_283, v000001482c83c0f0_284;
v000001482c83c0f0_285 .array/port v000001482c83c0f0, 285;
v000001482c83c0f0_286 .array/port v000001482c83c0f0, 286;
v000001482c83c0f0_287 .array/port v000001482c83c0f0, 287;
v000001482c83c0f0_288 .array/port v000001482c83c0f0, 288;
E_000001482c851850/72 .event anyedge, v000001482c83c0f0_285, v000001482c83c0f0_286, v000001482c83c0f0_287, v000001482c83c0f0_288;
v000001482c83c0f0_289 .array/port v000001482c83c0f0, 289;
v000001482c83c0f0_290 .array/port v000001482c83c0f0, 290;
v000001482c83c0f0_291 .array/port v000001482c83c0f0, 291;
v000001482c83c0f0_292 .array/port v000001482c83c0f0, 292;
E_000001482c851850/73 .event anyedge, v000001482c83c0f0_289, v000001482c83c0f0_290, v000001482c83c0f0_291, v000001482c83c0f0_292;
v000001482c83c0f0_293 .array/port v000001482c83c0f0, 293;
v000001482c83c0f0_294 .array/port v000001482c83c0f0, 294;
v000001482c83c0f0_295 .array/port v000001482c83c0f0, 295;
v000001482c83c0f0_296 .array/port v000001482c83c0f0, 296;
E_000001482c851850/74 .event anyedge, v000001482c83c0f0_293, v000001482c83c0f0_294, v000001482c83c0f0_295, v000001482c83c0f0_296;
v000001482c83c0f0_297 .array/port v000001482c83c0f0, 297;
v000001482c83c0f0_298 .array/port v000001482c83c0f0, 298;
v000001482c83c0f0_299 .array/port v000001482c83c0f0, 299;
v000001482c83c0f0_300 .array/port v000001482c83c0f0, 300;
E_000001482c851850/75 .event anyedge, v000001482c83c0f0_297, v000001482c83c0f0_298, v000001482c83c0f0_299, v000001482c83c0f0_300;
v000001482c83c0f0_301 .array/port v000001482c83c0f0, 301;
v000001482c83c0f0_302 .array/port v000001482c83c0f0, 302;
v000001482c83c0f0_303 .array/port v000001482c83c0f0, 303;
v000001482c83c0f0_304 .array/port v000001482c83c0f0, 304;
E_000001482c851850/76 .event anyedge, v000001482c83c0f0_301, v000001482c83c0f0_302, v000001482c83c0f0_303, v000001482c83c0f0_304;
v000001482c83c0f0_305 .array/port v000001482c83c0f0, 305;
v000001482c83c0f0_306 .array/port v000001482c83c0f0, 306;
v000001482c83c0f0_307 .array/port v000001482c83c0f0, 307;
v000001482c83c0f0_308 .array/port v000001482c83c0f0, 308;
E_000001482c851850/77 .event anyedge, v000001482c83c0f0_305, v000001482c83c0f0_306, v000001482c83c0f0_307, v000001482c83c0f0_308;
v000001482c83c0f0_309 .array/port v000001482c83c0f0, 309;
v000001482c83c0f0_310 .array/port v000001482c83c0f0, 310;
v000001482c83c0f0_311 .array/port v000001482c83c0f0, 311;
v000001482c83c0f0_312 .array/port v000001482c83c0f0, 312;
E_000001482c851850/78 .event anyedge, v000001482c83c0f0_309, v000001482c83c0f0_310, v000001482c83c0f0_311, v000001482c83c0f0_312;
v000001482c83c0f0_313 .array/port v000001482c83c0f0, 313;
v000001482c83c0f0_314 .array/port v000001482c83c0f0, 314;
v000001482c83c0f0_315 .array/port v000001482c83c0f0, 315;
v000001482c83c0f0_316 .array/port v000001482c83c0f0, 316;
E_000001482c851850/79 .event anyedge, v000001482c83c0f0_313, v000001482c83c0f0_314, v000001482c83c0f0_315, v000001482c83c0f0_316;
v000001482c83c0f0_317 .array/port v000001482c83c0f0, 317;
v000001482c83c0f0_318 .array/port v000001482c83c0f0, 318;
v000001482c83c0f0_319 .array/port v000001482c83c0f0, 319;
v000001482c83c0f0_320 .array/port v000001482c83c0f0, 320;
E_000001482c851850/80 .event anyedge, v000001482c83c0f0_317, v000001482c83c0f0_318, v000001482c83c0f0_319, v000001482c83c0f0_320;
v000001482c83c0f0_321 .array/port v000001482c83c0f0, 321;
v000001482c83c0f0_322 .array/port v000001482c83c0f0, 322;
v000001482c83c0f0_323 .array/port v000001482c83c0f0, 323;
v000001482c83c0f0_324 .array/port v000001482c83c0f0, 324;
E_000001482c851850/81 .event anyedge, v000001482c83c0f0_321, v000001482c83c0f0_322, v000001482c83c0f0_323, v000001482c83c0f0_324;
v000001482c83c0f0_325 .array/port v000001482c83c0f0, 325;
v000001482c83c0f0_326 .array/port v000001482c83c0f0, 326;
v000001482c83c0f0_327 .array/port v000001482c83c0f0, 327;
v000001482c83c0f0_328 .array/port v000001482c83c0f0, 328;
E_000001482c851850/82 .event anyedge, v000001482c83c0f0_325, v000001482c83c0f0_326, v000001482c83c0f0_327, v000001482c83c0f0_328;
v000001482c83c0f0_329 .array/port v000001482c83c0f0, 329;
v000001482c83c0f0_330 .array/port v000001482c83c0f0, 330;
v000001482c83c0f0_331 .array/port v000001482c83c0f0, 331;
v000001482c83c0f0_332 .array/port v000001482c83c0f0, 332;
E_000001482c851850/83 .event anyedge, v000001482c83c0f0_329, v000001482c83c0f0_330, v000001482c83c0f0_331, v000001482c83c0f0_332;
v000001482c83c0f0_333 .array/port v000001482c83c0f0, 333;
v000001482c83c0f0_334 .array/port v000001482c83c0f0, 334;
v000001482c83c0f0_335 .array/port v000001482c83c0f0, 335;
v000001482c83c0f0_336 .array/port v000001482c83c0f0, 336;
E_000001482c851850/84 .event anyedge, v000001482c83c0f0_333, v000001482c83c0f0_334, v000001482c83c0f0_335, v000001482c83c0f0_336;
v000001482c83c0f0_337 .array/port v000001482c83c0f0, 337;
v000001482c83c0f0_338 .array/port v000001482c83c0f0, 338;
v000001482c83c0f0_339 .array/port v000001482c83c0f0, 339;
v000001482c83c0f0_340 .array/port v000001482c83c0f0, 340;
E_000001482c851850/85 .event anyedge, v000001482c83c0f0_337, v000001482c83c0f0_338, v000001482c83c0f0_339, v000001482c83c0f0_340;
v000001482c83c0f0_341 .array/port v000001482c83c0f0, 341;
v000001482c83c0f0_342 .array/port v000001482c83c0f0, 342;
v000001482c83c0f0_343 .array/port v000001482c83c0f0, 343;
v000001482c83c0f0_344 .array/port v000001482c83c0f0, 344;
E_000001482c851850/86 .event anyedge, v000001482c83c0f0_341, v000001482c83c0f0_342, v000001482c83c0f0_343, v000001482c83c0f0_344;
v000001482c83c0f0_345 .array/port v000001482c83c0f0, 345;
v000001482c83c0f0_346 .array/port v000001482c83c0f0, 346;
v000001482c83c0f0_347 .array/port v000001482c83c0f0, 347;
v000001482c83c0f0_348 .array/port v000001482c83c0f0, 348;
E_000001482c851850/87 .event anyedge, v000001482c83c0f0_345, v000001482c83c0f0_346, v000001482c83c0f0_347, v000001482c83c0f0_348;
v000001482c83c0f0_349 .array/port v000001482c83c0f0, 349;
v000001482c83c0f0_350 .array/port v000001482c83c0f0, 350;
v000001482c83c0f0_351 .array/port v000001482c83c0f0, 351;
v000001482c83c0f0_352 .array/port v000001482c83c0f0, 352;
E_000001482c851850/88 .event anyedge, v000001482c83c0f0_349, v000001482c83c0f0_350, v000001482c83c0f0_351, v000001482c83c0f0_352;
v000001482c83c0f0_353 .array/port v000001482c83c0f0, 353;
v000001482c83c0f0_354 .array/port v000001482c83c0f0, 354;
v000001482c83c0f0_355 .array/port v000001482c83c0f0, 355;
v000001482c83c0f0_356 .array/port v000001482c83c0f0, 356;
E_000001482c851850/89 .event anyedge, v000001482c83c0f0_353, v000001482c83c0f0_354, v000001482c83c0f0_355, v000001482c83c0f0_356;
v000001482c83c0f0_357 .array/port v000001482c83c0f0, 357;
v000001482c83c0f0_358 .array/port v000001482c83c0f0, 358;
v000001482c83c0f0_359 .array/port v000001482c83c0f0, 359;
v000001482c83c0f0_360 .array/port v000001482c83c0f0, 360;
E_000001482c851850/90 .event anyedge, v000001482c83c0f0_357, v000001482c83c0f0_358, v000001482c83c0f0_359, v000001482c83c0f0_360;
v000001482c83c0f0_361 .array/port v000001482c83c0f0, 361;
v000001482c83c0f0_362 .array/port v000001482c83c0f0, 362;
v000001482c83c0f0_363 .array/port v000001482c83c0f0, 363;
v000001482c83c0f0_364 .array/port v000001482c83c0f0, 364;
E_000001482c851850/91 .event anyedge, v000001482c83c0f0_361, v000001482c83c0f0_362, v000001482c83c0f0_363, v000001482c83c0f0_364;
v000001482c83c0f0_365 .array/port v000001482c83c0f0, 365;
v000001482c83c0f0_366 .array/port v000001482c83c0f0, 366;
v000001482c83c0f0_367 .array/port v000001482c83c0f0, 367;
v000001482c83c0f0_368 .array/port v000001482c83c0f0, 368;
E_000001482c851850/92 .event anyedge, v000001482c83c0f0_365, v000001482c83c0f0_366, v000001482c83c0f0_367, v000001482c83c0f0_368;
v000001482c83c0f0_369 .array/port v000001482c83c0f0, 369;
v000001482c83c0f0_370 .array/port v000001482c83c0f0, 370;
v000001482c83c0f0_371 .array/port v000001482c83c0f0, 371;
v000001482c83c0f0_372 .array/port v000001482c83c0f0, 372;
E_000001482c851850/93 .event anyedge, v000001482c83c0f0_369, v000001482c83c0f0_370, v000001482c83c0f0_371, v000001482c83c0f0_372;
v000001482c83c0f0_373 .array/port v000001482c83c0f0, 373;
v000001482c83c0f0_374 .array/port v000001482c83c0f0, 374;
v000001482c83c0f0_375 .array/port v000001482c83c0f0, 375;
v000001482c83c0f0_376 .array/port v000001482c83c0f0, 376;
E_000001482c851850/94 .event anyedge, v000001482c83c0f0_373, v000001482c83c0f0_374, v000001482c83c0f0_375, v000001482c83c0f0_376;
v000001482c83c0f0_377 .array/port v000001482c83c0f0, 377;
v000001482c83c0f0_378 .array/port v000001482c83c0f0, 378;
v000001482c83c0f0_379 .array/port v000001482c83c0f0, 379;
v000001482c83c0f0_380 .array/port v000001482c83c0f0, 380;
E_000001482c851850/95 .event anyedge, v000001482c83c0f0_377, v000001482c83c0f0_378, v000001482c83c0f0_379, v000001482c83c0f0_380;
v000001482c83c0f0_381 .array/port v000001482c83c0f0, 381;
v000001482c83c0f0_382 .array/port v000001482c83c0f0, 382;
v000001482c83c0f0_383 .array/port v000001482c83c0f0, 383;
v000001482c83c0f0_384 .array/port v000001482c83c0f0, 384;
E_000001482c851850/96 .event anyedge, v000001482c83c0f0_381, v000001482c83c0f0_382, v000001482c83c0f0_383, v000001482c83c0f0_384;
v000001482c83c0f0_385 .array/port v000001482c83c0f0, 385;
v000001482c83c0f0_386 .array/port v000001482c83c0f0, 386;
v000001482c83c0f0_387 .array/port v000001482c83c0f0, 387;
v000001482c83c0f0_388 .array/port v000001482c83c0f0, 388;
E_000001482c851850/97 .event anyedge, v000001482c83c0f0_385, v000001482c83c0f0_386, v000001482c83c0f0_387, v000001482c83c0f0_388;
v000001482c83c0f0_389 .array/port v000001482c83c0f0, 389;
v000001482c83c0f0_390 .array/port v000001482c83c0f0, 390;
v000001482c83c0f0_391 .array/port v000001482c83c0f0, 391;
v000001482c83c0f0_392 .array/port v000001482c83c0f0, 392;
E_000001482c851850/98 .event anyedge, v000001482c83c0f0_389, v000001482c83c0f0_390, v000001482c83c0f0_391, v000001482c83c0f0_392;
v000001482c83c0f0_393 .array/port v000001482c83c0f0, 393;
v000001482c83c0f0_394 .array/port v000001482c83c0f0, 394;
v000001482c83c0f0_395 .array/port v000001482c83c0f0, 395;
v000001482c83c0f0_396 .array/port v000001482c83c0f0, 396;
E_000001482c851850/99 .event anyedge, v000001482c83c0f0_393, v000001482c83c0f0_394, v000001482c83c0f0_395, v000001482c83c0f0_396;
v000001482c83c0f0_397 .array/port v000001482c83c0f0, 397;
v000001482c83c0f0_398 .array/port v000001482c83c0f0, 398;
v000001482c83c0f0_399 .array/port v000001482c83c0f0, 399;
v000001482c83c0f0_400 .array/port v000001482c83c0f0, 400;
E_000001482c851850/100 .event anyedge, v000001482c83c0f0_397, v000001482c83c0f0_398, v000001482c83c0f0_399, v000001482c83c0f0_400;
v000001482c83c0f0_401 .array/port v000001482c83c0f0, 401;
v000001482c83c0f0_402 .array/port v000001482c83c0f0, 402;
v000001482c83c0f0_403 .array/port v000001482c83c0f0, 403;
v000001482c83c0f0_404 .array/port v000001482c83c0f0, 404;
E_000001482c851850/101 .event anyedge, v000001482c83c0f0_401, v000001482c83c0f0_402, v000001482c83c0f0_403, v000001482c83c0f0_404;
v000001482c83c0f0_405 .array/port v000001482c83c0f0, 405;
v000001482c83c0f0_406 .array/port v000001482c83c0f0, 406;
v000001482c83c0f0_407 .array/port v000001482c83c0f0, 407;
v000001482c83c0f0_408 .array/port v000001482c83c0f0, 408;
E_000001482c851850/102 .event anyedge, v000001482c83c0f0_405, v000001482c83c0f0_406, v000001482c83c0f0_407, v000001482c83c0f0_408;
v000001482c83c0f0_409 .array/port v000001482c83c0f0, 409;
v000001482c83c0f0_410 .array/port v000001482c83c0f0, 410;
v000001482c83c0f0_411 .array/port v000001482c83c0f0, 411;
v000001482c83c0f0_412 .array/port v000001482c83c0f0, 412;
E_000001482c851850/103 .event anyedge, v000001482c83c0f0_409, v000001482c83c0f0_410, v000001482c83c0f0_411, v000001482c83c0f0_412;
v000001482c83c0f0_413 .array/port v000001482c83c0f0, 413;
v000001482c83c0f0_414 .array/port v000001482c83c0f0, 414;
v000001482c83c0f0_415 .array/port v000001482c83c0f0, 415;
v000001482c83c0f0_416 .array/port v000001482c83c0f0, 416;
E_000001482c851850/104 .event anyedge, v000001482c83c0f0_413, v000001482c83c0f0_414, v000001482c83c0f0_415, v000001482c83c0f0_416;
v000001482c83c0f0_417 .array/port v000001482c83c0f0, 417;
v000001482c83c0f0_418 .array/port v000001482c83c0f0, 418;
v000001482c83c0f0_419 .array/port v000001482c83c0f0, 419;
v000001482c83c0f0_420 .array/port v000001482c83c0f0, 420;
E_000001482c851850/105 .event anyedge, v000001482c83c0f0_417, v000001482c83c0f0_418, v000001482c83c0f0_419, v000001482c83c0f0_420;
v000001482c83c0f0_421 .array/port v000001482c83c0f0, 421;
v000001482c83c0f0_422 .array/port v000001482c83c0f0, 422;
v000001482c83c0f0_423 .array/port v000001482c83c0f0, 423;
v000001482c83c0f0_424 .array/port v000001482c83c0f0, 424;
E_000001482c851850/106 .event anyedge, v000001482c83c0f0_421, v000001482c83c0f0_422, v000001482c83c0f0_423, v000001482c83c0f0_424;
v000001482c83c0f0_425 .array/port v000001482c83c0f0, 425;
v000001482c83c0f0_426 .array/port v000001482c83c0f0, 426;
v000001482c83c0f0_427 .array/port v000001482c83c0f0, 427;
v000001482c83c0f0_428 .array/port v000001482c83c0f0, 428;
E_000001482c851850/107 .event anyedge, v000001482c83c0f0_425, v000001482c83c0f0_426, v000001482c83c0f0_427, v000001482c83c0f0_428;
v000001482c83c0f0_429 .array/port v000001482c83c0f0, 429;
v000001482c83c0f0_430 .array/port v000001482c83c0f0, 430;
v000001482c83c0f0_431 .array/port v000001482c83c0f0, 431;
v000001482c83c0f0_432 .array/port v000001482c83c0f0, 432;
E_000001482c851850/108 .event anyedge, v000001482c83c0f0_429, v000001482c83c0f0_430, v000001482c83c0f0_431, v000001482c83c0f0_432;
v000001482c83c0f0_433 .array/port v000001482c83c0f0, 433;
v000001482c83c0f0_434 .array/port v000001482c83c0f0, 434;
v000001482c83c0f0_435 .array/port v000001482c83c0f0, 435;
v000001482c83c0f0_436 .array/port v000001482c83c0f0, 436;
E_000001482c851850/109 .event anyedge, v000001482c83c0f0_433, v000001482c83c0f0_434, v000001482c83c0f0_435, v000001482c83c0f0_436;
v000001482c83c0f0_437 .array/port v000001482c83c0f0, 437;
v000001482c83c0f0_438 .array/port v000001482c83c0f0, 438;
v000001482c83c0f0_439 .array/port v000001482c83c0f0, 439;
v000001482c83c0f0_440 .array/port v000001482c83c0f0, 440;
E_000001482c851850/110 .event anyedge, v000001482c83c0f0_437, v000001482c83c0f0_438, v000001482c83c0f0_439, v000001482c83c0f0_440;
v000001482c83c0f0_441 .array/port v000001482c83c0f0, 441;
v000001482c83c0f0_442 .array/port v000001482c83c0f0, 442;
v000001482c83c0f0_443 .array/port v000001482c83c0f0, 443;
v000001482c83c0f0_444 .array/port v000001482c83c0f0, 444;
E_000001482c851850/111 .event anyedge, v000001482c83c0f0_441, v000001482c83c0f0_442, v000001482c83c0f0_443, v000001482c83c0f0_444;
v000001482c83c0f0_445 .array/port v000001482c83c0f0, 445;
v000001482c83c0f0_446 .array/port v000001482c83c0f0, 446;
v000001482c83c0f0_447 .array/port v000001482c83c0f0, 447;
v000001482c83c0f0_448 .array/port v000001482c83c0f0, 448;
E_000001482c851850/112 .event anyedge, v000001482c83c0f0_445, v000001482c83c0f0_446, v000001482c83c0f0_447, v000001482c83c0f0_448;
v000001482c83c0f0_449 .array/port v000001482c83c0f0, 449;
v000001482c83c0f0_450 .array/port v000001482c83c0f0, 450;
v000001482c83c0f0_451 .array/port v000001482c83c0f0, 451;
v000001482c83c0f0_452 .array/port v000001482c83c0f0, 452;
E_000001482c851850/113 .event anyedge, v000001482c83c0f0_449, v000001482c83c0f0_450, v000001482c83c0f0_451, v000001482c83c0f0_452;
v000001482c83c0f0_453 .array/port v000001482c83c0f0, 453;
v000001482c83c0f0_454 .array/port v000001482c83c0f0, 454;
v000001482c83c0f0_455 .array/port v000001482c83c0f0, 455;
v000001482c83c0f0_456 .array/port v000001482c83c0f0, 456;
E_000001482c851850/114 .event anyedge, v000001482c83c0f0_453, v000001482c83c0f0_454, v000001482c83c0f0_455, v000001482c83c0f0_456;
v000001482c83c0f0_457 .array/port v000001482c83c0f0, 457;
v000001482c83c0f0_458 .array/port v000001482c83c0f0, 458;
v000001482c83c0f0_459 .array/port v000001482c83c0f0, 459;
v000001482c83c0f0_460 .array/port v000001482c83c0f0, 460;
E_000001482c851850/115 .event anyedge, v000001482c83c0f0_457, v000001482c83c0f0_458, v000001482c83c0f0_459, v000001482c83c0f0_460;
v000001482c83c0f0_461 .array/port v000001482c83c0f0, 461;
v000001482c83c0f0_462 .array/port v000001482c83c0f0, 462;
v000001482c83c0f0_463 .array/port v000001482c83c0f0, 463;
v000001482c83c0f0_464 .array/port v000001482c83c0f0, 464;
E_000001482c851850/116 .event anyedge, v000001482c83c0f0_461, v000001482c83c0f0_462, v000001482c83c0f0_463, v000001482c83c0f0_464;
v000001482c83c0f0_465 .array/port v000001482c83c0f0, 465;
v000001482c83c0f0_466 .array/port v000001482c83c0f0, 466;
v000001482c83c0f0_467 .array/port v000001482c83c0f0, 467;
v000001482c83c0f0_468 .array/port v000001482c83c0f0, 468;
E_000001482c851850/117 .event anyedge, v000001482c83c0f0_465, v000001482c83c0f0_466, v000001482c83c0f0_467, v000001482c83c0f0_468;
v000001482c83c0f0_469 .array/port v000001482c83c0f0, 469;
v000001482c83c0f0_470 .array/port v000001482c83c0f0, 470;
v000001482c83c0f0_471 .array/port v000001482c83c0f0, 471;
v000001482c83c0f0_472 .array/port v000001482c83c0f0, 472;
E_000001482c851850/118 .event anyedge, v000001482c83c0f0_469, v000001482c83c0f0_470, v000001482c83c0f0_471, v000001482c83c0f0_472;
v000001482c83c0f0_473 .array/port v000001482c83c0f0, 473;
v000001482c83c0f0_474 .array/port v000001482c83c0f0, 474;
v000001482c83c0f0_475 .array/port v000001482c83c0f0, 475;
v000001482c83c0f0_476 .array/port v000001482c83c0f0, 476;
E_000001482c851850/119 .event anyedge, v000001482c83c0f0_473, v000001482c83c0f0_474, v000001482c83c0f0_475, v000001482c83c0f0_476;
v000001482c83c0f0_477 .array/port v000001482c83c0f0, 477;
v000001482c83c0f0_478 .array/port v000001482c83c0f0, 478;
v000001482c83c0f0_479 .array/port v000001482c83c0f0, 479;
v000001482c83c0f0_480 .array/port v000001482c83c0f0, 480;
E_000001482c851850/120 .event anyedge, v000001482c83c0f0_477, v000001482c83c0f0_478, v000001482c83c0f0_479, v000001482c83c0f0_480;
v000001482c83c0f0_481 .array/port v000001482c83c0f0, 481;
v000001482c83c0f0_482 .array/port v000001482c83c0f0, 482;
v000001482c83c0f0_483 .array/port v000001482c83c0f0, 483;
v000001482c83c0f0_484 .array/port v000001482c83c0f0, 484;
E_000001482c851850/121 .event anyedge, v000001482c83c0f0_481, v000001482c83c0f0_482, v000001482c83c0f0_483, v000001482c83c0f0_484;
v000001482c83c0f0_485 .array/port v000001482c83c0f0, 485;
v000001482c83c0f0_486 .array/port v000001482c83c0f0, 486;
v000001482c83c0f0_487 .array/port v000001482c83c0f0, 487;
v000001482c83c0f0_488 .array/port v000001482c83c0f0, 488;
E_000001482c851850/122 .event anyedge, v000001482c83c0f0_485, v000001482c83c0f0_486, v000001482c83c0f0_487, v000001482c83c0f0_488;
v000001482c83c0f0_489 .array/port v000001482c83c0f0, 489;
v000001482c83c0f0_490 .array/port v000001482c83c0f0, 490;
v000001482c83c0f0_491 .array/port v000001482c83c0f0, 491;
v000001482c83c0f0_492 .array/port v000001482c83c0f0, 492;
E_000001482c851850/123 .event anyedge, v000001482c83c0f0_489, v000001482c83c0f0_490, v000001482c83c0f0_491, v000001482c83c0f0_492;
v000001482c83c0f0_493 .array/port v000001482c83c0f0, 493;
v000001482c83c0f0_494 .array/port v000001482c83c0f0, 494;
v000001482c83c0f0_495 .array/port v000001482c83c0f0, 495;
v000001482c83c0f0_496 .array/port v000001482c83c0f0, 496;
E_000001482c851850/124 .event anyedge, v000001482c83c0f0_493, v000001482c83c0f0_494, v000001482c83c0f0_495, v000001482c83c0f0_496;
v000001482c83c0f0_497 .array/port v000001482c83c0f0, 497;
v000001482c83c0f0_498 .array/port v000001482c83c0f0, 498;
v000001482c83c0f0_499 .array/port v000001482c83c0f0, 499;
v000001482c83c0f0_500 .array/port v000001482c83c0f0, 500;
E_000001482c851850/125 .event anyedge, v000001482c83c0f0_497, v000001482c83c0f0_498, v000001482c83c0f0_499, v000001482c83c0f0_500;
v000001482c83c0f0_501 .array/port v000001482c83c0f0, 501;
v000001482c83c0f0_502 .array/port v000001482c83c0f0, 502;
v000001482c83c0f0_503 .array/port v000001482c83c0f0, 503;
v000001482c83c0f0_504 .array/port v000001482c83c0f0, 504;
E_000001482c851850/126 .event anyedge, v000001482c83c0f0_501, v000001482c83c0f0_502, v000001482c83c0f0_503, v000001482c83c0f0_504;
v000001482c83c0f0_505 .array/port v000001482c83c0f0, 505;
v000001482c83c0f0_506 .array/port v000001482c83c0f0, 506;
v000001482c83c0f0_507 .array/port v000001482c83c0f0, 507;
v000001482c83c0f0_508 .array/port v000001482c83c0f0, 508;
E_000001482c851850/127 .event anyedge, v000001482c83c0f0_505, v000001482c83c0f0_506, v000001482c83c0f0_507, v000001482c83c0f0_508;
v000001482c83c0f0_509 .array/port v000001482c83c0f0, 509;
v000001482c83c0f0_510 .array/port v000001482c83c0f0, 510;
v000001482c83c0f0_511 .array/port v000001482c83c0f0, 511;
v000001482c83c0f0_512 .array/port v000001482c83c0f0, 512;
E_000001482c851850/128 .event anyedge, v000001482c83c0f0_509, v000001482c83c0f0_510, v000001482c83c0f0_511, v000001482c83c0f0_512;
v000001482c83c0f0_513 .array/port v000001482c83c0f0, 513;
v000001482c83c0f0_514 .array/port v000001482c83c0f0, 514;
v000001482c83c0f0_515 .array/port v000001482c83c0f0, 515;
v000001482c83c0f0_516 .array/port v000001482c83c0f0, 516;
E_000001482c851850/129 .event anyedge, v000001482c83c0f0_513, v000001482c83c0f0_514, v000001482c83c0f0_515, v000001482c83c0f0_516;
v000001482c83c0f0_517 .array/port v000001482c83c0f0, 517;
v000001482c83c0f0_518 .array/port v000001482c83c0f0, 518;
v000001482c83c0f0_519 .array/port v000001482c83c0f0, 519;
v000001482c83c0f0_520 .array/port v000001482c83c0f0, 520;
E_000001482c851850/130 .event anyedge, v000001482c83c0f0_517, v000001482c83c0f0_518, v000001482c83c0f0_519, v000001482c83c0f0_520;
v000001482c83c0f0_521 .array/port v000001482c83c0f0, 521;
v000001482c83c0f0_522 .array/port v000001482c83c0f0, 522;
v000001482c83c0f0_523 .array/port v000001482c83c0f0, 523;
v000001482c83c0f0_524 .array/port v000001482c83c0f0, 524;
E_000001482c851850/131 .event anyedge, v000001482c83c0f0_521, v000001482c83c0f0_522, v000001482c83c0f0_523, v000001482c83c0f0_524;
v000001482c83c0f0_525 .array/port v000001482c83c0f0, 525;
v000001482c83c0f0_526 .array/port v000001482c83c0f0, 526;
v000001482c83c0f0_527 .array/port v000001482c83c0f0, 527;
v000001482c83c0f0_528 .array/port v000001482c83c0f0, 528;
E_000001482c851850/132 .event anyedge, v000001482c83c0f0_525, v000001482c83c0f0_526, v000001482c83c0f0_527, v000001482c83c0f0_528;
v000001482c83c0f0_529 .array/port v000001482c83c0f0, 529;
v000001482c83c0f0_530 .array/port v000001482c83c0f0, 530;
v000001482c83c0f0_531 .array/port v000001482c83c0f0, 531;
v000001482c83c0f0_532 .array/port v000001482c83c0f0, 532;
E_000001482c851850/133 .event anyedge, v000001482c83c0f0_529, v000001482c83c0f0_530, v000001482c83c0f0_531, v000001482c83c0f0_532;
v000001482c83c0f0_533 .array/port v000001482c83c0f0, 533;
v000001482c83c0f0_534 .array/port v000001482c83c0f0, 534;
v000001482c83c0f0_535 .array/port v000001482c83c0f0, 535;
v000001482c83c0f0_536 .array/port v000001482c83c0f0, 536;
E_000001482c851850/134 .event anyedge, v000001482c83c0f0_533, v000001482c83c0f0_534, v000001482c83c0f0_535, v000001482c83c0f0_536;
v000001482c83c0f0_537 .array/port v000001482c83c0f0, 537;
v000001482c83c0f0_538 .array/port v000001482c83c0f0, 538;
v000001482c83c0f0_539 .array/port v000001482c83c0f0, 539;
v000001482c83c0f0_540 .array/port v000001482c83c0f0, 540;
E_000001482c851850/135 .event anyedge, v000001482c83c0f0_537, v000001482c83c0f0_538, v000001482c83c0f0_539, v000001482c83c0f0_540;
v000001482c83c0f0_541 .array/port v000001482c83c0f0, 541;
v000001482c83c0f0_542 .array/port v000001482c83c0f0, 542;
v000001482c83c0f0_543 .array/port v000001482c83c0f0, 543;
v000001482c83c0f0_544 .array/port v000001482c83c0f0, 544;
E_000001482c851850/136 .event anyedge, v000001482c83c0f0_541, v000001482c83c0f0_542, v000001482c83c0f0_543, v000001482c83c0f0_544;
v000001482c83c0f0_545 .array/port v000001482c83c0f0, 545;
v000001482c83c0f0_546 .array/port v000001482c83c0f0, 546;
v000001482c83c0f0_547 .array/port v000001482c83c0f0, 547;
v000001482c83c0f0_548 .array/port v000001482c83c0f0, 548;
E_000001482c851850/137 .event anyedge, v000001482c83c0f0_545, v000001482c83c0f0_546, v000001482c83c0f0_547, v000001482c83c0f0_548;
v000001482c83c0f0_549 .array/port v000001482c83c0f0, 549;
v000001482c83c0f0_550 .array/port v000001482c83c0f0, 550;
v000001482c83c0f0_551 .array/port v000001482c83c0f0, 551;
v000001482c83c0f0_552 .array/port v000001482c83c0f0, 552;
E_000001482c851850/138 .event anyedge, v000001482c83c0f0_549, v000001482c83c0f0_550, v000001482c83c0f0_551, v000001482c83c0f0_552;
v000001482c83c0f0_553 .array/port v000001482c83c0f0, 553;
v000001482c83c0f0_554 .array/port v000001482c83c0f0, 554;
v000001482c83c0f0_555 .array/port v000001482c83c0f0, 555;
v000001482c83c0f0_556 .array/port v000001482c83c0f0, 556;
E_000001482c851850/139 .event anyedge, v000001482c83c0f0_553, v000001482c83c0f0_554, v000001482c83c0f0_555, v000001482c83c0f0_556;
v000001482c83c0f0_557 .array/port v000001482c83c0f0, 557;
v000001482c83c0f0_558 .array/port v000001482c83c0f0, 558;
v000001482c83c0f0_559 .array/port v000001482c83c0f0, 559;
v000001482c83c0f0_560 .array/port v000001482c83c0f0, 560;
E_000001482c851850/140 .event anyedge, v000001482c83c0f0_557, v000001482c83c0f0_558, v000001482c83c0f0_559, v000001482c83c0f0_560;
v000001482c83c0f0_561 .array/port v000001482c83c0f0, 561;
v000001482c83c0f0_562 .array/port v000001482c83c0f0, 562;
v000001482c83c0f0_563 .array/port v000001482c83c0f0, 563;
v000001482c83c0f0_564 .array/port v000001482c83c0f0, 564;
E_000001482c851850/141 .event anyedge, v000001482c83c0f0_561, v000001482c83c0f0_562, v000001482c83c0f0_563, v000001482c83c0f0_564;
v000001482c83c0f0_565 .array/port v000001482c83c0f0, 565;
v000001482c83c0f0_566 .array/port v000001482c83c0f0, 566;
v000001482c83c0f0_567 .array/port v000001482c83c0f0, 567;
v000001482c83c0f0_568 .array/port v000001482c83c0f0, 568;
E_000001482c851850/142 .event anyedge, v000001482c83c0f0_565, v000001482c83c0f0_566, v000001482c83c0f0_567, v000001482c83c0f0_568;
v000001482c83c0f0_569 .array/port v000001482c83c0f0, 569;
v000001482c83c0f0_570 .array/port v000001482c83c0f0, 570;
v000001482c83c0f0_571 .array/port v000001482c83c0f0, 571;
v000001482c83c0f0_572 .array/port v000001482c83c0f0, 572;
E_000001482c851850/143 .event anyedge, v000001482c83c0f0_569, v000001482c83c0f0_570, v000001482c83c0f0_571, v000001482c83c0f0_572;
v000001482c83c0f0_573 .array/port v000001482c83c0f0, 573;
v000001482c83c0f0_574 .array/port v000001482c83c0f0, 574;
v000001482c83c0f0_575 .array/port v000001482c83c0f0, 575;
v000001482c83c0f0_576 .array/port v000001482c83c0f0, 576;
E_000001482c851850/144 .event anyedge, v000001482c83c0f0_573, v000001482c83c0f0_574, v000001482c83c0f0_575, v000001482c83c0f0_576;
v000001482c83c0f0_577 .array/port v000001482c83c0f0, 577;
v000001482c83c0f0_578 .array/port v000001482c83c0f0, 578;
v000001482c83c0f0_579 .array/port v000001482c83c0f0, 579;
v000001482c83c0f0_580 .array/port v000001482c83c0f0, 580;
E_000001482c851850/145 .event anyedge, v000001482c83c0f0_577, v000001482c83c0f0_578, v000001482c83c0f0_579, v000001482c83c0f0_580;
v000001482c83c0f0_581 .array/port v000001482c83c0f0, 581;
v000001482c83c0f0_582 .array/port v000001482c83c0f0, 582;
v000001482c83c0f0_583 .array/port v000001482c83c0f0, 583;
v000001482c83c0f0_584 .array/port v000001482c83c0f0, 584;
E_000001482c851850/146 .event anyedge, v000001482c83c0f0_581, v000001482c83c0f0_582, v000001482c83c0f0_583, v000001482c83c0f0_584;
v000001482c83c0f0_585 .array/port v000001482c83c0f0, 585;
v000001482c83c0f0_586 .array/port v000001482c83c0f0, 586;
v000001482c83c0f0_587 .array/port v000001482c83c0f0, 587;
v000001482c83c0f0_588 .array/port v000001482c83c0f0, 588;
E_000001482c851850/147 .event anyedge, v000001482c83c0f0_585, v000001482c83c0f0_586, v000001482c83c0f0_587, v000001482c83c0f0_588;
v000001482c83c0f0_589 .array/port v000001482c83c0f0, 589;
v000001482c83c0f0_590 .array/port v000001482c83c0f0, 590;
v000001482c83c0f0_591 .array/port v000001482c83c0f0, 591;
v000001482c83c0f0_592 .array/port v000001482c83c0f0, 592;
E_000001482c851850/148 .event anyedge, v000001482c83c0f0_589, v000001482c83c0f0_590, v000001482c83c0f0_591, v000001482c83c0f0_592;
v000001482c83c0f0_593 .array/port v000001482c83c0f0, 593;
v000001482c83c0f0_594 .array/port v000001482c83c0f0, 594;
v000001482c83c0f0_595 .array/port v000001482c83c0f0, 595;
v000001482c83c0f0_596 .array/port v000001482c83c0f0, 596;
E_000001482c851850/149 .event anyedge, v000001482c83c0f0_593, v000001482c83c0f0_594, v000001482c83c0f0_595, v000001482c83c0f0_596;
v000001482c83c0f0_597 .array/port v000001482c83c0f0, 597;
v000001482c83c0f0_598 .array/port v000001482c83c0f0, 598;
v000001482c83c0f0_599 .array/port v000001482c83c0f0, 599;
v000001482c83c0f0_600 .array/port v000001482c83c0f0, 600;
E_000001482c851850/150 .event anyedge, v000001482c83c0f0_597, v000001482c83c0f0_598, v000001482c83c0f0_599, v000001482c83c0f0_600;
v000001482c83c0f0_601 .array/port v000001482c83c0f0, 601;
v000001482c83c0f0_602 .array/port v000001482c83c0f0, 602;
v000001482c83c0f0_603 .array/port v000001482c83c0f0, 603;
v000001482c83c0f0_604 .array/port v000001482c83c0f0, 604;
E_000001482c851850/151 .event anyedge, v000001482c83c0f0_601, v000001482c83c0f0_602, v000001482c83c0f0_603, v000001482c83c0f0_604;
v000001482c83c0f0_605 .array/port v000001482c83c0f0, 605;
v000001482c83c0f0_606 .array/port v000001482c83c0f0, 606;
v000001482c83c0f0_607 .array/port v000001482c83c0f0, 607;
v000001482c83c0f0_608 .array/port v000001482c83c0f0, 608;
E_000001482c851850/152 .event anyedge, v000001482c83c0f0_605, v000001482c83c0f0_606, v000001482c83c0f0_607, v000001482c83c0f0_608;
v000001482c83c0f0_609 .array/port v000001482c83c0f0, 609;
v000001482c83c0f0_610 .array/port v000001482c83c0f0, 610;
v000001482c83c0f0_611 .array/port v000001482c83c0f0, 611;
v000001482c83c0f0_612 .array/port v000001482c83c0f0, 612;
E_000001482c851850/153 .event anyedge, v000001482c83c0f0_609, v000001482c83c0f0_610, v000001482c83c0f0_611, v000001482c83c0f0_612;
v000001482c83c0f0_613 .array/port v000001482c83c0f0, 613;
v000001482c83c0f0_614 .array/port v000001482c83c0f0, 614;
v000001482c83c0f0_615 .array/port v000001482c83c0f0, 615;
v000001482c83c0f0_616 .array/port v000001482c83c0f0, 616;
E_000001482c851850/154 .event anyedge, v000001482c83c0f0_613, v000001482c83c0f0_614, v000001482c83c0f0_615, v000001482c83c0f0_616;
v000001482c83c0f0_617 .array/port v000001482c83c0f0, 617;
v000001482c83c0f0_618 .array/port v000001482c83c0f0, 618;
v000001482c83c0f0_619 .array/port v000001482c83c0f0, 619;
v000001482c83c0f0_620 .array/port v000001482c83c0f0, 620;
E_000001482c851850/155 .event anyedge, v000001482c83c0f0_617, v000001482c83c0f0_618, v000001482c83c0f0_619, v000001482c83c0f0_620;
v000001482c83c0f0_621 .array/port v000001482c83c0f0, 621;
v000001482c83c0f0_622 .array/port v000001482c83c0f0, 622;
v000001482c83c0f0_623 .array/port v000001482c83c0f0, 623;
v000001482c83c0f0_624 .array/port v000001482c83c0f0, 624;
E_000001482c851850/156 .event anyedge, v000001482c83c0f0_621, v000001482c83c0f0_622, v000001482c83c0f0_623, v000001482c83c0f0_624;
v000001482c83c0f0_625 .array/port v000001482c83c0f0, 625;
v000001482c83c0f0_626 .array/port v000001482c83c0f0, 626;
v000001482c83c0f0_627 .array/port v000001482c83c0f0, 627;
v000001482c83c0f0_628 .array/port v000001482c83c0f0, 628;
E_000001482c851850/157 .event anyedge, v000001482c83c0f0_625, v000001482c83c0f0_626, v000001482c83c0f0_627, v000001482c83c0f0_628;
v000001482c83c0f0_629 .array/port v000001482c83c0f0, 629;
v000001482c83c0f0_630 .array/port v000001482c83c0f0, 630;
v000001482c83c0f0_631 .array/port v000001482c83c0f0, 631;
v000001482c83c0f0_632 .array/port v000001482c83c0f0, 632;
E_000001482c851850/158 .event anyedge, v000001482c83c0f0_629, v000001482c83c0f0_630, v000001482c83c0f0_631, v000001482c83c0f0_632;
v000001482c83c0f0_633 .array/port v000001482c83c0f0, 633;
v000001482c83c0f0_634 .array/port v000001482c83c0f0, 634;
v000001482c83c0f0_635 .array/port v000001482c83c0f0, 635;
v000001482c83c0f0_636 .array/port v000001482c83c0f0, 636;
E_000001482c851850/159 .event anyedge, v000001482c83c0f0_633, v000001482c83c0f0_634, v000001482c83c0f0_635, v000001482c83c0f0_636;
v000001482c83c0f0_637 .array/port v000001482c83c0f0, 637;
v000001482c83c0f0_638 .array/port v000001482c83c0f0, 638;
v000001482c83c0f0_639 .array/port v000001482c83c0f0, 639;
v000001482c83c0f0_640 .array/port v000001482c83c0f0, 640;
E_000001482c851850/160 .event anyedge, v000001482c83c0f0_637, v000001482c83c0f0_638, v000001482c83c0f0_639, v000001482c83c0f0_640;
v000001482c83c0f0_641 .array/port v000001482c83c0f0, 641;
v000001482c83c0f0_642 .array/port v000001482c83c0f0, 642;
v000001482c83c0f0_643 .array/port v000001482c83c0f0, 643;
v000001482c83c0f0_644 .array/port v000001482c83c0f0, 644;
E_000001482c851850/161 .event anyedge, v000001482c83c0f0_641, v000001482c83c0f0_642, v000001482c83c0f0_643, v000001482c83c0f0_644;
v000001482c83c0f0_645 .array/port v000001482c83c0f0, 645;
v000001482c83c0f0_646 .array/port v000001482c83c0f0, 646;
v000001482c83c0f0_647 .array/port v000001482c83c0f0, 647;
v000001482c83c0f0_648 .array/port v000001482c83c0f0, 648;
E_000001482c851850/162 .event anyedge, v000001482c83c0f0_645, v000001482c83c0f0_646, v000001482c83c0f0_647, v000001482c83c0f0_648;
v000001482c83c0f0_649 .array/port v000001482c83c0f0, 649;
v000001482c83c0f0_650 .array/port v000001482c83c0f0, 650;
v000001482c83c0f0_651 .array/port v000001482c83c0f0, 651;
v000001482c83c0f0_652 .array/port v000001482c83c0f0, 652;
E_000001482c851850/163 .event anyedge, v000001482c83c0f0_649, v000001482c83c0f0_650, v000001482c83c0f0_651, v000001482c83c0f0_652;
v000001482c83c0f0_653 .array/port v000001482c83c0f0, 653;
v000001482c83c0f0_654 .array/port v000001482c83c0f0, 654;
v000001482c83c0f0_655 .array/port v000001482c83c0f0, 655;
v000001482c83c0f0_656 .array/port v000001482c83c0f0, 656;
E_000001482c851850/164 .event anyedge, v000001482c83c0f0_653, v000001482c83c0f0_654, v000001482c83c0f0_655, v000001482c83c0f0_656;
v000001482c83c0f0_657 .array/port v000001482c83c0f0, 657;
v000001482c83c0f0_658 .array/port v000001482c83c0f0, 658;
v000001482c83c0f0_659 .array/port v000001482c83c0f0, 659;
v000001482c83c0f0_660 .array/port v000001482c83c0f0, 660;
E_000001482c851850/165 .event anyedge, v000001482c83c0f0_657, v000001482c83c0f0_658, v000001482c83c0f0_659, v000001482c83c0f0_660;
v000001482c83c0f0_661 .array/port v000001482c83c0f0, 661;
v000001482c83c0f0_662 .array/port v000001482c83c0f0, 662;
v000001482c83c0f0_663 .array/port v000001482c83c0f0, 663;
v000001482c83c0f0_664 .array/port v000001482c83c0f0, 664;
E_000001482c851850/166 .event anyedge, v000001482c83c0f0_661, v000001482c83c0f0_662, v000001482c83c0f0_663, v000001482c83c0f0_664;
v000001482c83c0f0_665 .array/port v000001482c83c0f0, 665;
v000001482c83c0f0_666 .array/port v000001482c83c0f0, 666;
v000001482c83c0f0_667 .array/port v000001482c83c0f0, 667;
v000001482c83c0f0_668 .array/port v000001482c83c0f0, 668;
E_000001482c851850/167 .event anyedge, v000001482c83c0f0_665, v000001482c83c0f0_666, v000001482c83c0f0_667, v000001482c83c0f0_668;
v000001482c83c0f0_669 .array/port v000001482c83c0f0, 669;
v000001482c83c0f0_670 .array/port v000001482c83c0f0, 670;
v000001482c83c0f0_671 .array/port v000001482c83c0f0, 671;
v000001482c83c0f0_672 .array/port v000001482c83c0f0, 672;
E_000001482c851850/168 .event anyedge, v000001482c83c0f0_669, v000001482c83c0f0_670, v000001482c83c0f0_671, v000001482c83c0f0_672;
v000001482c83c0f0_673 .array/port v000001482c83c0f0, 673;
v000001482c83c0f0_674 .array/port v000001482c83c0f0, 674;
v000001482c83c0f0_675 .array/port v000001482c83c0f0, 675;
v000001482c83c0f0_676 .array/port v000001482c83c0f0, 676;
E_000001482c851850/169 .event anyedge, v000001482c83c0f0_673, v000001482c83c0f0_674, v000001482c83c0f0_675, v000001482c83c0f0_676;
v000001482c83c0f0_677 .array/port v000001482c83c0f0, 677;
v000001482c83c0f0_678 .array/port v000001482c83c0f0, 678;
v000001482c83c0f0_679 .array/port v000001482c83c0f0, 679;
v000001482c83c0f0_680 .array/port v000001482c83c0f0, 680;
E_000001482c851850/170 .event anyedge, v000001482c83c0f0_677, v000001482c83c0f0_678, v000001482c83c0f0_679, v000001482c83c0f0_680;
v000001482c83c0f0_681 .array/port v000001482c83c0f0, 681;
v000001482c83c0f0_682 .array/port v000001482c83c0f0, 682;
v000001482c83c0f0_683 .array/port v000001482c83c0f0, 683;
v000001482c83c0f0_684 .array/port v000001482c83c0f0, 684;
E_000001482c851850/171 .event anyedge, v000001482c83c0f0_681, v000001482c83c0f0_682, v000001482c83c0f0_683, v000001482c83c0f0_684;
v000001482c83c0f0_685 .array/port v000001482c83c0f0, 685;
v000001482c83c0f0_686 .array/port v000001482c83c0f0, 686;
v000001482c83c0f0_687 .array/port v000001482c83c0f0, 687;
v000001482c83c0f0_688 .array/port v000001482c83c0f0, 688;
E_000001482c851850/172 .event anyedge, v000001482c83c0f0_685, v000001482c83c0f0_686, v000001482c83c0f0_687, v000001482c83c0f0_688;
v000001482c83c0f0_689 .array/port v000001482c83c0f0, 689;
v000001482c83c0f0_690 .array/port v000001482c83c0f0, 690;
v000001482c83c0f0_691 .array/port v000001482c83c0f0, 691;
v000001482c83c0f0_692 .array/port v000001482c83c0f0, 692;
E_000001482c851850/173 .event anyedge, v000001482c83c0f0_689, v000001482c83c0f0_690, v000001482c83c0f0_691, v000001482c83c0f0_692;
v000001482c83c0f0_693 .array/port v000001482c83c0f0, 693;
v000001482c83c0f0_694 .array/port v000001482c83c0f0, 694;
v000001482c83c0f0_695 .array/port v000001482c83c0f0, 695;
v000001482c83c0f0_696 .array/port v000001482c83c0f0, 696;
E_000001482c851850/174 .event anyedge, v000001482c83c0f0_693, v000001482c83c0f0_694, v000001482c83c0f0_695, v000001482c83c0f0_696;
v000001482c83c0f0_697 .array/port v000001482c83c0f0, 697;
v000001482c83c0f0_698 .array/port v000001482c83c0f0, 698;
v000001482c83c0f0_699 .array/port v000001482c83c0f0, 699;
v000001482c83c0f0_700 .array/port v000001482c83c0f0, 700;
E_000001482c851850/175 .event anyedge, v000001482c83c0f0_697, v000001482c83c0f0_698, v000001482c83c0f0_699, v000001482c83c0f0_700;
v000001482c83c0f0_701 .array/port v000001482c83c0f0, 701;
v000001482c83c0f0_702 .array/port v000001482c83c0f0, 702;
v000001482c83c0f0_703 .array/port v000001482c83c0f0, 703;
v000001482c83c0f0_704 .array/port v000001482c83c0f0, 704;
E_000001482c851850/176 .event anyedge, v000001482c83c0f0_701, v000001482c83c0f0_702, v000001482c83c0f0_703, v000001482c83c0f0_704;
v000001482c83c0f0_705 .array/port v000001482c83c0f0, 705;
v000001482c83c0f0_706 .array/port v000001482c83c0f0, 706;
v000001482c83c0f0_707 .array/port v000001482c83c0f0, 707;
v000001482c83c0f0_708 .array/port v000001482c83c0f0, 708;
E_000001482c851850/177 .event anyedge, v000001482c83c0f0_705, v000001482c83c0f0_706, v000001482c83c0f0_707, v000001482c83c0f0_708;
v000001482c83c0f0_709 .array/port v000001482c83c0f0, 709;
v000001482c83c0f0_710 .array/port v000001482c83c0f0, 710;
v000001482c83c0f0_711 .array/port v000001482c83c0f0, 711;
v000001482c83c0f0_712 .array/port v000001482c83c0f0, 712;
E_000001482c851850/178 .event anyedge, v000001482c83c0f0_709, v000001482c83c0f0_710, v000001482c83c0f0_711, v000001482c83c0f0_712;
v000001482c83c0f0_713 .array/port v000001482c83c0f0, 713;
v000001482c83c0f0_714 .array/port v000001482c83c0f0, 714;
v000001482c83c0f0_715 .array/port v000001482c83c0f0, 715;
v000001482c83c0f0_716 .array/port v000001482c83c0f0, 716;
E_000001482c851850/179 .event anyedge, v000001482c83c0f0_713, v000001482c83c0f0_714, v000001482c83c0f0_715, v000001482c83c0f0_716;
v000001482c83c0f0_717 .array/port v000001482c83c0f0, 717;
v000001482c83c0f0_718 .array/port v000001482c83c0f0, 718;
v000001482c83c0f0_719 .array/port v000001482c83c0f0, 719;
v000001482c83c0f0_720 .array/port v000001482c83c0f0, 720;
E_000001482c851850/180 .event anyedge, v000001482c83c0f0_717, v000001482c83c0f0_718, v000001482c83c0f0_719, v000001482c83c0f0_720;
v000001482c83c0f0_721 .array/port v000001482c83c0f0, 721;
v000001482c83c0f0_722 .array/port v000001482c83c0f0, 722;
v000001482c83c0f0_723 .array/port v000001482c83c0f0, 723;
v000001482c83c0f0_724 .array/port v000001482c83c0f0, 724;
E_000001482c851850/181 .event anyedge, v000001482c83c0f0_721, v000001482c83c0f0_722, v000001482c83c0f0_723, v000001482c83c0f0_724;
v000001482c83c0f0_725 .array/port v000001482c83c0f0, 725;
v000001482c83c0f0_726 .array/port v000001482c83c0f0, 726;
v000001482c83c0f0_727 .array/port v000001482c83c0f0, 727;
v000001482c83c0f0_728 .array/port v000001482c83c0f0, 728;
E_000001482c851850/182 .event anyedge, v000001482c83c0f0_725, v000001482c83c0f0_726, v000001482c83c0f0_727, v000001482c83c0f0_728;
v000001482c83c0f0_729 .array/port v000001482c83c0f0, 729;
v000001482c83c0f0_730 .array/port v000001482c83c0f0, 730;
v000001482c83c0f0_731 .array/port v000001482c83c0f0, 731;
v000001482c83c0f0_732 .array/port v000001482c83c0f0, 732;
E_000001482c851850/183 .event anyedge, v000001482c83c0f0_729, v000001482c83c0f0_730, v000001482c83c0f0_731, v000001482c83c0f0_732;
v000001482c83c0f0_733 .array/port v000001482c83c0f0, 733;
v000001482c83c0f0_734 .array/port v000001482c83c0f0, 734;
v000001482c83c0f0_735 .array/port v000001482c83c0f0, 735;
v000001482c83c0f0_736 .array/port v000001482c83c0f0, 736;
E_000001482c851850/184 .event anyedge, v000001482c83c0f0_733, v000001482c83c0f0_734, v000001482c83c0f0_735, v000001482c83c0f0_736;
v000001482c83c0f0_737 .array/port v000001482c83c0f0, 737;
v000001482c83c0f0_738 .array/port v000001482c83c0f0, 738;
v000001482c83c0f0_739 .array/port v000001482c83c0f0, 739;
v000001482c83c0f0_740 .array/port v000001482c83c0f0, 740;
E_000001482c851850/185 .event anyedge, v000001482c83c0f0_737, v000001482c83c0f0_738, v000001482c83c0f0_739, v000001482c83c0f0_740;
v000001482c83c0f0_741 .array/port v000001482c83c0f0, 741;
v000001482c83c0f0_742 .array/port v000001482c83c0f0, 742;
v000001482c83c0f0_743 .array/port v000001482c83c0f0, 743;
v000001482c83c0f0_744 .array/port v000001482c83c0f0, 744;
E_000001482c851850/186 .event anyedge, v000001482c83c0f0_741, v000001482c83c0f0_742, v000001482c83c0f0_743, v000001482c83c0f0_744;
v000001482c83c0f0_745 .array/port v000001482c83c0f0, 745;
v000001482c83c0f0_746 .array/port v000001482c83c0f0, 746;
v000001482c83c0f0_747 .array/port v000001482c83c0f0, 747;
v000001482c83c0f0_748 .array/port v000001482c83c0f0, 748;
E_000001482c851850/187 .event anyedge, v000001482c83c0f0_745, v000001482c83c0f0_746, v000001482c83c0f0_747, v000001482c83c0f0_748;
v000001482c83c0f0_749 .array/port v000001482c83c0f0, 749;
v000001482c83c0f0_750 .array/port v000001482c83c0f0, 750;
v000001482c83c0f0_751 .array/port v000001482c83c0f0, 751;
v000001482c83c0f0_752 .array/port v000001482c83c0f0, 752;
E_000001482c851850/188 .event anyedge, v000001482c83c0f0_749, v000001482c83c0f0_750, v000001482c83c0f0_751, v000001482c83c0f0_752;
v000001482c83c0f0_753 .array/port v000001482c83c0f0, 753;
v000001482c83c0f0_754 .array/port v000001482c83c0f0, 754;
v000001482c83c0f0_755 .array/port v000001482c83c0f0, 755;
v000001482c83c0f0_756 .array/port v000001482c83c0f0, 756;
E_000001482c851850/189 .event anyedge, v000001482c83c0f0_753, v000001482c83c0f0_754, v000001482c83c0f0_755, v000001482c83c0f0_756;
v000001482c83c0f0_757 .array/port v000001482c83c0f0, 757;
v000001482c83c0f0_758 .array/port v000001482c83c0f0, 758;
v000001482c83c0f0_759 .array/port v000001482c83c0f0, 759;
v000001482c83c0f0_760 .array/port v000001482c83c0f0, 760;
E_000001482c851850/190 .event anyedge, v000001482c83c0f0_757, v000001482c83c0f0_758, v000001482c83c0f0_759, v000001482c83c0f0_760;
v000001482c83c0f0_761 .array/port v000001482c83c0f0, 761;
v000001482c83c0f0_762 .array/port v000001482c83c0f0, 762;
v000001482c83c0f0_763 .array/port v000001482c83c0f0, 763;
v000001482c83c0f0_764 .array/port v000001482c83c0f0, 764;
E_000001482c851850/191 .event anyedge, v000001482c83c0f0_761, v000001482c83c0f0_762, v000001482c83c0f0_763, v000001482c83c0f0_764;
v000001482c83c0f0_765 .array/port v000001482c83c0f0, 765;
v000001482c83c0f0_766 .array/port v000001482c83c0f0, 766;
v000001482c83c0f0_767 .array/port v000001482c83c0f0, 767;
v000001482c83c0f0_768 .array/port v000001482c83c0f0, 768;
E_000001482c851850/192 .event anyedge, v000001482c83c0f0_765, v000001482c83c0f0_766, v000001482c83c0f0_767, v000001482c83c0f0_768;
v000001482c83c0f0_769 .array/port v000001482c83c0f0, 769;
v000001482c83c0f0_770 .array/port v000001482c83c0f0, 770;
v000001482c83c0f0_771 .array/port v000001482c83c0f0, 771;
v000001482c83c0f0_772 .array/port v000001482c83c0f0, 772;
E_000001482c851850/193 .event anyedge, v000001482c83c0f0_769, v000001482c83c0f0_770, v000001482c83c0f0_771, v000001482c83c0f0_772;
v000001482c83c0f0_773 .array/port v000001482c83c0f0, 773;
v000001482c83c0f0_774 .array/port v000001482c83c0f0, 774;
v000001482c83c0f0_775 .array/port v000001482c83c0f0, 775;
v000001482c83c0f0_776 .array/port v000001482c83c0f0, 776;
E_000001482c851850/194 .event anyedge, v000001482c83c0f0_773, v000001482c83c0f0_774, v000001482c83c0f0_775, v000001482c83c0f0_776;
v000001482c83c0f0_777 .array/port v000001482c83c0f0, 777;
v000001482c83c0f0_778 .array/port v000001482c83c0f0, 778;
v000001482c83c0f0_779 .array/port v000001482c83c0f0, 779;
v000001482c83c0f0_780 .array/port v000001482c83c0f0, 780;
E_000001482c851850/195 .event anyedge, v000001482c83c0f0_777, v000001482c83c0f0_778, v000001482c83c0f0_779, v000001482c83c0f0_780;
v000001482c83c0f0_781 .array/port v000001482c83c0f0, 781;
v000001482c83c0f0_782 .array/port v000001482c83c0f0, 782;
v000001482c83c0f0_783 .array/port v000001482c83c0f0, 783;
v000001482c83c0f0_784 .array/port v000001482c83c0f0, 784;
E_000001482c851850/196 .event anyedge, v000001482c83c0f0_781, v000001482c83c0f0_782, v000001482c83c0f0_783, v000001482c83c0f0_784;
v000001482c83c0f0_785 .array/port v000001482c83c0f0, 785;
v000001482c83c0f0_786 .array/port v000001482c83c0f0, 786;
v000001482c83c0f0_787 .array/port v000001482c83c0f0, 787;
v000001482c83c0f0_788 .array/port v000001482c83c0f0, 788;
E_000001482c851850/197 .event anyedge, v000001482c83c0f0_785, v000001482c83c0f0_786, v000001482c83c0f0_787, v000001482c83c0f0_788;
v000001482c83c0f0_789 .array/port v000001482c83c0f0, 789;
v000001482c83c0f0_790 .array/port v000001482c83c0f0, 790;
v000001482c83c0f0_791 .array/port v000001482c83c0f0, 791;
v000001482c83c0f0_792 .array/port v000001482c83c0f0, 792;
E_000001482c851850/198 .event anyedge, v000001482c83c0f0_789, v000001482c83c0f0_790, v000001482c83c0f0_791, v000001482c83c0f0_792;
v000001482c83c0f0_793 .array/port v000001482c83c0f0, 793;
v000001482c83c0f0_794 .array/port v000001482c83c0f0, 794;
v000001482c83c0f0_795 .array/port v000001482c83c0f0, 795;
v000001482c83c0f0_796 .array/port v000001482c83c0f0, 796;
E_000001482c851850/199 .event anyedge, v000001482c83c0f0_793, v000001482c83c0f0_794, v000001482c83c0f0_795, v000001482c83c0f0_796;
v000001482c83c0f0_797 .array/port v000001482c83c0f0, 797;
v000001482c83c0f0_798 .array/port v000001482c83c0f0, 798;
v000001482c83c0f0_799 .array/port v000001482c83c0f0, 799;
v000001482c83c0f0_800 .array/port v000001482c83c0f0, 800;
E_000001482c851850/200 .event anyedge, v000001482c83c0f0_797, v000001482c83c0f0_798, v000001482c83c0f0_799, v000001482c83c0f0_800;
v000001482c83c0f0_801 .array/port v000001482c83c0f0, 801;
v000001482c83c0f0_802 .array/port v000001482c83c0f0, 802;
v000001482c83c0f0_803 .array/port v000001482c83c0f0, 803;
v000001482c83c0f0_804 .array/port v000001482c83c0f0, 804;
E_000001482c851850/201 .event anyedge, v000001482c83c0f0_801, v000001482c83c0f0_802, v000001482c83c0f0_803, v000001482c83c0f0_804;
v000001482c83c0f0_805 .array/port v000001482c83c0f0, 805;
v000001482c83c0f0_806 .array/port v000001482c83c0f0, 806;
v000001482c83c0f0_807 .array/port v000001482c83c0f0, 807;
v000001482c83c0f0_808 .array/port v000001482c83c0f0, 808;
E_000001482c851850/202 .event anyedge, v000001482c83c0f0_805, v000001482c83c0f0_806, v000001482c83c0f0_807, v000001482c83c0f0_808;
v000001482c83c0f0_809 .array/port v000001482c83c0f0, 809;
v000001482c83c0f0_810 .array/port v000001482c83c0f0, 810;
v000001482c83c0f0_811 .array/port v000001482c83c0f0, 811;
v000001482c83c0f0_812 .array/port v000001482c83c0f0, 812;
E_000001482c851850/203 .event anyedge, v000001482c83c0f0_809, v000001482c83c0f0_810, v000001482c83c0f0_811, v000001482c83c0f0_812;
v000001482c83c0f0_813 .array/port v000001482c83c0f0, 813;
v000001482c83c0f0_814 .array/port v000001482c83c0f0, 814;
v000001482c83c0f0_815 .array/port v000001482c83c0f0, 815;
v000001482c83c0f0_816 .array/port v000001482c83c0f0, 816;
E_000001482c851850/204 .event anyedge, v000001482c83c0f0_813, v000001482c83c0f0_814, v000001482c83c0f0_815, v000001482c83c0f0_816;
v000001482c83c0f0_817 .array/port v000001482c83c0f0, 817;
v000001482c83c0f0_818 .array/port v000001482c83c0f0, 818;
v000001482c83c0f0_819 .array/port v000001482c83c0f0, 819;
v000001482c83c0f0_820 .array/port v000001482c83c0f0, 820;
E_000001482c851850/205 .event anyedge, v000001482c83c0f0_817, v000001482c83c0f0_818, v000001482c83c0f0_819, v000001482c83c0f0_820;
v000001482c83c0f0_821 .array/port v000001482c83c0f0, 821;
v000001482c83c0f0_822 .array/port v000001482c83c0f0, 822;
v000001482c83c0f0_823 .array/port v000001482c83c0f0, 823;
v000001482c83c0f0_824 .array/port v000001482c83c0f0, 824;
E_000001482c851850/206 .event anyedge, v000001482c83c0f0_821, v000001482c83c0f0_822, v000001482c83c0f0_823, v000001482c83c0f0_824;
v000001482c83c0f0_825 .array/port v000001482c83c0f0, 825;
v000001482c83c0f0_826 .array/port v000001482c83c0f0, 826;
v000001482c83c0f0_827 .array/port v000001482c83c0f0, 827;
v000001482c83c0f0_828 .array/port v000001482c83c0f0, 828;
E_000001482c851850/207 .event anyedge, v000001482c83c0f0_825, v000001482c83c0f0_826, v000001482c83c0f0_827, v000001482c83c0f0_828;
v000001482c83c0f0_829 .array/port v000001482c83c0f0, 829;
v000001482c83c0f0_830 .array/port v000001482c83c0f0, 830;
v000001482c83c0f0_831 .array/port v000001482c83c0f0, 831;
v000001482c83c0f0_832 .array/port v000001482c83c0f0, 832;
E_000001482c851850/208 .event anyedge, v000001482c83c0f0_829, v000001482c83c0f0_830, v000001482c83c0f0_831, v000001482c83c0f0_832;
v000001482c83c0f0_833 .array/port v000001482c83c0f0, 833;
v000001482c83c0f0_834 .array/port v000001482c83c0f0, 834;
v000001482c83c0f0_835 .array/port v000001482c83c0f0, 835;
v000001482c83c0f0_836 .array/port v000001482c83c0f0, 836;
E_000001482c851850/209 .event anyedge, v000001482c83c0f0_833, v000001482c83c0f0_834, v000001482c83c0f0_835, v000001482c83c0f0_836;
v000001482c83c0f0_837 .array/port v000001482c83c0f0, 837;
v000001482c83c0f0_838 .array/port v000001482c83c0f0, 838;
v000001482c83c0f0_839 .array/port v000001482c83c0f0, 839;
v000001482c83c0f0_840 .array/port v000001482c83c0f0, 840;
E_000001482c851850/210 .event anyedge, v000001482c83c0f0_837, v000001482c83c0f0_838, v000001482c83c0f0_839, v000001482c83c0f0_840;
v000001482c83c0f0_841 .array/port v000001482c83c0f0, 841;
v000001482c83c0f0_842 .array/port v000001482c83c0f0, 842;
v000001482c83c0f0_843 .array/port v000001482c83c0f0, 843;
v000001482c83c0f0_844 .array/port v000001482c83c0f0, 844;
E_000001482c851850/211 .event anyedge, v000001482c83c0f0_841, v000001482c83c0f0_842, v000001482c83c0f0_843, v000001482c83c0f0_844;
v000001482c83c0f0_845 .array/port v000001482c83c0f0, 845;
v000001482c83c0f0_846 .array/port v000001482c83c0f0, 846;
v000001482c83c0f0_847 .array/port v000001482c83c0f0, 847;
v000001482c83c0f0_848 .array/port v000001482c83c0f0, 848;
E_000001482c851850/212 .event anyedge, v000001482c83c0f0_845, v000001482c83c0f0_846, v000001482c83c0f0_847, v000001482c83c0f0_848;
v000001482c83c0f0_849 .array/port v000001482c83c0f0, 849;
v000001482c83c0f0_850 .array/port v000001482c83c0f0, 850;
v000001482c83c0f0_851 .array/port v000001482c83c0f0, 851;
v000001482c83c0f0_852 .array/port v000001482c83c0f0, 852;
E_000001482c851850/213 .event anyedge, v000001482c83c0f0_849, v000001482c83c0f0_850, v000001482c83c0f0_851, v000001482c83c0f0_852;
v000001482c83c0f0_853 .array/port v000001482c83c0f0, 853;
v000001482c83c0f0_854 .array/port v000001482c83c0f0, 854;
v000001482c83c0f0_855 .array/port v000001482c83c0f0, 855;
v000001482c83c0f0_856 .array/port v000001482c83c0f0, 856;
E_000001482c851850/214 .event anyedge, v000001482c83c0f0_853, v000001482c83c0f0_854, v000001482c83c0f0_855, v000001482c83c0f0_856;
v000001482c83c0f0_857 .array/port v000001482c83c0f0, 857;
v000001482c83c0f0_858 .array/port v000001482c83c0f0, 858;
v000001482c83c0f0_859 .array/port v000001482c83c0f0, 859;
v000001482c83c0f0_860 .array/port v000001482c83c0f0, 860;
E_000001482c851850/215 .event anyedge, v000001482c83c0f0_857, v000001482c83c0f0_858, v000001482c83c0f0_859, v000001482c83c0f0_860;
v000001482c83c0f0_861 .array/port v000001482c83c0f0, 861;
v000001482c83c0f0_862 .array/port v000001482c83c0f0, 862;
v000001482c83c0f0_863 .array/port v000001482c83c0f0, 863;
v000001482c83c0f0_864 .array/port v000001482c83c0f0, 864;
E_000001482c851850/216 .event anyedge, v000001482c83c0f0_861, v000001482c83c0f0_862, v000001482c83c0f0_863, v000001482c83c0f0_864;
v000001482c83c0f0_865 .array/port v000001482c83c0f0, 865;
v000001482c83c0f0_866 .array/port v000001482c83c0f0, 866;
v000001482c83c0f0_867 .array/port v000001482c83c0f0, 867;
v000001482c83c0f0_868 .array/port v000001482c83c0f0, 868;
E_000001482c851850/217 .event anyedge, v000001482c83c0f0_865, v000001482c83c0f0_866, v000001482c83c0f0_867, v000001482c83c0f0_868;
v000001482c83c0f0_869 .array/port v000001482c83c0f0, 869;
v000001482c83c0f0_870 .array/port v000001482c83c0f0, 870;
v000001482c83c0f0_871 .array/port v000001482c83c0f0, 871;
v000001482c83c0f0_872 .array/port v000001482c83c0f0, 872;
E_000001482c851850/218 .event anyedge, v000001482c83c0f0_869, v000001482c83c0f0_870, v000001482c83c0f0_871, v000001482c83c0f0_872;
v000001482c83c0f0_873 .array/port v000001482c83c0f0, 873;
v000001482c83c0f0_874 .array/port v000001482c83c0f0, 874;
v000001482c83c0f0_875 .array/port v000001482c83c0f0, 875;
v000001482c83c0f0_876 .array/port v000001482c83c0f0, 876;
E_000001482c851850/219 .event anyedge, v000001482c83c0f0_873, v000001482c83c0f0_874, v000001482c83c0f0_875, v000001482c83c0f0_876;
v000001482c83c0f0_877 .array/port v000001482c83c0f0, 877;
v000001482c83c0f0_878 .array/port v000001482c83c0f0, 878;
v000001482c83c0f0_879 .array/port v000001482c83c0f0, 879;
v000001482c83c0f0_880 .array/port v000001482c83c0f0, 880;
E_000001482c851850/220 .event anyedge, v000001482c83c0f0_877, v000001482c83c0f0_878, v000001482c83c0f0_879, v000001482c83c0f0_880;
v000001482c83c0f0_881 .array/port v000001482c83c0f0, 881;
v000001482c83c0f0_882 .array/port v000001482c83c0f0, 882;
v000001482c83c0f0_883 .array/port v000001482c83c0f0, 883;
v000001482c83c0f0_884 .array/port v000001482c83c0f0, 884;
E_000001482c851850/221 .event anyedge, v000001482c83c0f0_881, v000001482c83c0f0_882, v000001482c83c0f0_883, v000001482c83c0f0_884;
v000001482c83c0f0_885 .array/port v000001482c83c0f0, 885;
v000001482c83c0f0_886 .array/port v000001482c83c0f0, 886;
v000001482c83c0f0_887 .array/port v000001482c83c0f0, 887;
v000001482c83c0f0_888 .array/port v000001482c83c0f0, 888;
E_000001482c851850/222 .event anyedge, v000001482c83c0f0_885, v000001482c83c0f0_886, v000001482c83c0f0_887, v000001482c83c0f0_888;
v000001482c83c0f0_889 .array/port v000001482c83c0f0, 889;
v000001482c83c0f0_890 .array/port v000001482c83c0f0, 890;
v000001482c83c0f0_891 .array/port v000001482c83c0f0, 891;
v000001482c83c0f0_892 .array/port v000001482c83c0f0, 892;
E_000001482c851850/223 .event anyedge, v000001482c83c0f0_889, v000001482c83c0f0_890, v000001482c83c0f0_891, v000001482c83c0f0_892;
v000001482c83c0f0_893 .array/port v000001482c83c0f0, 893;
v000001482c83c0f0_894 .array/port v000001482c83c0f0, 894;
v000001482c83c0f0_895 .array/port v000001482c83c0f0, 895;
v000001482c83c0f0_896 .array/port v000001482c83c0f0, 896;
E_000001482c851850/224 .event anyedge, v000001482c83c0f0_893, v000001482c83c0f0_894, v000001482c83c0f0_895, v000001482c83c0f0_896;
v000001482c83c0f0_897 .array/port v000001482c83c0f0, 897;
v000001482c83c0f0_898 .array/port v000001482c83c0f0, 898;
v000001482c83c0f0_899 .array/port v000001482c83c0f0, 899;
v000001482c83c0f0_900 .array/port v000001482c83c0f0, 900;
E_000001482c851850/225 .event anyedge, v000001482c83c0f0_897, v000001482c83c0f0_898, v000001482c83c0f0_899, v000001482c83c0f0_900;
v000001482c83c0f0_901 .array/port v000001482c83c0f0, 901;
v000001482c83c0f0_902 .array/port v000001482c83c0f0, 902;
v000001482c83c0f0_903 .array/port v000001482c83c0f0, 903;
v000001482c83c0f0_904 .array/port v000001482c83c0f0, 904;
E_000001482c851850/226 .event anyedge, v000001482c83c0f0_901, v000001482c83c0f0_902, v000001482c83c0f0_903, v000001482c83c0f0_904;
v000001482c83c0f0_905 .array/port v000001482c83c0f0, 905;
v000001482c83c0f0_906 .array/port v000001482c83c0f0, 906;
v000001482c83c0f0_907 .array/port v000001482c83c0f0, 907;
v000001482c83c0f0_908 .array/port v000001482c83c0f0, 908;
E_000001482c851850/227 .event anyedge, v000001482c83c0f0_905, v000001482c83c0f0_906, v000001482c83c0f0_907, v000001482c83c0f0_908;
v000001482c83c0f0_909 .array/port v000001482c83c0f0, 909;
v000001482c83c0f0_910 .array/port v000001482c83c0f0, 910;
v000001482c83c0f0_911 .array/port v000001482c83c0f0, 911;
v000001482c83c0f0_912 .array/port v000001482c83c0f0, 912;
E_000001482c851850/228 .event anyedge, v000001482c83c0f0_909, v000001482c83c0f0_910, v000001482c83c0f0_911, v000001482c83c0f0_912;
v000001482c83c0f0_913 .array/port v000001482c83c0f0, 913;
v000001482c83c0f0_914 .array/port v000001482c83c0f0, 914;
v000001482c83c0f0_915 .array/port v000001482c83c0f0, 915;
v000001482c83c0f0_916 .array/port v000001482c83c0f0, 916;
E_000001482c851850/229 .event anyedge, v000001482c83c0f0_913, v000001482c83c0f0_914, v000001482c83c0f0_915, v000001482c83c0f0_916;
v000001482c83c0f0_917 .array/port v000001482c83c0f0, 917;
v000001482c83c0f0_918 .array/port v000001482c83c0f0, 918;
v000001482c83c0f0_919 .array/port v000001482c83c0f0, 919;
v000001482c83c0f0_920 .array/port v000001482c83c0f0, 920;
E_000001482c851850/230 .event anyedge, v000001482c83c0f0_917, v000001482c83c0f0_918, v000001482c83c0f0_919, v000001482c83c0f0_920;
v000001482c83c0f0_921 .array/port v000001482c83c0f0, 921;
v000001482c83c0f0_922 .array/port v000001482c83c0f0, 922;
v000001482c83c0f0_923 .array/port v000001482c83c0f0, 923;
v000001482c83c0f0_924 .array/port v000001482c83c0f0, 924;
E_000001482c851850/231 .event anyedge, v000001482c83c0f0_921, v000001482c83c0f0_922, v000001482c83c0f0_923, v000001482c83c0f0_924;
v000001482c83c0f0_925 .array/port v000001482c83c0f0, 925;
v000001482c83c0f0_926 .array/port v000001482c83c0f0, 926;
v000001482c83c0f0_927 .array/port v000001482c83c0f0, 927;
v000001482c83c0f0_928 .array/port v000001482c83c0f0, 928;
E_000001482c851850/232 .event anyedge, v000001482c83c0f0_925, v000001482c83c0f0_926, v000001482c83c0f0_927, v000001482c83c0f0_928;
v000001482c83c0f0_929 .array/port v000001482c83c0f0, 929;
v000001482c83c0f0_930 .array/port v000001482c83c0f0, 930;
v000001482c83c0f0_931 .array/port v000001482c83c0f0, 931;
v000001482c83c0f0_932 .array/port v000001482c83c0f0, 932;
E_000001482c851850/233 .event anyedge, v000001482c83c0f0_929, v000001482c83c0f0_930, v000001482c83c0f0_931, v000001482c83c0f0_932;
v000001482c83c0f0_933 .array/port v000001482c83c0f0, 933;
v000001482c83c0f0_934 .array/port v000001482c83c0f0, 934;
v000001482c83c0f0_935 .array/port v000001482c83c0f0, 935;
v000001482c83c0f0_936 .array/port v000001482c83c0f0, 936;
E_000001482c851850/234 .event anyedge, v000001482c83c0f0_933, v000001482c83c0f0_934, v000001482c83c0f0_935, v000001482c83c0f0_936;
v000001482c83c0f0_937 .array/port v000001482c83c0f0, 937;
v000001482c83c0f0_938 .array/port v000001482c83c0f0, 938;
v000001482c83c0f0_939 .array/port v000001482c83c0f0, 939;
v000001482c83c0f0_940 .array/port v000001482c83c0f0, 940;
E_000001482c851850/235 .event anyedge, v000001482c83c0f0_937, v000001482c83c0f0_938, v000001482c83c0f0_939, v000001482c83c0f0_940;
v000001482c83c0f0_941 .array/port v000001482c83c0f0, 941;
v000001482c83c0f0_942 .array/port v000001482c83c0f0, 942;
v000001482c83c0f0_943 .array/port v000001482c83c0f0, 943;
v000001482c83c0f0_944 .array/port v000001482c83c0f0, 944;
E_000001482c851850/236 .event anyedge, v000001482c83c0f0_941, v000001482c83c0f0_942, v000001482c83c0f0_943, v000001482c83c0f0_944;
v000001482c83c0f0_945 .array/port v000001482c83c0f0, 945;
v000001482c83c0f0_946 .array/port v000001482c83c0f0, 946;
v000001482c83c0f0_947 .array/port v000001482c83c0f0, 947;
v000001482c83c0f0_948 .array/port v000001482c83c0f0, 948;
E_000001482c851850/237 .event anyedge, v000001482c83c0f0_945, v000001482c83c0f0_946, v000001482c83c0f0_947, v000001482c83c0f0_948;
v000001482c83c0f0_949 .array/port v000001482c83c0f0, 949;
v000001482c83c0f0_950 .array/port v000001482c83c0f0, 950;
v000001482c83c0f0_951 .array/port v000001482c83c0f0, 951;
v000001482c83c0f0_952 .array/port v000001482c83c0f0, 952;
E_000001482c851850/238 .event anyedge, v000001482c83c0f0_949, v000001482c83c0f0_950, v000001482c83c0f0_951, v000001482c83c0f0_952;
v000001482c83c0f0_953 .array/port v000001482c83c0f0, 953;
v000001482c83c0f0_954 .array/port v000001482c83c0f0, 954;
v000001482c83c0f0_955 .array/port v000001482c83c0f0, 955;
v000001482c83c0f0_956 .array/port v000001482c83c0f0, 956;
E_000001482c851850/239 .event anyedge, v000001482c83c0f0_953, v000001482c83c0f0_954, v000001482c83c0f0_955, v000001482c83c0f0_956;
v000001482c83c0f0_957 .array/port v000001482c83c0f0, 957;
v000001482c83c0f0_958 .array/port v000001482c83c0f0, 958;
v000001482c83c0f0_959 .array/port v000001482c83c0f0, 959;
v000001482c83c0f0_960 .array/port v000001482c83c0f0, 960;
E_000001482c851850/240 .event anyedge, v000001482c83c0f0_957, v000001482c83c0f0_958, v000001482c83c0f0_959, v000001482c83c0f0_960;
v000001482c83c0f0_961 .array/port v000001482c83c0f0, 961;
v000001482c83c0f0_962 .array/port v000001482c83c0f0, 962;
v000001482c83c0f0_963 .array/port v000001482c83c0f0, 963;
v000001482c83c0f0_964 .array/port v000001482c83c0f0, 964;
E_000001482c851850/241 .event anyedge, v000001482c83c0f0_961, v000001482c83c0f0_962, v000001482c83c0f0_963, v000001482c83c0f0_964;
v000001482c83c0f0_965 .array/port v000001482c83c0f0, 965;
v000001482c83c0f0_966 .array/port v000001482c83c0f0, 966;
v000001482c83c0f0_967 .array/port v000001482c83c0f0, 967;
v000001482c83c0f0_968 .array/port v000001482c83c0f0, 968;
E_000001482c851850/242 .event anyedge, v000001482c83c0f0_965, v000001482c83c0f0_966, v000001482c83c0f0_967, v000001482c83c0f0_968;
v000001482c83c0f0_969 .array/port v000001482c83c0f0, 969;
v000001482c83c0f0_970 .array/port v000001482c83c0f0, 970;
v000001482c83c0f0_971 .array/port v000001482c83c0f0, 971;
v000001482c83c0f0_972 .array/port v000001482c83c0f0, 972;
E_000001482c851850/243 .event anyedge, v000001482c83c0f0_969, v000001482c83c0f0_970, v000001482c83c0f0_971, v000001482c83c0f0_972;
v000001482c83c0f0_973 .array/port v000001482c83c0f0, 973;
v000001482c83c0f0_974 .array/port v000001482c83c0f0, 974;
v000001482c83c0f0_975 .array/port v000001482c83c0f0, 975;
v000001482c83c0f0_976 .array/port v000001482c83c0f0, 976;
E_000001482c851850/244 .event anyedge, v000001482c83c0f0_973, v000001482c83c0f0_974, v000001482c83c0f0_975, v000001482c83c0f0_976;
v000001482c83c0f0_977 .array/port v000001482c83c0f0, 977;
v000001482c83c0f0_978 .array/port v000001482c83c0f0, 978;
v000001482c83c0f0_979 .array/port v000001482c83c0f0, 979;
v000001482c83c0f0_980 .array/port v000001482c83c0f0, 980;
E_000001482c851850/245 .event anyedge, v000001482c83c0f0_977, v000001482c83c0f0_978, v000001482c83c0f0_979, v000001482c83c0f0_980;
v000001482c83c0f0_981 .array/port v000001482c83c0f0, 981;
v000001482c83c0f0_982 .array/port v000001482c83c0f0, 982;
v000001482c83c0f0_983 .array/port v000001482c83c0f0, 983;
v000001482c83c0f0_984 .array/port v000001482c83c0f0, 984;
E_000001482c851850/246 .event anyedge, v000001482c83c0f0_981, v000001482c83c0f0_982, v000001482c83c0f0_983, v000001482c83c0f0_984;
v000001482c83c0f0_985 .array/port v000001482c83c0f0, 985;
v000001482c83c0f0_986 .array/port v000001482c83c0f0, 986;
v000001482c83c0f0_987 .array/port v000001482c83c0f0, 987;
v000001482c83c0f0_988 .array/port v000001482c83c0f0, 988;
E_000001482c851850/247 .event anyedge, v000001482c83c0f0_985, v000001482c83c0f0_986, v000001482c83c0f0_987, v000001482c83c0f0_988;
v000001482c83c0f0_989 .array/port v000001482c83c0f0, 989;
v000001482c83c0f0_990 .array/port v000001482c83c0f0, 990;
v000001482c83c0f0_991 .array/port v000001482c83c0f0, 991;
v000001482c83c0f0_992 .array/port v000001482c83c0f0, 992;
E_000001482c851850/248 .event anyedge, v000001482c83c0f0_989, v000001482c83c0f0_990, v000001482c83c0f0_991, v000001482c83c0f0_992;
v000001482c83c0f0_993 .array/port v000001482c83c0f0, 993;
v000001482c83c0f0_994 .array/port v000001482c83c0f0, 994;
v000001482c83c0f0_995 .array/port v000001482c83c0f0, 995;
v000001482c83c0f0_996 .array/port v000001482c83c0f0, 996;
E_000001482c851850/249 .event anyedge, v000001482c83c0f0_993, v000001482c83c0f0_994, v000001482c83c0f0_995, v000001482c83c0f0_996;
v000001482c83c0f0_997 .array/port v000001482c83c0f0, 997;
v000001482c83c0f0_998 .array/port v000001482c83c0f0, 998;
v000001482c83c0f0_999 .array/port v000001482c83c0f0, 999;
v000001482c83c0f0_1000 .array/port v000001482c83c0f0, 1000;
E_000001482c851850/250 .event anyedge, v000001482c83c0f0_997, v000001482c83c0f0_998, v000001482c83c0f0_999, v000001482c83c0f0_1000;
v000001482c83c0f0_1001 .array/port v000001482c83c0f0, 1001;
v000001482c83c0f0_1002 .array/port v000001482c83c0f0, 1002;
v000001482c83c0f0_1003 .array/port v000001482c83c0f0, 1003;
v000001482c83c0f0_1004 .array/port v000001482c83c0f0, 1004;
E_000001482c851850/251 .event anyedge, v000001482c83c0f0_1001, v000001482c83c0f0_1002, v000001482c83c0f0_1003, v000001482c83c0f0_1004;
v000001482c83c0f0_1005 .array/port v000001482c83c0f0, 1005;
v000001482c83c0f0_1006 .array/port v000001482c83c0f0, 1006;
v000001482c83c0f0_1007 .array/port v000001482c83c0f0, 1007;
v000001482c83c0f0_1008 .array/port v000001482c83c0f0, 1008;
E_000001482c851850/252 .event anyedge, v000001482c83c0f0_1005, v000001482c83c0f0_1006, v000001482c83c0f0_1007, v000001482c83c0f0_1008;
v000001482c83c0f0_1009 .array/port v000001482c83c0f0, 1009;
v000001482c83c0f0_1010 .array/port v000001482c83c0f0, 1010;
v000001482c83c0f0_1011 .array/port v000001482c83c0f0, 1011;
v000001482c83c0f0_1012 .array/port v000001482c83c0f0, 1012;
E_000001482c851850/253 .event anyedge, v000001482c83c0f0_1009, v000001482c83c0f0_1010, v000001482c83c0f0_1011, v000001482c83c0f0_1012;
v000001482c83c0f0_1013 .array/port v000001482c83c0f0, 1013;
v000001482c83c0f0_1014 .array/port v000001482c83c0f0, 1014;
v000001482c83c0f0_1015 .array/port v000001482c83c0f0, 1015;
v000001482c83c0f0_1016 .array/port v000001482c83c0f0, 1016;
E_000001482c851850/254 .event anyedge, v000001482c83c0f0_1013, v000001482c83c0f0_1014, v000001482c83c0f0_1015, v000001482c83c0f0_1016;
v000001482c83c0f0_1017 .array/port v000001482c83c0f0, 1017;
v000001482c83c0f0_1018 .array/port v000001482c83c0f0, 1018;
v000001482c83c0f0_1019 .array/port v000001482c83c0f0, 1019;
v000001482c83c0f0_1020 .array/port v000001482c83c0f0, 1020;
E_000001482c851850/255 .event anyedge, v000001482c83c0f0_1017, v000001482c83c0f0_1018, v000001482c83c0f0_1019, v000001482c83c0f0_1020;
v000001482c83c0f0_1021 .array/port v000001482c83c0f0, 1021;
v000001482c83c0f0_1022 .array/port v000001482c83c0f0, 1022;
v000001482c83c0f0_1023 .array/port v000001482c83c0f0, 1023;
E_000001482c851850/256 .event anyedge, v000001482c83c0f0_1021, v000001482c83c0f0_1022, v000001482c83c0f0_1023;
E_000001482c851850 .event/or E_000001482c851850/0, E_000001482c851850/1, E_000001482c851850/2, E_000001482c851850/3, E_000001482c851850/4, E_000001482c851850/5, E_000001482c851850/6, E_000001482c851850/7, E_000001482c851850/8, E_000001482c851850/9, E_000001482c851850/10, E_000001482c851850/11, E_000001482c851850/12, E_000001482c851850/13, E_000001482c851850/14, E_000001482c851850/15, E_000001482c851850/16, E_000001482c851850/17, E_000001482c851850/18, E_000001482c851850/19, E_000001482c851850/20, E_000001482c851850/21, E_000001482c851850/22, E_000001482c851850/23, E_000001482c851850/24, E_000001482c851850/25, E_000001482c851850/26, E_000001482c851850/27, E_000001482c851850/28, E_000001482c851850/29, E_000001482c851850/30, E_000001482c851850/31, E_000001482c851850/32, E_000001482c851850/33, E_000001482c851850/34, E_000001482c851850/35, E_000001482c851850/36, E_000001482c851850/37, E_000001482c851850/38, E_000001482c851850/39, E_000001482c851850/40, E_000001482c851850/41, E_000001482c851850/42, E_000001482c851850/43, E_000001482c851850/44, E_000001482c851850/45, E_000001482c851850/46, E_000001482c851850/47, E_000001482c851850/48, E_000001482c851850/49, E_000001482c851850/50, E_000001482c851850/51, E_000001482c851850/52, E_000001482c851850/53, E_000001482c851850/54, E_000001482c851850/55, E_000001482c851850/56, E_000001482c851850/57, E_000001482c851850/58, E_000001482c851850/59, E_000001482c851850/60, E_000001482c851850/61, E_000001482c851850/62, E_000001482c851850/63, E_000001482c851850/64, E_000001482c851850/65, E_000001482c851850/66, E_000001482c851850/67, E_000001482c851850/68, E_000001482c851850/69, E_000001482c851850/70, E_000001482c851850/71, E_000001482c851850/72, E_000001482c851850/73, E_000001482c851850/74, E_000001482c851850/75, E_000001482c851850/76, E_000001482c851850/77, E_000001482c851850/78, E_000001482c851850/79, E_000001482c851850/80, E_000001482c851850/81, E_000001482c851850/82, E_000001482c851850/83, E_000001482c851850/84, E_000001482c851850/85, E_000001482c851850/86, E_000001482c851850/87, E_000001482c851850/88, E_000001482c851850/89, E_000001482c851850/90, E_000001482c851850/91, E_000001482c851850/92, E_000001482c851850/93, E_000001482c851850/94, E_000001482c851850/95, E_000001482c851850/96, E_000001482c851850/97, E_000001482c851850/98, E_000001482c851850/99, E_000001482c851850/100, E_000001482c851850/101, E_000001482c851850/102, E_000001482c851850/103, E_000001482c851850/104, E_000001482c851850/105, E_000001482c851850/106, E_000001482c851850/107, E_000001482c851850/108, E_000001482c851850/109, E_000001482c851850/110, E_000001482c851850/111, E_000001482c851850/112, E_000001482c851850/113, E_000001482c851850/114, E_000001482c851850/115, E_000001482c851850/116, E_000001482c851850/117, E_000001482c851850/118, E_000001482c851850/119, E_000001482c851850/120, E_000001482c851850/121, E_000001482c851850/122, E_000001482c851850/123, E_000001482c851850/124, E_000001482c851850/125, E_000001482c851850/126, E_000001482c851850/127, E_000001482c851850/128, E_000001482c851850/129, E_000001482c851850/130, E_000001482c851850/131, E_000001482c851850/132, E_000001482c851850/133, E_000001482c851850/134, E_000001482c851850/135, E_000001482c851850/136, E_000001482c851850/137, E_000001482c851850/138, E_000001482c851850/139, E_000001482c851850/140, E_000001482c851850/141, E_000001482c851850/142, E_000001482c851850/143, E_000001482c851850/144, E_000001482c851850/145, E_000001482c851850/146, E_000001482c851850/147, E_000001482c851850/148, E_000001482c851850/149, E_000001482c851850/150, E_000001482c851850/151, E_000001482c851850/152, E_000001482c851850/153, E_000001482c851850/154, E_000001482c851850/155, E_000001482c851850/156, E_000001482c851850/157, E_000001482c851850/158, E_000001482c851850/159, E_000001482c851850/160, E_000001482c851850/161, E_000001482c851850/162, E_000001482c851850/163, E_000001482c851850/164, E_000001482c851850/165, E_000001482c851850/166, E_000001482c851850/167, E_000001482c851850/168, E_000001482c851850/169, E_000001482c851850/170, E_000001482c851850/171, E_000001482c851850/172, E_000001482c851850/173, E_000001482c851850/174, E_000001482c851850/175, E_000001482c851850/176, E_000001482c851850/177, E_000001482c851850/178, E_000001482c851850/179, E_000001482c851850/180, E_000001482c851850/181, E_000001482c851850/182, E_000001482c851850/183, E_000001482c851850/184, E_000001482c851850/185, E_000001482c851850/186, E_000001482c851850/187, E_000001482c851850/188, E_000001482c851850/189, E_000001482c851850/190, E_000001482c851850/191, E_000001482c851850/192, E_000001482c851850/193, E_000001482c851850/194, E_000001482c851850/195, E_000001482c851850/196, E_000001482c851850/197, E_000001482c851850/198, E_000001482c851850/199, E_000001482c851850/200, E_000001482c851850/201, E_000001482c851850/202, E_000001482c851850/203, E_000001482c851850/204, E_000001482c851850/205, E_000001482c851850/206, E_000001482c851850/207, E_000001482c851850/208, E_000001482c851850/209, E_000001482c851850/210, E_000001482c851850/211, E_000001482c851850/212, E_000001482c851850/213, E_000001482c851850/214, E_000001482c851850/215, E_000001482c851850/216, E_000001482c851850/217, E_000001482c851850/218, E_000001482c851850/219, E_000001482c851850/220, E_000001482c851850/221, E_000001482c851850/222, E_000001482c851850/223, E_000001482c851850/224, E_000001482c851850/225, E_000001482c851850/226, E_000001482c851850/227, E_000001482c851850/228, E_000001482c851850/229, E_000001482c851850/230, E_000001482c851850/231, E_000001482c851850/232, E_000001482c851850/233, E_000001482c851850/234, E_000001482c851850/235, E_000001482c851850/236, E_000001482c851850/237, E_000001482c851850/238, E_000001482c851850/239, E_000001482c851850/240, E_000001482c851850/241, E_000001482c851850/242, E_000001482c851850/243, E_000001482c851850/244, E_000001482c851850/245, E_000001482c851850/246, E_000001482c851850/247, E_000001482c851850/248, E_000001482c851850/249, E_000001482c851850/250, E_000001482c851850/251, E_000001482c851850/252, E_000001482c851850/253, E_000001482c851850/254, E_000001482c851850/255, E_000001482c851850/256;
E_000001482c851f10 .event posedge, v000001482c83cb90_0;
S_000001482c795760 .scope module, "u_instruction_memory" "instruction_memory" 3 165, 7 20 0, S_000001482c806e30;
 .timescale 0 0;
    .port_info 0 /INPUT 32 "address";
    .port_info 1 /OUTPUT 32 "instruction";
P_000001482c7940c0 .param/l "DATA_WIDTH" 0 7 21, +C4<00000000000000000000000000100000>;
P_000001482c7940f8 .param/str "INIT_FILE" 0 7 23, "programs/program.hex";
P_000001482c794130 .param/l "MEM_DEPTH" 0 7 22, +C4<00000000000000000000010000000000>;
L_000001482c837340 .functor BUFZ 32, L_000001482c8efc20, C4<00000000000000000000000000000000>, C4<00000000000000000000000000000000>, C4<00000000000000000000000000000000>;
v000001482c83c410_0 .net *"_ivl_2", 31 0, L_000001482c8efc20;  1 drivers
v000001482c83d630_0 .net "address", 31 0, v000001482c8e81e0_0;  alias, 1 drivers
v000001482c83d1d0_0 .net "instruction", 31 0, L_000001482c837340;  alias, 1 drivers
v000001482c83bb50 .array "instruction_mem", 1023 0, 31 0;
v000001482c83d770_0 .net "word_address", 29 0, L_000001482c8ee0a0;  1 drivers
L_000001482c8ee0a0 .part v000001482c8e81e0_0, 2, 30;
L_000001482c8efc20 .array/port v000001482c83bb50, L_000001482c8ee0a0;
S_000001482c7958f0 .scope module, "u_memory_interconnect" "memory_interconnect" 3 251, 8 22 0, S_000001482c806e30;
 .timescale 0 0;
    .port_info 0 /INPUT 32 "cpu_address";
    .port_info 1 /INPUT 32 "cpu_write_data";
    .port_info 2 /INPUT 1 "cpu_read";
    .port_info 3 /INPUT 1 "cpu_write";
    .port_info 4 /INPUT 3 "cpu_funct3";
    .port_info 5 /OUTPUT 32 "cpu_read_data";
    .port_info 6 /OUTPUT 1 "ram_read";
    .port_info 7 /OUTPUT 1 "ram_write";
    .port_info 8 /OUTPUT 32 "ram_address";
    .port_info 9 /OUTPUT 32 "ram_write_data";
    .port_info 10 /OUTPUT 3 "ram_funct3";
    .port_info 11 /INPUT 32 "ram_read_data";
    .port_info 12 /OUTPUT 1 "sha_read";
    .port_info 13 /OUTPUT 1 "sha_write";
    .port_info 14 /OUTPUT 32 "sha_address";
    .port_info 15 /OUTPUT 32 "sha_write_data";
    .port_info 16 /OUTPUT 3 "sha_funct3";
    .port_info 17 /INPUT 32 "sha_read_data";
P_000001482c8437b0 .param/l "DATA_WIDTH" 0 8 23, +C4<00000000000000000000000000100000>;
P_000001482c8437e8 .param/l "RAM_BASE" 1 8 66, C4<00000000000000000000000000000000>;
P_000001482c843820 .param/l "RAM_END" 1 8 69, C4<00000000000000000000111111111111>;
P_000001482c843858 .param/l "SHA_BASE" 1 8 72, C4<00010000000000000000000000000000>;
P_000001482c843890 .param/l "SHA_END" 1 8 75, C4<00010000000000000000000011111111>;
L_000001482c836850 .functor AND 1, L_000001482c8ef7c0, L_000001482c8efea0, C4<1>, C4<1>;
L_000001482c836af0 .functor AND 1, L_000001482c8eea00, L_000001482c8ef540, C4<1>, C4<1>;
L_000001482c836d20 .functor AND 1, L_000001482c836c40, L_000001482c836850, C4<1>, C4<1>;
L_000001482c836e00 .functor AND 1, L_000001482c837420, L_000001482c836850, C4<1>, C4<1>;
L_000001482c836f50 .functor BUFZ 32, L_000001482c8373b0, C4<00000000000000000000000000000000>, C4<00000000000000000000000000000000>, C4<00000000000000000000000000000000>;
L_000001482c836fc0 .functor BUFZ 32, L_000001482c8367e0, C4<00000000000000000000000000000000>, C4<00000000000000000000000000000000>, C4<00000000000000000000000000000000>;
L_000001482c8370a0 .functor BUFZ 3, L_000001482c8ee960, C4<000>, C4<000>, C4<000>;
L_000001482c80c730 .functor AND 1, L_000001482c836c40, L_000001482c836af0, C4<1>, C4<1>;
L_000001482c80bd20 .functor AND 1, L_000001482c837420, L_000001482c836af0, C4<1>, C4<1>;
L_000001482c80c810 .functor BUFZ 32, L_000001482c8373b0, C4<00000000000000000000000000000000>, C4<00000000000000000000000000000000>, C4<00000000000000000000000000000000>;
L_000001482c8967d0 .functor BUFZ 32, L_000001482c8367e0, C4<00000000000000000000000000000000>, C4<00000000000000000000000000000000>, C4<00000000000000000000000000000000>;
L_000001482c895b20 .functor BUFZ 3, L_000001482c8ee960, C4<000>, C4<000>, C4<000>;
L_000001482c8f0338 .functor BUFT 1, C4<00000000000000000000000000000000>, C4<0>, C4<0>, C4<0>;
v000001482c83ba10_0 .net/2u *"_ivl_0", 31 0, L_000001482c8f0338;  1 drivers
L_000001482c8f03c8 .functor BUFT 1, C4<00010000000000000000000000000000>, C4<0>, C4<0>, C4<0>;
v000001482c83bab0_0 .net/2u *"_ivl_10", 31 0, L_000001482c8f03c8;  1 drivers
v000001482c83c190_0 .net *"_ivl_12", 0 0, L_000001482c8eea00;  1 drivers
L_000001482c8f0410 .functor BUFT 1, C4<00010000000000000000000011111111>, C4<0>, C4<0>, C4<0>;
v000001482c7e3f70_0 .net/2u *"_ivl_14", 31 0, L_000001482c8f0410;  1 drivers
v000001482c7e25d0_0 .net *"_ivl_16", 0 0, L_000001482c8ef540;  1 drivers
v000001482c7e2ad0_0 .net *"_ivl_2", 0 0, L_000001482c8ef7c0;  1 drivers
L_000001482c8f0380 .functor BUFT 1, C4<00000000000000000000111111111111>, C4<0>, C4<0>, C4<0>;
v000001482c7b48a0_0 .net/2u *"_ivl_4", 31 0, L_000001482c8f0380;  1 drivers
L_000001482c8f0458 .functor BUFT 1, C4<00000000000000000000000000000000>, C4<0>, C4<0>, C4<0>;
v000001482c8e8460_0 .net/2u *"_ivl_40", 31 0, L_000001482c8f0458;  1 drivers
v000001482c8e7d80_0 .net *"_ivl_42", 31 0, L_000001482c8ef860;  1 drivers
v000001482c8e7100_0 .net *"_ivl_6", 0 0, L_000001482c8efea0;  1 drivers
v000001482c8e7a60_0 .net "cpu_address", 31 0, L_000001482c8373b0;  alias, 1 drivers
v000001482c8e7e20_0 .net "cpu_funct3", 2 0, L_000001482c8ee960;  alias, 1 drivers
v000001482c8e83c0_0 .net "cpu_read", 0 0, L_000001482c836c40;  alias, 1 drivers
v000001482c8e71a0_0 .net "cpu_read_data", 31 0, L_000001482c8efae0;  alias, 1 drivers
v000001482c8e8500_0 .net "cpu_write", 0 0, L_000001482c837420;  alias, 1 drivers
v000001482c8e7420_0 .net "cpu_write_data", 31 0, L_000001482c8367e0;  alias, 1 drivers
v000001482c8e8d20_0 .net "ram_address", 31 0, L_000001482c836f50;  alias, 1 drivers
v000001482c8e7740_0 .net "ram_funct3", 2 0, L_000001482c8370a0;  alias, 1 drivers
v000001482c8e7240_0 .net "ram_read", 0 0, L_000001482c836d20;  alias, 1 drivers
v000001482c8e8dc0_0 .net "ram_read_data", 31 0, v000001482c83cf50_0;  alias, 1 drivers
v000001482c8e7c40_0 .net "ram_select", 0 0, L_000001482c836850;  1 drivers
v000001482c8e88c0_0 .net "ram_write", 0 0, L_000001482c836e00;  alias, 1 drivers
v000001482c8e8a00_0 .net "ram_write_data", 31 0, L_000001482c836fc0;  alias, 1 drivers
v000001482c8e7380_0 .net "sha_address", 31 0, L_000001482c80c810;  alias, 1 drivers
v000001482c8e8960_0 .net "sha_funct3", 2 0, L_000001482c895b20;  alias, 1 drivers
v000001482c8e85a0_0 .net "sha_read", 0 0, L_000001482c80c730;  alias, 1 drivers
v000001482c8e80a0_0 .net "sha_read_data", 31 0, L_000001482c8f04a0;  alias, 1 drivers
v000001482c8e8aa0_0 .net "sha_select", 0 0, L_000001482c836af0;  1 drivers
v000001482c8e7ce0_0 .net "sha_write", 0 0, L_000001482c80bd20;  alias, 1 drivers
v000001482c8e8b40_0 .net "sha_write_data", 31 0, L_000001482c8967d0;  alias, 1 drivers
L_000001482c8ef7c0 .cmp/ge 32, L_000001482c8373b0, L_000001482c8f0338;
L_000001482c8efea0 .cmp/ge 32, L_000001482c8f0380, L_000001482c8373b0;
L_000001482c8eea00 .cmp/ge 32, L_000001482c8373b0, L_000001482c8f03c8;
L_000001482c8ef540 .cmp/ge 32, L_000001482c8f0410, L_000001482c8373b0;
L_000001482c8ef860 .functor MUXZ 32, L_000001482c8f0458, L_000001482c8f04a0, L_000001482c836af0, C4<>;
L_000001482c8efae0 .functor MUXZ 32, L_000001482c8ef860, v000001482c83cf50_0, L_000001482c836850, C4<>;
S_000001482c7c7f90 .scope module, "u_program_counter" "program_counter" 3 150, 9 26 0, S_000001482c806e30;
 .timescale 0 0;
    .port_info 0 /INPUT 1 "clk";
    .port_info 1 /INPUT 1 "rst";
    .port_info 2 /INPUT 1 "pc_write";
    .port_info 3 /INPUT 32 "pc_next";
    .port_info 4 /OUTPUT 32 "pc";
P_000001482c851bd0 .param/l "DATA_WIDTH" 0 9 27, +C4<00000000000000000000000000100000>;
v000001482c8e7ec0_0 .net "clk", 0 0, o000001482c89feb8;  alias, 0 drivers
v000001482c8e81e0_0 .var "pc", 31 0;
v000001482c8e72e0_0 .net "pc_next", 31 0, v000001482c8e7920_0;  alias, 1 drivers
L_000001482c8f0068 .functor BUFT 1, C4<1>, C4<0>, C4<0>, C4<0>;
v000001482c8e7f60_0 .net "pc_write", 0 0, L_000001482c8f0068;  1 drivers
v000001482c8e8640_0 .net "rst", 0 0, o000001482c8abfd8;  alias, 0 drivers
S_000001482c7c8120 .scope module, "u_rv32i_datapath" "rv32i_datapath" 3 204, 10 30 0, S_000001482c806e30;
 .timescale 0 0;
    .port_info 0 /INPUT 1 "clk";
    .port_info 1 /INPUT 1 "rst";
    .port_info 2 /INPUT 32 "pc";
    .port_info 3 /INPUT 32 "instruction";
    .port_info 4 /INPUT 1 "RegWrite";
    .port_info 5 /INPUT 1 "MemRead";
    .port_info 6 /INPUT 1 "MemWrite";
    .port_info 7 /INPUT 1 "MemToReg";
    .port_info 8 /INPUT 1 "ALUSrc";
    .port_info 9 /INPUT 1 "Branch";
    .port_info 10 /INPUT 1 "Jump";
    .port_info 11 /INPUT 2 "ALUOp";
    .port_info 12 /INPUT 4 "alu_control";
    .port_info 13 /OUTPUT 32 "next_pc";
    .port_info 14 /OUTPUT 32 "rd_data";
    .port_info 15 /OUTPUT 32 "alu_result";
    .port_info 16 /OUTPUT 1 "branch_taken";
    .port_info 17 /OUTPUT 32 "mem_address";
    .port_info 18 /OUTPUT 32 "mem_write_data";
    .port_info 19 /OUTPUT 1 "mem_read";
    .port_info 20 /OUTPUT 1 "mem_write";
    .port_info 21 /OUTPUT 3 "mem_funct3";
    .port_info 22 /INPUT 32 "mem_read_data";
P_000001482c851150 .param/l "DATA_WIDTH" 0 10 31, +C4<00000000000000000000000000100000>;
L_000001482c8373b0 .functor BUFZ 32, v000001482c8e8e60_0, C4<00000000000000000000000000000000>, C4<00000000000000000000000000000000>, C4<00000000000000000000000000000000>;
L_000001482c8367e0 .functor BUFZ 32, L_000001482c8ef900, C4<00000000000000000000000000000000>, C4<00000000000000000000000000000000>, C4<00000000000000000000000000000000>;
L_000001482c836c40 .functor BUFZ 1, v000001482c83bfb0_0, C4<0>, C4<0>, C4<0>;
L_000001482c837420 .functor BUFZ 1, v000001482c83c7d0_0, C4<0>, C4<0>, C4<0>;
L_000001482c836ee0 .functor BUFZ 1, v000001482c8e7560_0, C4<0>, C4<0>, C4<0>;
L_000001482c8f02f0 .functor BUFT 1, C4<11111111111111111111111111111110>, C4<0>, C4<0>, C4<0>;
L_000001482c836d90 .functor AND 32, L_000001482c8ee1e0, L_000001482c8f02f0, C4<11111111111111111111111111111111>, C4<11111111111111111111111111111111>;
v000001482c8e9b10_0 .net "ALUOp", 1 0, v000001482c83bbf0_0;  alias, 1 drivers
v000001482c8e99d0_0 .net "ALUSrc", 0 0, v000001482c83cff0_0;  alias, 1 drivers
v000001482c8ea510_0 .net "Branch", 0 0, v000001482c83c730_0;  alias, 1 drivers
v000001482c8ea8d0_0 .net "Jump", 0 0, v000001482c83be70_0;  alias, 1 drivers
v000001482c8ea470_0 .net "MemRead", 0 0, v000001482c83bfb0_0;  alias, 1 drivers
v000001482c8e9250_0 .net "MemToReg", 0 0, v000001482c83d4f0_0;  alias, 1 drivers
v000001482c8ea010_0 .net "MemWrite", 0 0, v000001482c83c7d0_0;  alias, 1 drivers
v000001482c8ea970_0 .net "RegWrite", 0 0, v000001482c83c9b0_0;  alias, 1 drivers
L_000001482c8f02a8 .functor BUFT 1, C4<00000000000000000000000000000100>, C4<0>, C4<0>, C4<0>;
v000001482c8e91b0_0 .net/2u *"_ivl_26", 31 0, L_000001482c8f02a8;  1 drivers
v000001482c8ea3d0_0 .net/2u *"_ivl_36", 31 0, L_000001482c8f02f0;  1 drivers
v000001482c8eaa10_0 .var "alu_a_src", 1 0;
v000001482c8ea150_0 .net "alu_control", 3 0, v000001482c83bdd0_0;  alias, 1 drivers
v000001482c8eaab0_0 .var "alu_operand_a", 31 0;
v000001482c8e9390_0 .net "alu_operand_b", 31 0, L_000001482c8eebe0;  1 drivers
v000001482c8e9bb0_0 .net "alu_result", 31 0, v000001482c8e8e60_0;  alias, 1 drivers
v000001482c8e9c50_0 .net "alu_zero", 0 0, L_000001482c8ef0e0;  1 drivers
v000001482c8ea1f0_0 .net "branch_condition", 0 0, v000001482c8e7560_0;  1 drivers
v000001482c8eab50_0 .net "branch_taken", 0 0, L_000001482c836ee0;  alias, 1 drivers
v000001482c8e9f70_0 .net "branch_target", 31 0, L_000001482c8efa40;  1 drivers
v000001482c8eac90_0 .net "clk", 0 0, o000001482c89feb8;  alias, 0 drivers
v000001482c8ead30_0 .net "funct3", 2 0, L_000001482c8ee780;  1 drivers
v000001482c8eadd0_0 .net "funct7", 6 0, L_000001482c8eed20;  1 drivers
v000001482c8eae70_0 .net "immediate", 31 0, v000001482c8e8140_0;  1 drivers
v000001482c8eb580_0 .net "instruction", 31 0, L_000001482c837340;  alias, 1 drivers
v000001482c8ebda0_0 .net "jal_target", 31 0, L_000001482c8ef4a0;  1 drivers
v000001482c8eca20_0 .net "jalr_target", 31 0, L_000001482c836d90;  1 drivers
v000001482c8eb3a0_0 .net "jalr_target_raw", 31 0, L_000001482c8ee1e0;  1 drivers
v000001482c8ec980_0 .net "mem_address", 31 0, L_000001482c8373b0;  alias, 1 drivers
v000001482c8ec5c0_0 .net "mem_funct3", 2 0, L_000001482c8ee960;  alias, 1 drivers
v000001482c8eb760_0 .net "mem_read", 0 0, L_000001482c836c40;  alias, 1 drivers
v000001482c8ec8e0_0 .net "mem_read_data", 31 0, L_000001482c8efae0;  alias, 1 drivers
v000001482c8ec160_0 .net "mem_write", 0 0, L_000001482c837420;  alias, 1 drivers
v000001482c8ebee0_0 .net "mem_write_data", 31 0, L_000001482c8367e0;  alias, 1 drivers
v000001482c8ecac0_0 .net "next_pc", 31 0, v000001482c8e7920_0;  alias, 1 drivers
v000001482c8ec520_0 .net "opcode", 6 0, L_000001482c8ef360;  1 drivers
v000001482c8eb1c0_0 .net "pc", 31 0, v000001482c8e81e0_0;  alias, 1 drivers
v000001482c8eb120_0 .net "pc_plus_4", 31 0, L_000001482c8ef400;  1 drivers
v000001482c8eb440_0 .var "pc_src", 1 0;
v000001482c8eb6c0_0 .net "rd_addr", 4 0, L_000001482c8ee5a0;  1 drivers
v000001482c8ec7a0_0 .net "rd_data", 31 0, v000001482c8e9930_0;  alias, 1 drivers
v000001482c8ecb60_0 .net "rs1_addr", 4 0, L_000001482c8ef680;  1 drivers
v000001482c8ebf80_0 .net "rs1_data", 31 0, L_000001482c8eee60;  1 drivers
v000001482c8ecc00_0 .net "rs2_addr", 4 0, L_000001482c8eff40;  1 drivers
v000001482c8ecca0_0 .net "rs2_data", 31 0, L_000001482c8ef900;  1 drivers
v000001482c8ec0c0_0 .net "rst", 0 0, o000001482c8abfd8;  alias, 0 drivers
v000001482c8eb4e0_0 .var "wb_src", 1 0;
E_000001482c851d90 .event anyedge, v000001482c83d4f0_0, v000001482c83be70_0;
E_000001482c851c90 .event anyedge, v000001482c8ec520_0;
E_000001482c851910 .event anyedge, v000001482c8ec520_0, v000001482c8eaa10_0, v000001482c8e7880_0, v000001482c83d630_0;
L_000001482c8ef360 .part L_000001482c837340, 0, 7;
L_000001482c8ee5a0 .part L_000001482c837340, 7, 5;
L_000001482c8ee780 .part L_000001482c837340, 12, 3;
L_000001482c8ef680 .part L_000001482c837340, 15, 5;
L_000001482c8eff40 .part L_000001482c837340, 20, 5;
L_000001482c8eed20 .part L_000001482c837340, 25, 7;
L_000001482c8eebe0 .functor MUXZ 32, L_000001482c8ef900, v000001482c8e8140_0, v000001482c83cff0_0, C4<>;
L_000001482c8ee960 .part L_000001482c837340, 12, 3;
L_000001482c8ef400 .arith/sum 32, v000001482c8e81e0_0, L_000001482c8f02a8;
L_000001482c8efa40 .arith/sum 32, v000001482c8e81e0_0, v000001482c8e8140_0;
L_000001482c8ef4a0 .arith/sum 32, v000001482c8e81e0_0, v000001482c8e8140_0;
L_000001482c8ee1e0 .arith/sum 32, L_000001482c8eee60, v000001482c8e8140_0;
S_000001482c801f90 .scope module, "u_alu" "alu" 10 261, 11 35 0, S_000001482c7c8120;
 .timescale 0 0;
    .port_info 0 /INPUT 32 "operand_a";
    .port_info 1 /INPUT 32 "operand_b";
    .port_info 2 /INPUT 4 "alu_op";
    .port_info 3 /OUTPUT 32 "result";
    .port_info 4 /OUTPUT 1 "zero";
P_000001482c8512d0 .param/l "DATA_WIDTH" 0 11 36, +C4<00000000000000000000000000100000>;
L_000001482c8f0260 .functor BUFT 1, C4<00000000000000000000000000000000>, C4<0>, C4<0>, C4<0>;
v000001482c8e8be0_0 .net/2u *"_ivl_0", 31 0, L_000001482c8f0260;  1 drivers
v000001482c8e8820_0 .net "alu_op", 3 0, v000001482c83bdd0_0;  alias, 1 drivers
v000001482c8e77e0_0 .net "operand_a", 31 0, v000001482c8eaab0_0;  1 drivers
v000001482c8e74c0_0 .net "operand_b", 31 0, L_000001482c8eebe0;  alias, 1 drivers
v000001482c8e8e60_0 .var "result", 31 0;
v000001482c8e7060_0 .net "zero", 0 0, L_000001482c8ef0e0;  alias, 1 drivers
E_000001482c8511d0 .event anyedge, v000001482c83bdd0_0, v000001482c8e77e0_0, v000001482c8e74c0_0;
L_000001482c8ef0e0 .cmp/eq 32, v000001482c8e8e60_0, L_000001482c8f0260;
S_000001482c802120 .scope module, "u_branch_unit" "branch_unit" 10 308, 12 33 0, S_000001482c7c8120;
 .timescale 0 0;
    .port_info 0 /INPUT 3 "funct3";
    .port_info 1 /INPUT 32 "rs1_data";
    .port_info 2 /INPUT 32 "rs2_data";
    .port_info 3 /OUTPUT 1 "branch_taken";
P_000001482c851a90 .param/l "DATA_WIDTH" 0 12 34, +C4<00000000000000000000000000100000>;
v000001482c8e7560_0 .var "branch_taken", 0 0;
v000001482c8e86e0_0 .net "funct3", 2 0, L_000001482c8ee780;  alias, 1 drivers
v000001482c8e7880_0 .net "rs1_data", 31 0, L_000001482c8eee60;  alias, 1 drivers
v000001482c8e8780_0 .net "rs2_data", 31 0, L_000001482c8ef900;  alias, 1 drivers
E_000001482c851e50 .event anyedge, v000001482c8e86e0_0, v000001482c8e7880_0, v000001482c8e8780_0;
S_000001482c7bed30 .scope module, "u_immediate_generator" "immediate_generator" 10 149, 13 27 0, S_000001482c7c8120;
 .timescale 0 0;
    .port_info 0 /INPUT 32 "instruction";
    .port_info 1 /OUTPUT 32 "immediate";
P_000001482c851690 .param/l "DATA_WIDTH" 0 13 28, +C4<00000000000000000000000000100000>;
v000001482c8e8140_0 .var "immediate", 31 0;
v000001482c8e7600_0 .net "instruction", 31 0, L_000001482c837340;  alias, 1 drivers
v000001482c8e8320_0 .net "opcode", 6 0, L_000001482c8eef00;  1 drivers
E_000001482c851510 .event anyedge, v000001482c8e8320_0, v000001482c83d1d0_0;
L_000001482c8eef00 .part L_000001482c837340, 0, 7;
S_000001482c7beec0 .scope module, "u_next_pc" "next_pc" 10 442, 14 21 0, S_000001482c7c8120;
 .timescale 0 0;
    .port_info 0 /INPUT 32 "pc";
    .port_info 1 /INPUT 32 "branch_target";
    .port_info 2 /INPUT 32 "jal_target";
    .port_info 3 /INPUT 32 "jalr_target";
    .port_info 4 /INPUT 1 "branch_taken";
    .port_info 5 /INPUT 2 "pc_src";
    .port_info 6 /OUTPUT 32 "next_pc";
P_000001482c851990 .param/l "DATA_WIDTH" 0 14 22, +C4<00000000000000000000000000100000>;
v000001482c8e8c80_0 .net "branch_taken", 0 0, L_000001482c836ee0;  alias, 1 drivers
v000001482c8e8000_0 .net "branch_target", 31 0, L_000001482c8efa40;  alias, 1 drivers
v000001482c8e76a0_0 .net "jal_target", 31 0, L_000001482c8ef4a0;  alias, 1 drivers
v000001482c8e8f00_0 .net "jalr_target", 31 0, L_000001482c836d90;  alias, 1 drivers
v000001482c8e7920_0 .var "next_pc", 31 0;
v000001482c8e79c0_0 .net "pc", 31 0, v000001482c8e81e0_0;  alias, 1 drivers
v000001482c8e8280_0 .net "pc_src", 1 0, v000001482c8eb440_0;  1 drivers
E_000001482c8519d0/0 .event anyedge, v000001482c8e8280_0, v000001482c83d630_0, v000001482c8e8c80_0, v000001482c8e8000_0;
E_000001482c8519d0/1 .event anyedge, v000001482c8e76a0_0, v000001482c8e8f00_0;
E_000001482c8519d0 .event/or E_000001482c8519d0/0, E_000001482c8519d0/1;
S_000001482c7bf050 .scope module, "u_register_file" "register_file" 10 122, 15 17 0, S_000001482c7c8120;
 .timescale 0 0;
    .port_info 0 /INPUT 1 "clk";
    .port_info 1 /INPUT 1 "rst";
    .port_info 2 /INPUT 1 "reg_write";
    .port_info 3 /INPUT 5 "rs1_addr";
    .port_info 4 /INPUT 5 "rs2_addr";
    .port_info 5 /OUTPUT 32 "rs1_data";
    .port_info 6 /OUTPUT 32 "rs2_data";
    .port_info 7 /INPUT 5 "rd_addr";
    .port_info 8 /INPUT 32 "rd_data";
P_000001482c7cb3f0 .param/l "ADDR_WIDTH" 0 15 20, +C4<00000000000000000000000000000101>;
P_000001482c7cb428 .param/l "DATA_WIDTH" 0 15 18, +C4<00000000000000000000000000100000>;
P_000001482c7cb460 .param/l "REG_COUNT" 0 15 19, +C4<00000000000000000000000000100000>;
P_000001482c7cb498 .param/l "ZERO_REG" 1 15 41, C4<00000>;
L_000001482c8f00b0 .functor BUFT 1, C4<00000>, C4<0>, C4<0>, C4<0>;
v000001482c83b8d0_0 .net/2u *"_ivl_0", 4 0, L_000001482c8f00b0;  1 drivers
L_000001482c8f0140 .functor BUFT 1, C4<00>, C4<0>, C4<0>, C4<0>;
v000001482c8e97f0_0 .net *"_ivl_11", 1 0, L_000001482c8f0140;  1 drivers
L_000001482c8f0188 .functor BUFT 1, C4<00000>, C4<0>, C4<0>, C4<0>;
v000001482c8ea290_0 .net/2u *"_ivl_14", 4 0, L_000001482c8f0188;  1 drivers
v000001482c8e9cf0_0 .net *"_ivl_16", 0 0, L_000001482c8ee140;  1 drivers
L_000001482c8f01d0 .functor BUFT 1, C4<00000000000000000000000000000000>, C4<0>, C4<0>, C4<0>;
v000001482c8e94d0_0 .net/2u *"_ivl_18", 31 0, L_000001482c8f01d0;  1 drivers
v000001482c8ea790_0 .net *"_ivl_2", 0 0, L_000001482c8ee8c0;  1 drivers
v000001482c8ea830_0 .net *"_ivl_20", 31 0, L_000001482c8ef720;  1 drivers
v000001482c8ea0b0_0 .net *"_ivl_22", 6 0, L_000001482c8eeaa0;  1 drivers
L_000001482c8f0218 .functor BUFT 1, C4<00>, C4<0>, C4<0>, C4<0>;
v000001482c8eaf10_0 .net *"_ivl_25", 1 0, L_000001482c8f0218;  1 drivers
L_000001482c8f00f8 .functor BUFT 1, C4<00000000000000000000000000000000>, C4<0>, C4<0>, C4<0>;
v000001482c8e92f0_0 .net/2u *"_ivl_4", 31 0, L_000001482c8f00f8;  1 drivers
v000001482c8ea5b0_0 .net *"_ivl_6", 31 0, L_000001482c8efd60;  1 drivers
v000001482c8e9070_0 .net *"_ivl_8", 6 0, L_000001482c8eeb40;  1 drivers
v000001482c8eabf0_0 .net "clk", 0 0, o000001482c89feb8;  alias, 0 drivers
v000001482c8e9d90_0 .var/i "i", 31 0;
v000001482c8ea650_0 .net "rd_addr", 4 0, L_000001482c8ee5a0;  alias, 1 drivers
v000001482c8ea330_0 .net "rd_data", 31 0, v000001482c8e9930_0;  alias, 1 drivers
v000001482c8e9e30_0 .net "reg_write", 0 0, v000001482c83c9b0_0;  alias, 1 drivers
v000001482c8e9570 .array "registers", 31 0, 31 0;
v000001482c8e9430_0 .net "rs1_addr", 4 0, L_000001482c8ef680;  alias, 1 drivers
v000001482c8ea6f0_0 .net "rs1_data", 31 0, L_000001482c8eee60;  alias, 1 drivers
v000001482c8e9110_0 .net "rs2_addr", 4 0, L_000001482c8eff40;  alias, 1 drivers
v000001482c8e9ed0_0 .net "rs2_data", 31 0, L_000001482c8ef900;  alias, 1 drivers
v000001482c8e9610_0 .net "rst", 0 0, o000001482c8abfd8;  alias, 0 drivers
L_000001482c8ee8c0 .cmp/eq 5, L_000001482c8ef680, L_000001482c8f00b0;
L_000001482c8efd60 .array/port v000001482c8e9570, L_000001482c8eeb40;
L_000001482c8eeb40 .concat [ 5 2 0 0], L_000001482c8ef680, L_000001482c8f0140;
L_000001482c8eee60 .functor MUXZ 32, L_000001482c8efd60, L_000001482c8f00f8, L_000001482c8ee8c0, C4<>;
L_000001482c8ee140 .cmp/eq 5, L_000001482c8eff40, L_000001482c8f0188;
L_000001482c8ef720 .array/port v000001482c8e9570, L_000001482c8eeaa0;
L_000001482c8eeaa0 .concat [ 5 2 0 0], L_000001482c8eff40, L_000001482c8f0218;
L_000001482c8ef900 .functor MUXZ 32, L_000001482c8ef720, L_000001482c8f01d0, L_000001482c8ee140, C4<>;
S_000001482c7cb5f0 .scope module, "u_write_back" "write_back" 10 510, 16 20 0, S_000001482c7c8120;
 .timescale 0 0;
    .port_info 0 /INPUT 32 "alu_result";
    .port_info 1 /INPUT 32 "memory_data";
    .port_info 2 /INPUT 32 "pc_plus_4";
    .port_info 3 /INPUT 2 "wb_src";
    .port_info 4 /OUTPUT 32 "rd_data";
P_000001482c8516d0 .param/l "DATA_WIDTH" 0 16 21, +C4<00000000000000000000000000100000>;
v000001482c8e96b0_0 .net "alu_result", 31 0, v000001482c8e8e60_0;  alias, 1 drivers
v000001482c8e9750_0 .net "memory_data", 31 0, L_000001482c8efae0;  alias, 1 drivers
v000001482c8e9890_0 .net "pc_plus_4", 31 0, L_000001482c8ef400;  alias, 1 drivers
v000001482c8e9930_0 .var "rd_data", 31 0;
v000001482c8e9a70_0 .net "wb_src", 1 0, v000001482c8eb4e0_0;  1 drivers
E_000001482c851ad0 .event anyedge, v000001482c8e9a70_0, v000001482c8e8e60_0, v000001482c8e71a0_0, v000001482c8e9890_0;
    .scope S_000001482c7c7f90;
T_0 ;
    %wait E_000001482c851f10;
    %load/vec4 v000001482c8e8640_0;
    %flag_set/vec4 8;
    %jmp/0xz  T_0.0, 8;
    %pushi/vec4 0, 0, 32;
    %assign/vec4 v000001482c8e81e0_0, 0;
    %jmp T_0.1;
T_0.0 ;
    %load/vec4 v000001482c8e7f60_0;
    %flag_set/vec4 8;
    %jmp/0xz  T_0.2, 8;
    %load/vec4 v000001482c8e72e0_0;
    %assign/vec4 v000001482c8e81e0_0, 0;
T_0.2 ;
T_0.1 ;
    %jmp T_0;
    .thread T_0;
    .scope S_000001482c795760;
T_1 ;
    %vpi_call 7 52 "$readmemh", P_000001482c7940f8, v000001482c83bb50 {0 0 0};
    %end;
    .thread T_1;
    .scope S_000001482c7a4a60;
T_2 ;
    %wait E_000001482c851250;
    %pushi/vec4 0, 0, 1;
    %store/vec4 v000001482c83c9b0_0, 0, 1;
    %pushi/vec4 0, 0, 1;
    %store/vec4 v000001482c83bfb0_0, 0, 1;
    %pushi/vec4 0, 0, 1;
    %store/vec4 v000001482c83c7d0_0, 0, 1;
    %pushi/vec4 0, 0, 1;
    %store/vec4 v000001482c83d4f0_0, 0, 1;
    %pushi/vec4 0, 0, 1;
    %store/vec4 v000001482c83cff0_0, 0, 1;
    %pushi/vec4 0, 0, 1;
    %store/vec4 v000001482c83c730_0, 0, 1;
    %pushi/vec4 0, 0, 1;
    %store/vec4 v000001482c83be70_0, 0, 1;
    %pushi/vec4 0, 0, 2;
    %store/vec4 v000001482c83bbf0_0, 0, 2;
    %load/vec4 v000001482c83caf0_0;
    %dup/vec4;
    %pushi/vec4 51, 0, 7;
    %cmp/u;
    %jmp/1 T_2.0, 6;
    %dup/vec4;
    %pushi/vec4 19, 0, 7;
    %cmp/u;
    %jmp/1 T_2.1, 6;
    %dup/vec4;
    %pushi/vec4 3, 0, 7;
    %cmp/u;
    %jmp/1 T_2.2, 6;
    %dup/vec4;
    %pushi/vec4 35, 0, 7;
    %cmp/u;
    %jmp/1 T_2.3, 6;
    %dup/vec4;
    %pushi/vec4 99, 0, 7;
    %cmp/u;
    %jmp/1 T_2.4, 6;
    %dup/vec4;
    %pushi/vec4 55, 0, 7;
    %cmp/u;
    %jmp/1 T_2.5, 6;
    %dup/vec4;
    %pushi/vec4 23, 0, 7;
    %cmp/u;
    %jmp/1 T_2.6, 6;
    %dup/vec4;
    %pushi/vec4 111, 0, 7;
    %cmp/u;
    %jmp/1 T_2.7, 6;
    %dup/vec4;
    %pushi/vec4 103, 0, 7;
    %cmp/u;
    %jmp/1 T_2.8, 6;
    %jmp T_2.10;
T_2.0 ;
    %pushi/vec4 1, 0, 1;
    %store/vec4 v000001482c83c9b0_0, 0, 1;
    %pushi/vec4 0, 0, 1;
    %store/vec4 v000001482c83cff0_0, 0, 1;
    %pushi/vec4 2, 0, 2;
    %store/vec4 v000001482c83bbf0_0, 0, 2;
    %jmp T_2.10;
T_2.1 ;
    %pushi/vec4 1, 0, 1;
    %store/vec4 v000001482c83c9b0_0, 0, 1;
    %pushi/vec4 1, 0, 1;
    %store/vec4 v000001482c83cff0_0, 0, 1;
    %pushi/vec4 2, 0, 2;
    %store/vec4 v000001482c83bbf0_0, 0, 2;
    %jmp T_2.10;
T_2.2 ;
    %pushi/vec4 1, 0, 1;
    %store/vec4 v000001482c83c9b0_0, 0, 1;
    %pushi/vec4 1, 0, 1;
    %store/vec4 v000001482c83bfb0_0, 0, 1;
    %pushi/vec4 1, 0, 1;
    %store/vec4 v000001482c83d4f0_0, 0, 1;
    %pushi/vec4 1, 0, 1;
    %store/vec4 v000001482c83cff0_0, 0, 1;
    %pushi/vec4 0, 0, 2;
    %store/vec4 v000001482c83bbf0_0, 0, 2;
    %jmp T_2.10;
T_2.3 ;
    %pushi/vec4 1, 0, 1;
    %store/vec4 v000001482c83c7d0_0, 0, 1;
    %pushi/vec4 1, 0, 1;
    %store/vec4 v000001482c83cff0_0, 0, 1;
    %pushi/vec4 0, 0, 2;
    %store/vec4 v000001482c83bbf0_0, 0, 2;
    %jmp T_2.10;
T_2.4 ;
    %pushi/vec4 1, 0, 1;
    %store/vec4 v000001482c83c730_0, 0, 1;
    %pushi/vec4 0, 0, 1;
    %store/vec4 v000001482c83cff0_0, 0, 1;
    %pushi/vec4 1, 0, 2;
    %store/vec4 v000001482c83bbf0_0, 0, 2;
    %jmp T_2.10;
T_2.5 ;
    %pushi/vec4 1, 0, 1;
    %store/vec4 v000001482c83c9b0_0, 0, 1;
    %pushi/vec4 1, 0, 1;
    %store/vec4 v000001482c83cff0_0, 0, 1;
    %pushi/vec4 0, 0, 2;
    %store/vec4 v000001482c83bbf0_0, 0, 2;
    %jmp T_2.10;
T_2.6 ;
    %pushi/vec4 1, 0, 1;
    %store/vec4 v000001482c83c9b0_0, 0, 1;
    %pushi/vec4 1, 0, 1;
    %store/vec4 v000001482c83cff0_0, 0, 1;
    %pushi/vec4 0, 0, 2;
    %store/vec4 v000001482c83bbf0_0, 0, 2;
    %jmp T_2.10;
T_2.7 ;
    %pushi/vec4 1, 0, 1;
    %store/vec4 v000001482c83c9b0_0, 0, 1;
    %pushi/vec4 1, 0, 1;
    %store/vec4 v000001482c83be70_0, 0, 1;
    %jmp T_2.10;
T_2.8 ;
    %pushi/vec4 1, 0, 1;
    %store/vec4 v000001482c83c9b0_0, 0, 1;
    %pushi/vec4 1, 0, 1;
    %store/vec4 v000001482c83cff0_0, 0, 1;
    %pushi/vec4 1, 0, 1;
    %store/vec4 v000001482c83be70_0, 0, 1;
    %pushi/vec4 0, 0, 2;
    %store/vec4 v000001482c83bbf0_0, 0, 2;
    %jmp T_2.10;
T_2.10 ;
    %pop/vec4 1;
    %jmp T_2;
    .thread T_2, $push;
    .scope S_000001482c7a48d0;
T_3 ;
    %wait E_000001482c851610;
    %pushi/vec4 0, 0, 4;
    %store/vec4 v000001482c83bdd0_0, 0, 4;
    %load/vec4 v000001482c83ca50_0;
    %dup/vec4;
    %pushi/vec4 0, 0, 2;
    %cmp/u;
    %jmp/1 T_3.0, 6;
    %dup/vec4;
    %pushi/vec4 1, 0, 2;
    %cmp/u;
    %jmp/1 T_3.1, 6;
    %dup/vec4;
    %pushi/vec4 2, 0, 2;
    %cmp/u;
    %jmp/1 T_3.2, 6;
    %pushi/vec4 0, 0, 4;
    %store/vec4 v000001482c83bdd0_0, 0, 4;
    %jmp T_3.4;
T_3.0 ;
    %pushi/vec4 0, 0, 4;
    %store/vec4 v000001482c83bdd0_0, 0, 4;
    %jmp T_3.4;
T_3.1 ;
    %pushi/vec4 1, 0, 4;
    %store/vec4 v000001482c83bdd0_0, 0, 4;
    %jmp T_3.4;
T_3.2 ;
    %load/vec4 v000001482c83bf10_0;
    %dup/vec4;
    %pushi/vec4 0, 0, 3;
    %cmp/u;
    %jmp/1 T_3.5, 6;
    %dup/vec4;
    %pushi/vec4 1, 0, 3;
    %cmp/u;
    %jmp/1 T_3.6, 6;
    %dup/vec4;
    %pushi/vec4 2, 0, 3;
    %cmp/u;
    %jmp/1 T_3.7, 6;
    %dup/vec4;
    %pushi/vec4 3, 0, 3;
    %cmp/u;
    %jmp/1 T_3.8, 6;
    %dup/vec4;
    %pushi/vec4 4, 0, 3;
    %cmp/u;
    %jmp/1 T_3.9, 6;
    %dup/vec4;
    %pushi/vec4 5, 0, 3;
    %cmp/u;
    %jmp/1 T_3.10, 6;
    %dup/vec4;
    %pushi/vec4 6, 0, 3;
    %cmp/u;
    %jmp/1 T_3.11, 6;
    %dup/vec4;
    %pushi/vec4 7, 0, 3;
    %cmp/u;
    %jmp/1 T_3.12, 6;
    %pushi/vec4 0, 0, 4;
    %store/vec4 v000001482c83bdd0_0, 0, 4;
    %jmp T_3.14;
T_3.5 ;
    %load/vec4 v000001482c83c370_0;
    %cmpi/e 32, 0, 7;
    %jmp/0xz  T_3.15, 4;
    %pushi/vec4 1, 0, 4;
    %store/vec4 v000001482c83bdd0_0, 0, 4;
    %jmp T_3.16;
T_3.15 ;
    %pushi/vec4 0, 0, 4;
    %store/vec4 v000001482c83bdd0_0, 0, 4;
T_3.16 ;
    %jmp T_3.14;
T_3.6 ;
    %pushi/vec4 5, 0, 4;
    %store/vec4 v000001482c83bdd0_0, 0, 4;
    %jmp T_3.14;
T_3.7 ;
    %pushi/vec4 8, 0, 4;
    %store/vec4 v000001482c83bdd0_0, 0, 4;
    %jmp T_3.14;
T_3.8 ;
    %pushi/vec4 9, 0, 4;
    %store/vec4 v000001482c83bdd0_0, 0, 4;
    %jmp T_3.14;
T_3.9 ;
    %pushi/vec4 4, 0, 4;
    %store/vec4 v000001482c83bdd0_0, 0, 4;
    %jmp T_3.14;
T_3.10 ;
    %load/vec4 v000001482c83c370_0;
    %cmpi/e 32, 0, 7;
    %jmp/0xz  T_3.17, 4;
    %pushi/vec4 7, 0, 4;
    %store/vec4 v000001482c83bdd0_0, 0, 4;
    %jmp T_3.18;
T_3.17 ;
    %pushi/vec4 6, 0, 4;
    %store/vec4 v000001482c83bdd0_0, 0, 4;
T_3.18 ;
    %jmp T_3.14;
T_3.11 ;
    %pushi/vec4 3, 0, 4;
    %store/vec4 v000001482c83bdd0_0, 0, 4;
    %jmp T_3.14;
T_3.12 ;
    %pushi/vec4 2, 0, 4;
    %store/vec4 v000001482c83bdd0_0, 0, 4;
    %jmp T_3.14;
T_3.14 ;
    %pop/vec4 1;
    %jmp T_3.4;
T_3.4 ;
    %pop/vec4 1;
    %jmp T_3;
    .thread T_3, $push;
    .scope S_000001482c7bf050;
T_4 ;
    %wait E_000001482c851f10;
    %load/vec4 v000001482c8e9610_0;
    %flag_set/vec4 8;
    %jmp/0xz  T_4.0, 8;
    %pushi/vec4 0, 0, 32;
    %store/vec4 v000001482c8e9d90_0, 0, 32;
T_4.2 ;
    %load/vec4 v000001482c8e9d90_0;
    %cmpi/s 32, 0, 32;
    %jmp/0xz T_4.3, 5;
    %pushi/vec4 0, 0, 32;
    %ix/getv/s 3, v000001482c8e9d90_0;
    %ix/load 4, 0, 0; Constant delay
    %assign/vec4/a/d v000001482c8e9570, 0, 4;
    %load/vec4 v000001482c8e9d90_0;
    %addi 1, 0, 32;
    %store/vec4 v000001482c8e9d90_0, 0, 32;
    %jmp T_4.2;
T_4.3 ;
    %jmp T_4.1;
T_4.0 ;
    %load/vec4 v000001482c8e9e30_0;
    %load/vec4 v000001482c8ea650_0;
    %pushi/vec4 0, 0, 5;
    %cmp/ne;
    %flag_get/vec4 4;
    %and;
    %flag_set/vec4 8;
    %jmp/0xz  T_4.4, 8;
    %load/vec4 v000001482c8ea330_0;
    %load/vec4 v000001482c8ea650_0;
    %pad/u 7;
    %ix/vec4 3;
    %ix/load 4, 0, 0; Constant delay
    %assign/vec4/a/d v000001482c8e9570, 0, 4;
T_4.4 ;
T_4.1 ;
    %jmp T_4;
    .thread T_4;
    .scope S_000001482c7bed30;
T_5 ;
    %wait E_000001482c851510;
    %load/vec4 v000001482c8e8320_0;
    %dup/vec4;
    %pushi/vec4 19, 0, 7;
    %cmp/u;
    %jmp/1 T_5.0, 6;
    %dup/vec4;
    %pushi/vec4 3, 0, 7;
    %cmp/u;
    %jmp/1 T_5.1, 6;
    %dup/vec4;
    %pushi/vec4 103, 0, 7;
    %cmp/u;
    %jmp/1 T_5.2, 6;
    %dup/vec4;
    %pushi/vec4 35, 0, 7;
    %cmp/u;
    %jmp/1 T_5.3, 6;
    %dup/vec4;
    %pushi/vec4 99, 0, 7;
    %cmp/u;
    %jmp/1 T_5.4, 6;
    %dup/vec4;
    %pushi/vec4 55, 0, 7;
    %cmp/u;
    %jmp/1 T_5.5, 6;
    %dup/vec4;
    %pushi/vec4 23, 0, 7;
    %cmp/u;
    %jmp/1 T_5.6, 6;
    %dup/vec4;
    %pushi/vec4 111, 0, 7;
    %cmp/u;
    %jmp/1 T_5.7, 6;
    %pushi/vec4 0, 0, 32;
    %store/vec4 v000001482c8e8140_0, 0, 32;
    %jmp T_5.9;
T_5.0 ;
    %load/vec4 v000001482c8e7600_0;
    %parti/s 1, 31, 6;
    %replicate 20;
    %load/vec4 v000001482c8e7600_0;
    %parti/s 12, 20, 6;
    %concat/vec4; draw_concat_vec4
    %store/vec4 v000001482c8e8140_0, 0, 32;
    %jmp T_5.9;
T_5.1 ;
    %load/vec4 v000001482c8e7600_0;
    %parti/s 1, 31, 6;
    %replicate 20;
    %load/vec4 v000001482c8e7600_0;
    %parti/s 12, 20, 6;
    %concat/vec4; draw_concat_vec4
    %store/vec4 v000001482c8e8140_0, 0, 32;
    %jmp T_5.9;
T_5.2 ;
    %load/vec4 v000001482c8e7600_0;
    %parti/s 1, 31, 6;
    %replicate 20;
    %load/vec4 v000001482c8e7600_0;
    %parti/s 12, 20, 6;
    %concat/vec4; draw_concat_vec4
    %store/vec4 v000001482c8e8140_0, 0, 32;
    %jmp T_5.9;
T_5.3 ;
    %load/vec4 v000001482c8e7600_0;
    %parti/s 1, 31, 6;
    %replicate 20;
    %load/vec4 v000001482c8e7600_0;
    %parti/s 7, 25, 6;
    %concat/vec4; draw_concat_vec4
    %load/vec4 v000001482c8e7600_0;
    %parti/s 5, 7, 4;
    %concat/vec4; draw_concat_vec4
    %store/vec4 v000001482c8e8140_0, 0, 32;
    %jmp T_5.9;
T_5.4 ;
    %load/vec4 v000001482c8e7600_0;
    %parti/s 1, 31, 6;
    %replicate 19;
    %load/vec4 v000001482c8e7600_0;
    %parti/s 1, 31, 6;
    %concat/vec4; draw_concat_vec4
    %load/vec4 v000001482c8e7600_0;
    %parti/s 1, 7, 4;
    %concat/vec4; draw_concat_vec4
    %load/vec4 v000001482c8e7600_0;
    %parti/s 6, 25, 6;
    %concat/vec4; draw_concat_vec4
    %load/vec4 v000001482c8e7600_0;
    %parti/s 4, 8, 5;
    %concat/vec4; draw_concat_vec4
    %concati/vec4 0, 0, 1;
    %store/vec4 v000001482c8e8140_0, 0, 32;
    %jmp T_5.9;
T_5.5 ;
    %load/vec4 v000001482c8e7600_0;
    %parti/s 20, 12, 5;
    %concati/vec4 0, 0, 12;
    %store/vec4 v000001482c8e8140_0, 0, 32;
    %jmp T_5.9;
T_5.6 ;
    %load/vec4 v000001482c8e7600_0;
    %parti/s 20, 12, 5;
    %concati/vec4 0, 0, 12;
    %store/vec4 v000001482c8e8140_0, 0, 32;
    %jmp T_5.9;
T_5.7 ;
    %load/vec4 v000001482c8e7600_0;
    %parti/s 1, 31, 6;
    %replicate 11;
    %load/vec4 v000001482c8e7600_0;
    %parti/s 1, 31, 6;
    %concat/vec4; draw_concat_vec4
    %load/vec4 v000001482c8e7600_0;
    %parti/s 8, 12, 5;
    %concat/vec4; draw_concat_vec4
    %load/vec4 v000001482c8e7600_0;
    %parti/s 1, 20, 6;
    %concat/vec4; draw_concat_vec4
    %load/vec4 v000001482c8e7600_0;
    %parti/s 10, 21, 6;
    %concat/vec4; draw_concat_vec4
    %concati/vec4 0, 0, 1;
    %store/vec4 v000001482c8e8140_0, 0, 32;
    %jmp T_5.9;
T_5.9 ;
    %pop/vec4 1;
    %jmp T_5;
    .thread T_5, $push;
    .scope S_000001482c801f90;
T_6 ;
    %wait E_000001482c8511d0;
    %pushi/vec4 0, 0, 32;
    %store/vec4 v000001482c8e8e60_0, 0, 32;
    %load/vec4 v000001482c8e8820_0;
    %dup/vec4;
    %pushi/vec4 0, 0, 4;
    %cmp/u;
    %jmp/1 T_6.0, 6;
    %dup/vec4;
    %pushi/vec4 1, 0, 4;
    %cmp/u;
    %jmp/1 T_6.1, 6;
    %dup/vec4;
    %pushi/vec4 2, 0, 4;
    %cmp/u;
    %jmp/1 T_6.2, 6;
    %dup/vec4;
    %pushi/vec4 3, 0, 4;
    %cmp/u;
    %jmp/1 T_6.3, 6;
    %dup/vec4;
    %pushi/vec4 4, 0, 4;
    %cmp/u;
    %jmp/1 T_6.4, 6;
    %dup/vec4;
    %pushi/vec4 5, 0, 4;
    %cmp/u;
    %jmp/1 T_6.5, 6;
    %dup/vec4;
    %pushi/vec4 6, 0, 4;
    %cmp/u;
    %jmp/1 T_6.6, 6;
    %dup/vec4;
    %pushi/vec4 7, 0, 4;
    %cmp/u;
    %jmp/1 T_6.7, 6;
    %dup/vec4;
    %pushi/vec4 8, 0, 4;
    %cmp/u;
    %jmp/1 T_6.8, 6;
    %dup/vec4;
    %pushi/vec4 9, 0, 4;
    %cmp/u;
    %jmp/1 T_6.9, 6;
    %dup/vec4;
    %pushi/vec4 10, 0, 4;
    %cmp/u;
    %jmp/1 T_6.10, 6;
    %pushi/vec4 0, 0, 32;
    %store/vec4 v000001482c8e8e60_0, 0, 32;
    %jmp T_6.12;
T_6.0 ;
    %load/vec4 v000001482c8e77e0_0;
    %load/vec4 v000001482c8e74c0_0;
    %add;
    %store/vec4 v000001482c8e8e60_0, 0, 32;
    %jmp T_6.12;
T_6.1 ;
    %load/vec4 v000001482c8e77e0_0;
    %load/vec4 v000001482c8e74c0_0;
    %sub;
    %store/vec4 v000001482c8e8e60_0, 0, 32;
    %jmp T_6.12;
T_6.2 ;
    %load/vec4 v000001482c8e77e0_0;
    %load/vec4 v000001482c8e74c0_0;
    %and;
    %store/vec4 v000001482c8e8e60_0, 0, 32;
    %jmp T_6.12;
T_6.3 ;
    %load/vec4 v000001482c8e77e0_0;
    %load/vec4 v000001482c8e74c0_0;
    %or;
    %store/vec4 v000001482c8e8e60_0, 0, 32;
    %jmp T_6.12;
T_6.4 ;
    %load/vec4 v000001482c8e77e0_0;
    %load/vec4 v000001482c8e74c0_0;
    %xor;
    %store/vec4 v000001482c8e8e60_0, 0, 32;
    %jmp T_6.12;
T_6.5 ;
    %load/vec4 v000001482c8e77e0_0;
    %load/vec4 v000001482c8e74c0_0;
    %parti/s 5, 0, 2;
    %ix/vec4 4;
    %shiftl 4;
    %store/vec4 v000001482c8e8e60_0, 0, 32;
    %jmp T_6.12;
T_6.6 ;
    %load/vec4 v000001482c8e77e0_0;
    %load/vec4 v000001482c8e74c0_0;
    %parti/s 5, 0, 2;
    %ix/vec4 4;
    %shiftr 4;
    %store/vec4 v000001482c8e8e60_0, 0, 32;
    %jmp T_6.12;
T_6.7 ;
    %load/vec4 v000001482c8e77e0_0;
    %load/vec4 v000001482c8e74c0_0;
    %parti/s 5, 0, 2;
    %ix/vec4 4;
    %shiftr/s 4;
    %store/vec4 v000001482c8e8e60_0, 0, 32;
    %jmp T_6.12;
T_6.8 ;
    %load/vec4 v000001482c8e77e0_0;
    %load/vec4 v000001482c8e74c0_0;
    %cmp/s;
    %flag_mov 8, 5;
    %jmp/0 T_6.13, 8;
    %pushi/vec4 1, 0, 32;
    %jmp/1 T_6.14, 8;
T_6.13 ; End of true expr.
    %pushi/vec4 0, 0, 32;
    %jmp/0 T_6.14, 8;
 ; End of false expr.
    %blend;
T_6.14;
    %store/vec4 v000001482c8e8e60_0, 0, 32;
    %jmp T_6.12;
T_6.9 ;
    %load/vec4 v000001482c8e77e0_0;
    %load/vec4 v000001482c8e74c0_0;
    %cmp/u;
    %flag_mov 8, 5;
    %jmp/0 T_6.15, 8;
    %pushi/vec4 1, 0, 32;
    %jmp/1 T_6.16, 8;
T_6.15 ; End of true expr.
    %pushi/vec4 0, 0, 32;
    %jmp/0 T_6.16, 8;
 ; End of false expr.
    %blend;
T_6.16;
    %store/vec4 v000001482c8e8e60_0, 0, 32;
    %jmp T_6.12;
T_6.10 ;
    %load/vec4 v000001482c8e74c0_0;
    %store/vec4 v000001482c8e8e60_0, 0, 32;
    %jmp T_6.12;
T_6.12 ;
    %pop/vec4 1;
    %jmp T_6;
    .thread T_6, $push;
    .scope S_000001482c802120;
T_7 ;
    %wait E_000001482c851e50;
    %pushi/vec4 0, 0, 1;
    %store/vec4 v000001482c8e7560_0, 0, 1;
    %load/vec4 v000001482c8e86e0_0;
    %dup/vec4;
    %pushi/vec4 0, 0, 3;
    %cmp/u;
    %jmp/1 T_7.0, 6;
    %dup/vec4;
    %pushi/vec4 1, 0, 3;
    %cmp/u;
    %jmp/1 T_7.1, 6;
    %dup/vec4;
    %pushi/vec4 4, 0, 3;
    %cmp/u;
    %jmp/1 T_7.2, 6;
    %dup/vec4;
    %pushi/vec4 5, 0, 3;
    %cmp/u;
    %jmp/1 T_7.3, 6;
    %dup/vec4;
    %pushi/vec4 6, 0, 3;
    %cmp/u;
    %jmp/1 T_7.4, 6;
    %dup/vec4;
    %pushi/vec4 7, 0, 3;
    %cmp/u;
    %jmp/1 T_7.5, 6;
    %pushi/vec4 0, 0, 1;
    %store/vec4 v000001482c8e7560_0, 0, 1;
    %jmp T_7.7;
T_7.0 ;
    %load/vec4 v000001482c8e7880_0;
    %load/vec4 v000001482c8e8780_0;
    %cmp/e;
    %jmp/0xz  T_7.8, 4;
    %pushi/vec4 1, 0, 1;
    %store/vec4 v000001482c8e7560_0, 0, 1;
T_7.8 ;
    %jmp T_7.7;
T_7.1 ;
    %load/vec4 v000001482c8e7880_0;
    %load/vec4 v000001482c8e8780_0;
    %cmp/ne;
    %jmp/0xz  T_7.10, 4;
    %pushi/vec4 1, 0, 1;
    %store/vec4 v000001482c8e7560_0, 0, 1;
T_7.10 ;
    %jmp T_7.7;
T_7.2 ;
    %load/vec4 v000001482c8e7880_0;
    %load/vec4 v000001482c8e8780_0;
    %cmp/s;
    %jmp/0xz  T_7.12, 5;
    %pushi/vec4 1, 0, 1;
    %store/vec4 v000001482c8e7560_0, 0, 1;
T_7.12 ;
    %jmp T_7.7;
T_7.3 ;
    %load/vec4 v000001482c8e8780_0;
    %load/vec4 v000001482c8e7880_0;
    %cmp/s;
    %flag_or 5, 4;
    %jmp/0xz  T_7.14, 5;
    %pushi/vec4 1, 0, 1;
    %store/vec4 v000001482c8e7560_0, 0, 1;
T_7.14 ;
    %jmp T_7.7;
T_7.4 ;
    %load/vec4 v000001482c8e7880_0;
    %load/vec4 v000001482c8e8780_0;
    %cmp/u;
    %jmp/0xz  T_7.16, 5;
    %pushi/vec4 1, 0, 1;
    %store/vec4 v000001482c8e7560_0, 0, 1;
T_7.16 ;
    %jmp T_7.7;
T_7.5 ;
    %load/vec4 v000001482c8e8780_0;
    %load/vec4 v000001482c8e7880_0;
    %cmp/u;
    %flag_or 5, 4;
    %jmp/0xz  T_7.18, 5;
    %pushi/vec4 1, 0, 1;
    %store/vec4 v000001482c8e7560_0, 0, 1;
T_7.18 ;
    %jmp T_7.7;
T_7.7 ;
    %pop/vec4 1;
    %jmp T_7;
    .thread T_7, $push;
    .scope S_000001482c7beec0;
T_8 ;
    %wait E_000001482c8519d0;
    %load/vec4 v000001482c8e8280_0;
    %dup/vec4;
    %pushi/vec4 0, 0, 2;
    %cmp/u;
    %jmp/1 T_8.0, 6;
    %dup/vec4;
    %pushi/vec4 1, 0, 2;
    %cmp/u;
    %jmp/1 T_8.1, 6;
    %dup/vec4;
    %pushi/vec4 2, 0, 2;
    %cmp/u;
    %jmp/1 T_8.2, 6;
    %dup/vec4;
    %pushi/vec4 3, 0, 2;
    %cmp/u;
    %jmp/1 T_8.3, 6;
    %load/vec4 v000001482c8e79c0_0;
    %addi 4, 0, 32;
    %store/vec4 v000001482c8e7920_0, 0, 32;
    %jmp T_8.5;
T_8.0 ;
    %load/vec4 v000001482c8e79c0_0;
    %addi 4, 0, 32;
    %store/vec4 v000001482c8e7920_0, 0, 32;
    %jmp T_8.5;
T_8.1 ;
    %load/vec4 v000001482c8e8c80_0;
    %flag_set/vec4 8;
    %jmp/0xz  T_8.6, 8;
    %load/vec4 v000001482c8e8000_0;
    %store/vec4 v000001482c8e7920_0, 0, 32;
    %jmp T_8.7;
T_8.6 ;
    %load/vec4 v000001482c8e79c0_0;
    %addi 4, 0, 32;
    %store/vec4 v000001482c8e7920_0, 0, 32;
T_8.7 ;
    %jmp T_8.5;
T_8.2 ;
    %load/vec4 v000001482c8e76a0_0;
    %store/vec4 v000001482c8e7920_0, 0, 32;
    %jmp T_8.5;
T_8.3 ;
    %load/vec4 v000001482c8e8f00_0;
    %store/vec4 v000001482c8e7920_0, 0, 32;
    %jmp T_8.5;
T_8.5 ;
    %pop/vec4 1;
    %jmp T_8;
    .thread T_8, $push;
    .scope S_000001482c7cb5f0;
T_9 ;
    %wait E_000001482c851ad0;
    %load/vec4 v000001482c8e9a70_0;
    %dup/vec4;
    %pushi/vec4 0, 0, 2;
    %cmp/u;
    %jmp/1 T_9.0, 6;
    %dup/vec4;
    %pushi/vec4 1, 0, 2;
    %cmp/u;
    %jmp/1 T_9.1, 6;
    %dup/vec4;
    %pushi/vec4 2, 0, 2;
    %cmp/u;
    %jmp/1 T_9.2, 6;
    %dup/vec4;
    %pushi/vec4 3, 0, 2;
    %cmp/u;
    %jmp/1 T_9.3, 6;
    %pushi/vec4 0, 0, 32;
    %store/vec4 v000001482c8e9930_0, 0, 32;
    %jmp T_9.5;
T_9.0 ;
    %load/vec4 v000001482c8e96b0_0;
    %store/vec4 v000001482c8e9930_0, 0, 32;
    %jmp T_9.5;
T_9.1 ;
    %load/vec4 v000001482c8e9750_0;
    %store/vec4 v000001482c8e9930_0, 0, 32;
    %jmp T_9.5;
T_9.2 ;
    %load/vec4 v000001482c8e9890_0;
    %store/vec4 v000001482c8e9930_0, 0, 32;
    %jmp T_9.5;
T_9.3 ;
    %pushi/vec4 0, 0, 32;
    %store/vec4 v000001482c8e9930_0, 0, 32;
    %jmp T_9.5;
T_9.5 ;
    %pop/vec4 1;
    %jmp T_9;
    .thread T_9, $push;
    .scope S_000001482c7c8120;
T_10 ;
    %wait E_000001482c851910;
    %load/vec4 v000001482c8ec520_0;
    %cmpi/e 23, 0, 7;
    %jmp/0xz  T_10.0, 4;
    %pushi/vec4 1, 0, 2;
    %store/vec4 v000001482c8eaa10_0, 0, 2;
    %jmp T_10.1;
T_10.0 ;
    %load/vec4 v000001482c8ec520_0;
    %cmpi/e 55, 0, 7;
    %jmp/0xz  T_10.2, 4;
    %pushi/vec4 2, 0, 2;
    %store/vec4 v000001482c8eaa10_0, 0, 2;
    %jmp T_10.3;
T_10.2 ;
    %pushi/vec4 0, 0, 2;
    %store/vec4 v000001482c8eaa10_0, 0, 2;
T_10.3 ;
T_10.1 ;
    %load/vec4 v000001482c8eaa10_0;
    %dup/vec4;
    %pushi/vec4 0, 0, 2;
    %cmp/u;
    %jmp/1 T_10.4, 6;
    %dup/vec4;
    %pushi/vec4 1, 0, 2;
    %cmp/u;
    %jmp/1 T_10.5, 6;
    %dup/vec4;
    %pushi/vec4 2, 0, 2;
    %cmp/u;
    %jmp/1 T_10.6, 6;
    %pushi/vec4 0, 0, 32;
    %store/vec4 v000001482c8eaab0_0, 0, 32;
    %jmp T_10.8;
T_10.4 ;
    %load/vec4 v000001482c8ebf80_0;
    %store/vec4 v000001482c8eaab0_0, 0, 32;
    %jmp T_10.8;
T_10.5 ;
    %load/vec4 v000001482c8eb1c0_0;
    %store/vec4 v000001482c8eaab0_0, 0, 32;
    %jmp T_10.8;
T_10.6 ;
    %pushi/vec4 0, 0, 32;
    %store/vec4 v000001482c8eaab0_0, 0, 32;
    %jmp T_10.8;
T_10.8 ;
    %pop/vec4 1;
    %jmp T_10;
    .thread T_10, $push;
    .scope S_000001482c7c8120;
T_11 ;
    %wait E_000001482c851c90;
    %load/vec4 v000001482c8ec520_0;
    %cmpi/e 99, 0, 7;
    %jmp/0xz  T_11.0, 4;
    %pushi/vec4 1, 0, 2;
    %store/vec4 v000001482c8eb440_0, 0, 2;
    %jmp T_11.1;
T_11.0 ;
    %load/vec4 v000001482c8ec520_0;
    %cmpi/e 111, 0, 7;
    %jmp/0xz  T_11.2, 4;
    %pushi/vec4 2, 0, 2;
    %store/vec4 v000001482c8eb440_0, 0, 2;
    %jmp T_11.3;
T_11.2 ;
    %load/vec4 v000001482c8ec520_0;
    %cmpi/e 103, 0, 7;
    %jmp/0xz  T_11.4, 4;
    %pushi/vec4 3, 0, 2;
    %store/vec4 v000001482c8eb440_0, 0, 2;
    %jmp T_11.5;
T_11.4 ;
    %pushi/vec4 0, 0, 2;
    %store/vec4 v000001482c8eb440_0, 0, 2;
T_11.5 ;
T_11.3 ;
T_11.1 ;
    %jmp T_11;
    .thread T_11, $push;
    .scope S_000001482c7c8120;
T_12 ;
    %wait E_000001482c851d90;
    %load/vec4 v000001482c8e9250_0;
    %flag_set/vec4 8;
    %jmp/0xz  T_12.0, 8;
    %pushi/vec4 1, 0, 2;
    %store/vec4 v000001482c8eb4e0_0, 0, 2;
    %jmp T_12.1;
T_12.0 ;
    %load/vec4 v000001482c8ea8d0_0;
    %flag_set/vec4 8;
    %jmp/0xz  T_12.2, 8;
    %pushi/vec4 2, 0, 2;
    %store/vec4 v000001482c8eb4e0_0, 0, 2;
    %jmp T_12.3;
T_12.2 ;
    %pushi/vec4 0, 0, 2;
    %store/vec4 v000001482c8eb4e0_0, 0, 2;
T_12.3 ;
T_12.1 ;
    %jmp T_12;
    .thread T_12, $push;
    .scope S_000001482c7a4bf0;
T_13 ;
    %wait E_000001482c851f10;
    %load/vec4 v000001482c83d450_0;
    %flag_set/vec4 8;
    %jmp/0xz  T_13.0, 8;
    %pushi/vec4 0, 0, 32;
    %store/vec4 v000001482c83d310_0, 0, 32;
T_13.2 ;
    %load/vec4 v000001482c83d310_0;
    %pad/s 42;
    %cmpi/s 1024, 0, 42;
    %jmp/0xz T_13.3, 5;
    %pushi/vec4 0, 0, 8;
    %ix/getv/s 3, v000001482c83d310_0;
    %ix/load 4, 0, 0; Constant delay
    %assign/vec4/a/d v000001482c83c0f0, 0, 4;
    %load/vec4 v000001482c83d310_0;
    %addi 1, 0, 32;
    %store/vec4 v000001482c83d310_0, 0, 32;
    %jmp T_13.2;
T_13.3 ;
    %jmp T_13.1;
T_13.0 ;
    %load/vec4 v000001482c83ceb0_0;
    %flag_set/vec4 8;
    %jmp/0xz  T_13.4, 8;
    %load/vec4 v000001482c83cc30_0;
    %dup/vec4;
    %pushi/vec4 0, 0, 3;
    %cmp/u;
    %jmp/1 T_13.6, 6;
    %dup/vec4;
    %pushi/vec4 1, 0, 3;
    %cmp/u;
    %jmp/1 T_13.7, 6;
    %dup/vec4;
    %pushi/vec4 2, 0, 3;
    %cmp/u;
    %jmp/1 T_13.8, 6;
    %jmp T_13.10;
T_13.6 ;
    %load/vec4 v000001482c83d090_0;
    %parti/s 8, 0, 2;
    %load/vec4 v000001482c83c550_0;
    %parti/s 10, 0, 2;
    %pad/u 12;
    %ix/vec4 3;
    %ix/load 4, 0, 0; Constant delay
    %assign/vec4/a/d v000001482c83c0f0, 0, 4;
    %jmp T_13.10;
T_13.7 ;
    %load/vec4 v000001482c83d090_0;
    %parti/s 8, 0, 2;
    %load/vec4 v000001482c83c550_0;
    %parti/s 10, 0, 2;
    %pad/u 12;
    %ix/vec4 3;
    %ix/load 4, 0, 0; Constant delay
    %assign/vec4/a/d v000001482c83c0f0, 0, 4;
    %load/vec4 v000001482c83d090_0;
    %parti/s 8, 8, 5;
    %load/vec4 v000001482c83c550_0;
    %parti/s 10, 0, 2;
    %pad/u 33;
    %addi 1, 0, 33;
    %ix/vec4 3;
    %ix/load 4, 0, 0; Constant delay
    %assign/vec4/a/d v000001482c83c0f0, 0, 4;
    %jmp T_13.10;
T_13.8 ;
    %load/vec4 v000001482c83d090_0;
    %parti/s 8, 0, 2;
    %load/vec4 v000001482c83c550_0;
    %parti/s 10, 0, 2;
    %pad/u 12;
    %ix/vec4 3;
    %ix/load 4, 0, 0; Constant delay
    %assign/vec4/a/d v000001482c83c0f0, 0, 4;
    %load/vec4 v000001482c83d090_0;
    %parti/s 8, 8, 5;
    %load/vec4 v000001482c83c550_0;
    %parti/s 10, 0, 2;
    %pad/u 33;
    %addi 1, 0, 33;
    %ix/vec4 3;
    %ix/load 4, 0, 0; Constant delay
    %assign/vec4/a/d v000001482c83c0f0, 0, 4;
    %load/vec4 v000001482c83d090_0;
    %parti/s 8, 16, 6;
    %load/vec4 v000001482c83c550_0;
    %parti/s 10, 0, 2;
    %pad/u 33;
    %addi 2, 0, 33;
    %ix/vec4 3;
    %ix/load 4, 0, 0; Constant delay
    %assign/vec4/a/d v000001482c83c0f0, 0, 4;
    %load/vec4 v000001482c83d090_0;
    %parti/s 8, 24, 6;
    %load/vec4 v000001482c83c550_0;
    %parti/s 10, 0, 2;
    %pad/u 33;
    %addi 3, 0, 33;
    %ix/vec4 3;
    %ix/load 4, 0, 0; Constant delay
    %assign/vec4/a/d v000001482c83c0f0, 0, 4;
    %jmp T_13.10;
T_13.10 ;
    %pop/vec4 1;
T_13.4 ;
T_13.1 ;
    %jmp T_13;
    .thread T_13;
    .scope S_000001482c7a4bf0;
T_14 ;
    %wait E_000001482c851850;
    %pushi/vec4 0, 0, 32;
    %store/vec4 v000001482c83cf50_0, 0, 32;
    %load/vec4 v000001482c83cd70_0;
    %flag_set/vec4 8;
    %jmp/0xz  T_14.0, 8;
    %load/vec4 v000001482c83cc30_0;
    %dup/vec4;
    %pushi/vec4 0, 0, 3;
    %cmp/u;
    %jmp/1 T_14.2, 6;
    %dup/vec4;
    %pushi/vec4 1, 0, 3;
    %cmp/u;
    %jmp/1 T_14.3, 6;
    %dup/vec4;
    %pushi/vec4 2, 0, 3;
    %cmp/u;
    %jmp/1 T_14.4, 6;
    %dup/vec4;
    %pushi/vec4 4, 0, 3;
    %cmp/u;
    %jmp/1 T_14.5, 6;
    %dup/vec4;
    %pushi/vec4 5, 0, 3;
    %cmp/u;
    %jmp/1 T_14.6, 6;
    %pushi/vec4 0, 0, 32;
    %store/vec4 v000001482c83cf50_0, 0, 32;
    %jmp T_14.8;
T_14.2 ;
    %load/vec4 v000001482c83c550_0;
    %parti/s 10, 0, 2;
    %pad/u 12;
    %ix/vec4 4;
    %load/vec4a v000001482c83c0f0, 4;
    %parti/s 1, 7, 4;
    %replicate 24;
    %load/vec4 v000001482c83c550_0;
    %parti/s 10, 0, 2;
    %pad/u 12;
    %ix/vec4 4;
    %load/vec4a v000001482c83c0f0, 4;
    %concat/vec4; draw_concat_vec4
    %store/vec4 v000001482c83cf50_0, 0, 32;
    %jmp T_14.8;
T_14.3 ;
    %load/vec4 v000001482c83c550_0;
    %parti/s 10, 0, 2;
    %pad/u 33;
    %addi 1, 0, 33;
    %ix/vec4 4;
    %load/vec4a v000001482c83c0f0, 4;
    %parti/s 1, 7, 4;
    %replicate 16;
    %load/vec4 v000001482c83c550_0;
    %parti/s 10, 0, 2;
    %pad/u 33;
    %addi 1, 0, 33;
    %ix/vec4 4;
    %load/vec4a v000001482c83c0f0, 4;
    %concat/vec4; draw_concat_vec4
    %load/vec4 v000001482c83c550_0;
    %parti/s 10, 0, 2;
    %pad/u 12;
    %ix/vec4 4;
    %load/vec4a v000001482c83c0f0, 4;
    %concat/vec4; draw_concat_vec4
    %store/vec4 v000001482c83cf50_0, 0, 32;
    %jmp T_14.8;
T_14.4 ;
    %load/vec4 v000001482c83c550_0;
    %parti/s 10, 0, 2;
    %pad/u 33;
    %addi 3, 0, 33;
    %ix/vec4 4;
    %load/vec4a v000001482c83c0f0, 4;
    %load/vec4 v000001482c83c550_0;
    %parti/s 10, 0, 2;
    %pad/u 33;
    %addi 2, 0, 33;
    %ix/vec4 4;
    %load/vec4a v000001482c83c0f0, 4;
    %concat/vec4; draw_concat_vec4
    %load/vec4 v000001482c83c550_0;
    %parti/s 10, 0, 2;
    %pad/u 33;
    %addi 1, 0, 33;
    %ix/vec4 4;
    %load/vec4a v000001482c83c0f0, 4;
    %concat/vec4; draw_concat_vec4
    %load/vec4 v000001482c83c550_0;
    %parti/s 10, 0, 2;
    %pad/u 12;
    %ix/vec4 4;
    %load/vec4a v000001482c83c0f0, 4;
    %concat/vec4; draw_concat_vec4
    %store/vec4 v000001482c83cf50_0, 0, 32;
    %jmp T_14.8;
T_14.5 ;
    %pushi/vec4 0, 0, 24;
    %load/vec4 v000001482c83c550_0;
    %parti/s 10, 0, 2;
    %pad/u 12;
    %ix/vec4 4;
    %load/vec4a v000001482c83c0f0, 4;
    %concat/vec4; draw_concat_vec4
    %store/vec4 v000001482c83cf50_0, 0, 32;
    %jmp T_14.8;
T_14.6 ;
    %pushi/vec4 0, 0, 16;
    %load/vec4 v000001482c83c550_0;
    %parti/s 10, 0, 2;
    %pad/u 33;
    %addi 1, 0, 33;
    %ix/vec4 4;
    %load/vec4a v000001482c83c0f0, 4;
    %concat/vec4; draw_concat_vec4
    %load/vec4 v000001482c83c550_0;
    %parti/s 10, 0, 2;
    %pad/u 12;
    %ix/vec4 4;
    %load/vec4a v000001482c83c0f0, 4;
    %concat/vec4; draw_concat_vec4
    %store/vec4 v000001482c83cf50_0, 0, 32;
    %jmp T_14.8;
T_14.8 ;
    %pop/vec4 1;
T_14.0 ;
    %jmp T_14;
    .thread T_14, $push;
# The file index is used to find the file name in the following table.
:file_names 17;
    "N/A";
    "<interactive>";
    "rtl/top/fpga_top.v";
    "rtl/core/rv32i_cpu.v";
    "rtl/core/alu_control.v";
    "rtl/core/control_unit.v";
    "rtl/core/data_memory.v";
    "rtl/core/instruction_memory.v";
    "rtl/core/memory_interconnect.v";
    "rtl/core/program_counter.v";
    "rtl/core/rv32i_datapath.v";
    "rtl/core/alu.v";
    "rtl/core/branch_unit.v";
    "rtl/core/immediate_generator.v";
    "rtl/core/next_pc.v";
    "rtl/common/register_file.v";
    "rtl/core/write_back.v";
