#! /c/Source/iverilog-install/bin/vvp
:ivl_version "12.0 (devel)" "(s20150603-1110-g18392a46)";
:ivl_delay_selection "TYPICAL";
:vpi_time_precision - 12;
:vpi_module "C:\iverilog\lib\ivl\system.vpi";
:vpi_module "C:\iverilog\lib\ivl\vhdl_sys.vpi";
:vpi_module "C:\iverilog\lib\ivl\vhdl_textio.vpi";
:vpi_module "C:\iverilog\lib\ivl\v2005_math.vpi";
:vpi_module "C:\iverilog\lib\ivl\va_math.vpi";
S_000001afdeadd5b0 .scope module, "data_memory_full_tb" "data_memory_full_tb" 2 40;
 .timescale -9 -12;
P_000001afdeb01ff0 .param/l "ADDR_WIDTH" 1 2 47, +C4<00000000000000000000000000001010>;
P_000001afdeb02028 .param/l "DATA_WIDTH" 1 2 46, +C4<00000000000000000000000000100000>;
v000001afdeb567a0_0 .var "address", 31 0;
v000001afdeb56de0_0 .var "clk", 0 0;
v000001afdeb574c0_0 .var/i "errors", 31 0;
v000001afdeb56ca0_0 .var "funct3", 2 0;
v000001afdeb56700_0 .var "mem_read", 0 0;
v000001afdeb56840_0 .var "mem_write", 0 0;
v000001afdeb568e0_0 .net "read_data", 31 0, v000001afdeaee090_0;  1 drivers
v000001afdeb565c0_0 .var "rst", 0 0;
v000001afdeb57100_0 .var/i "tests", 31 0;
v000001afdeb56e80_0 .var "write_data", 31 0;
S_000001afdeaedf00 .scope module, "DUT" "data_memory" 2 92, 3 30 0, S_000001afdeadd5b0;
 .timescale 0 0;
    .port_info 0 /INPUT 1 "clk";
    .port_info 1 /INPUT 1 "rst";
    .port_info 2 /INPUT 1 "mem_read";
    .port_info 3 /INPUT 1 "mem_write";
    .port_info 4 /INPUT 3 "funct3";
    .port_info 5 /INPUT 32 "address";
    .port_info 6 /INPUT 32 "write_data";
    .port_info 7 /OUTPUT 32 "read_data";
P_000001afdeaf07b0 .param/l "ADDR_WIDTH" 0 3 32, +C4<00000000000000000000000000001010>;
P_000001afdeaf07e8 .param/l "DATA_WIDTH" 0 3 31, +C4<00000000000000000000000000100000>;
P_000001afdeaf0820 .param/l "MEMORY_SIZE" 1 3 79, +C4<000000000000000000000000000000010000000000>;
v000001afdeacdf10_0 .net "address", 31 0, v000001afdeb567a0_0;  1 drivers
v000001afdec26b40_0 .net "clk", 0 0, v000001afdeb56de0_0;  1 drivers
v000001afdec269e0_0 .net "funct3", 2 0, v000001afdeb56ca0_0;  1 drivers
v000001afdeaa4590_0 .var/i "i", 31 0;
v000001afdeaecae0_0 .net "mem_read", 0 0, v000001afdeb56700_0;  1 drivers
v000001afdeab2590_0 .net "mem_write", 0 0, v000001afdeb56840_0;  1 drivers
v000001afdeb027d0 .array "memory", 1023 0, 7 0;
v000001afdeaee090_0 .var "read_data", 31 0;
v000001afdeade6e0_0 .net "rst", 0 0, v000001afdeb565c0_0;  1 drivers
v000001afdec263d0_0 .net "write_data", 31 0, v000001afdeb56e80_0;  1 drivers
v000001afdeb027d0_0 .array/port v000001afdeb027d0, 0;
E_000001afdeb0c330/0 .event anyedge, v000001afdeaecae0_0, v000001afdec269e0_0, v000001afdeacdf10_0, v000001afdeb027d0_0;
v000001afdeb027d0_1 .array/port v000001afdeb027d0, 1;
v000001afdeb027d0_2 .array/port v000001afdeb027d0, 2;
v000001afdeb027d0_3 .array/port v000001afdeb027d0, 3;
v000001afdeb027d0_4 .array/port v000001afdeb027d0, 4;
E_000001afdeb0c330/1 .event anyedge, v000001afdeb027d0_1, v000001afdeb027d0_2, v000001afdeb027d0_3, v000001afdeb027d0_4;
v000001afdeb027d0_5 .array/port v000001afdeb027d0, 5;
v000001afdeb027d0_6 .array/port v000001afdeb027d0, 6;
v000001afdeb027d0_7 .array/port v000001afdeb027d0, 7;
v000001afdeb027d0_8 .array/port v000001afdeb027d0, 8;
E_000001afdeb0c330/2 .event anyedge, v000001afdeb027d0_5, v000001afdeb027d0_6, v000001afdeb027d0_7, v000001afdeb027d0_8;
v000001afdeb027d0_9 .array/port v000001afdeb027d0, 9;
v000001afdeb027d0_10 .array/port v000001afdeb027d0, 10;
v000001afdeb027d0_11 .array/port v000001afdeb027d0, 11;
v000001afdeb027d0_12 .array/port v000001afdeb027d0, 12;
E_000001afdeb0c330/3 .event anyedge, v000001afdeb027d0_9, v000001afdeb027d0_10, v000001afdeb027d0_11, v000001afdeb027d0_12;
v000001afdeb027d0_13 .array/port v000001afdeb027d0, 13;
v000001afdeb027d0_14 .array/port v000001afdeb027d0, 14;
v000001afdeb027d0_15 .array/port v000001afdeb027d0, 15;
v000001afdeb027d0_16 .array/port v000001afdeb027d0, 16;
E_000001afdeb0c330/4 .event anyedge, v000001afdeb027d0_13, v000001afdeb027d0_14, v000001afdeb027d0_15, v000001afdeb027d0_16;
v000001afdeb027d0_17 .array/port v000001afdeb027d0, 17;
v000001afdeb027d0_18 .array/port v000001afdeb027d0, 18;
v000001afdeb027d0_19 .array/port v000001afdeb027d0, 19;
v000001afdeb027d0_20 .array/port v000001afdeb027d0, 20;
E_000001afdeb0c330/5 .event anyedge, v000001afdeb027d0_17, v000001afdeb027d0_18, v000001afdeb027d0_19, v000001afdeb027d0_20;
v000001afdeb027d0_21 .array/port v000001afdeb027d0, 21;
v000001afdeb027d0_22 .array/port v000001afdeb027d0, 22;
v000001afdeb027d0_23 .array/port v000001afdeb027d0, 23;
v000001afdeb027d0_24 .array/port v000001afdeb027d0, 24;
E_000001afdeb0c330/6 .event anyedge, v000001afdeb027d0_21, v000001afdeb027d0_22, v000001afdeb027d0_23, v000001afdeb027d0_24;
v000001afdeb027d0_25 .array/port v000001afdeb027d0, 25;
v000001afdeb027d0_26 .array/port v000001afdeb027d0, 26;
v000001afdeb027d0_27 .array/port v000001afdeb027d0, 27;
v000001afdeb027d0_28 .array/port v000001afdeb027d0, 28;
E_000001afdeb0c330/7 .event anyedge, v000001afdeb027d0_25, v000001afdeb027d0_26, v000001afdeb027d0_27, v000001afdeb027d0_28;
v000001afdeb027d0_29 .array/port v000001afdeb027d0, 29;
v000001afdeb027d0_30 .array/port v000001afdeb027d0, 30;
v000001afdeb027d0_31 .array/port v000001afdeb027d0, 31;
v000001afdeb027d0_32 .array/port v000001afdeb027d0, 32;
E_000001afdeb0c330/8 .event anyedge, v000001afdeb027d0_29, v000001afdeb027d0_30, v000001afdeb027d0_31, v000001afdeb027d0_32;
v000001afdeb027d0_33 .array/port v000001afdeb027d0, 33;
v000001afdeb027d0_34 .array/port v000001afdeb027d0, 34;
v000001afdeb027d0_35 .array/port v000001afdeb027d0, 35;
v000001afdeb027d0_36 .array/port v000001afdeb027d0, 36;
E_000001afdeb0c330/9 .event anyedge, v000001afdeb027d0_33, v000001afdeb027d0_34, v000001afdeb027d0_35, v000001afdeb027d0_36;
v000001afdeb027d0_37 .array/port v000001afdeb027d0, 37;
v000001afdeb027d0_38 .array/port v000001afdeb027d0, 38;
v000001afdeb027d0_39 .array/port v000001afdeb027d0, 39;
v000001afdeb027d0_40 .array/port v000001afdeb027d0, 40;
E_000001afdeb0c330/10 .event anyedge, v000001afdeb027d0_37, v000001afdeb027d0_38, v000001afdeb027d0_39, v000001afdeb027d0_40;
v000001afdeb027d0_41 .array/port v000001afdeb027d0, 41;
v000001afdeb027d0_42 .array/port v000001afdeb027d0, 42;
v000001afdeb027d0_43 .array/port v000001afdeb027d0, 43;
v000001afdeb027d0_44 .array/port v000001afdeb027d0, 44;
E_000001afdeb0c330/11 .event anyedge, v000001afdeb027d0_41, v000001afdeb027d0_42, v000001afdeb027d0_43, v000001afdeb027d0_44;
v000001afdeb027d0_45 .array/port v000001afdeb027d0, 45;
v000001afdeb027d0_46 .array/port v000001afdeb027d0, 46;
v000001afdeb027d0_47 .array/port v000001afdeb027d0, 47;
v000001afdeb027d0_48 .array/port v000001afdeb027d0, 48;
E_000001afdeb0c330/12 .event anyedge, v000001afdeb027d0_45, v000001afdeb027d0_46, v000001afdeb027d0_47, v000001afdeb027d0_48;
v000001afdeb027d0_49 .array/port v000001afdeb027d0, 49;
v000001afdeb027d0_50 .array/port v000001afdeb027d0, 50;
v000001afdeb027d0_51 .array/port v000001afdeb027d0, 51;
v000001afdeb027d0_52 .array/port v000001afdeb027d0, 52;
E_000001afdeb0c330/13 .event anyedge, v000001afdeb027d0_49, v000001afdeb027d0_50, v000001afdeb027d0_51, v000001afdeb027d0_52;
v000001afdeb027d0_53 .array/port v000001afdeb027d0, 53;
v000001afdeb027d0_54 .array/port v000001afdeb027d0, 54;
v000001afdeb027d0_55 .array/port v000001afdeb027d0, 55;
v000001afdeb027d0_56 .array/port v000001afdeb027d0, 56;
E_000001afdeb0c330/14 .event anyedge, v000001afdeb027d0_53, v000001afdeb027d0_54, v000001afdeb027d0_55, v000001afdeb027d0_56;
v000001afdeb027d0_57 .array/port v000001afdeb027d0, 57;
v000001afdeb027d0_58 .array/port v000001afdeb027d0, 58;
v000001afdeb027d0_59 .array/port v000001afdeb027d0, 59;
v000001afdeb027d0_60 .array/port v000001afdeb027d0, 60;
E_000001afdeb0c330/15 .event anyedge, v000001afdeb027d0_57, v000001afdeb027d0_58, v000001afdeb027d0_59, v000001afdeb027d0_60;
v000001afdeb027d0_61 .array/port v000001afdeb027d0, 61;
v000001afdeb027d0_62 .array/port v000001afdeb027d0, 62;
v000001afdeb027d0_63 .array/port v000001afdeb027d0, 63;
v000001afdeb027d0_64 .array/port v000001afdeb027d0, 64;
E_000001afdeb0c330/16 .event anyedge, v000001afdeb027d0_61, v000001afdeb027d0_62, v000001afdeb027d0_63, v000001afdeb027d0_64;
v000001afdeb027d0_65 .array/port v000001afdeb027d0, 65;
v000001afdeb027d0_66 .array/port v000001afdeb027d0, 66;
v000001afdeb027d0_67 .array/port v000001afdeb027d0, 67;
v000001afdeb027d0_68 .array/port v000001afdeb027d0, 68;
E_000001afdeb0c330/17 .event anyedge, v000001afdeb027d0_65, v000001afdeb027d0_66, v000001afdeb027d0_67, v000001afdeb027d0_68;
v000001afdeb027d0_69 .array/port v000001afdeb027d0, 69;
v000001afdeb027d0_70 .array/port v000001afdeb027d0, 70;
v000001afdeb027d0_71 .array/port v000001afdeb027d0, 71;
v000001afdeb027d0_72 .array/port v000001afdeb027d0, 72;
E_000001afdeb0c330/18 .event anyedge, v000001afdeb027d0_69, v000001afdeb027d0_70, v000001afdeb027d0_71, v000001afdeb027d0_72;
v000001afdeb027d0_73 .array/port v000001afdeb027d0, 73;
v000001afdeb027d0_74 .array/port v000001afdeb027d0, 74;
v000001afdeb027d0_75 .array/port v000001afdeb027d0, 75;
v000001afdeb027d0_76 .array/port v000001afdeb027d0, 76;
E_000001afdeb0c330/19 .event anyedge, v000001afdeb027d0_73, v000001afdeb027d0_74, v000001afdeb027d0_75, v000001afdeb027d0_76;
v000001afdeb027d0_77 .array/port v000001afdeb027d0, 77;
v000001afdeb027d0_78 .array/port v000001afdeb027d0, 78;
v000001afdeb027d0_79 .array/port v000001afdeb027d0, 79;
v000001afdeb027d0_80 .array/port v000001afdeb027d0, 80;
E_000001afdeb0c330/20 .event anyedge, v000001afdeb027d0_77, v000001afdeb027d0_78, v000001afdeb027d0_79, v000001afdeb027d0_80;
v000001afdeb027d0_81 .array/port v000001afdeb027d0, 81;
v000001afdeb027d0_82 .array/port v000001afdeb027d0, 82;
v000001afdeb027d0_83 .array/port v000001afdeb027d0, 83;
v000001afdeb027d0_84 .array/port v000001afdeb027d0, 84;
E_000001afdeb0c330/21 .event anyedge, v000001afdeb027d0_81, v000001afdeb027d0_82, v000001afdeb027d0_83, v000001afdeb027d0_84;
v000001afdeb027d0_85 .array/port v000001afdeb027d0, 85;
v000001afdeb027d0_86 .array/port v000001afdeb027d0, 86;
v000001afdeb027d0_87 .array/port v000001afdeb027d0, 87;
v000001afdeb027d0_88 .array/port v000001afdeb027d0, 88;
E_000001afdeb0c330/22 .event anyedge, v000001afdeb027d0_85, v000001afdeb027d0_86, v000001afdeb027d0_87, v000001afdeb027d0_88;
v000001afdeb027d0_89 .array/port v000001afdeb027d0, 89;
v000001afdeb027d0_90 .array/port v000001afdeb027d0, 90;
v000001afdeb027d0_91 .array/port v000001afdeb027d0, 91;
v000001afdeb027d0_92 .array/port v000001afdeb027d0, 92;
E_000001afdeb0c330/23 .event anyedge, v000001afdeb027d0_89, v000001afdeb027d0_90, v000001afdeb027d0_91, v000001afdeb027d0_92;
v000001afdeb027d0_93 .array/port v000001afdeb027d0, 93;
v000001afdeb027d0_94 .array/port v000001afdeb027d0, 94;
v000001afdeb027d0_95 .array/port v000001afdeb027d0, 95;
v000001afdeb027d0_96 .array/port v000001afdeb027d0, 96;
E_000001afdeb0c330/24 .event anyedge, v000001afdeb027d0_93, v000001afdeb027d0_94, v000001afdeb027d0_95, v000001afdeb027d0_96;
v000001afdeb027d0_97 .array/port v000001afdeb027d0, 97;
v000001afdeb027d0_98 .array/port v000001afdeb027d0, 98;
v000001afdeb027d0_99 .array/port v000001afdeb027d0, 99;
v000001afdeb027d0_100 .array/port v000001afdeb027d0, 100;
E_000001afdeb0c330/25 .event anyedge, v000001afdeb027d0_97, v000001afdeb027d0_98, v000001afdeb027d0_99, v000001afdeb027d0_100;
v000001afdeb027d0_101 .array/port v000001afdeb027d0, 101;
v000001afdeb027d0_102 .array/port v000001afdeb027d0, 102;
v000001afdeb027d0_103 .array/port v000001afdeb027d0, 103;
v000001afdeb027d0_104 .array/port v000001afdeb027d0, 104;
E_000001afdeb0c330/26 .event anyedge, v000001afdeb027d0_101, v000001afdeb027d0_102, v000001afdeb027d0_103, v000001afdeb027d0_104;
v000001afdeb027d0_105 .array/port v000001afdeb027d0, 105;
v000001afdeb027d0_106 .array/port v000001afdeb027d0, 106;
v000001afdeb027d0_107 .array/port v000001afdeb027d0, 107;
v000001afdeb027d0_108 .array/port v000001afdeb027d0, 108;
E_000001afdeb0c330/27 .event anyedge, v000001afdeb027d0_105, v000001afdeb027d0_106, v000001afdeb027d0_107, v000001afdeb027d0_108;
v000001afdeb027d0_109 .array/port v000001afdeb027d0, 109;
v000001afdeb027d0_110 .array/port v000001afdeb027d0, 110;
v000001afdeb027d0_111 .array/port v000001afdeb027d0, 111;
v000001afdeb027d0_112 .array/port v000001afdeb027d0, 112;
E_000001afdeb0c330/28 .event anyedge, v000001afdeb027d0_109, v000001afdeb027d0_110, v000001afdeb027d0_111, v000001afdeb027d0_112;
v000001afdeb027d0_113 .array/port v000001afdeb027d0, 113;
v000001afdeb027d0_114 .array/port v000001afdeb027d0, 114;
v000001afdeb027d0_115 .array/port v000001afdeb027d0, 115;
v000001afdeb027d0_116 .array/port v000001afdeb027d0, 116;
E_000001afdeb0c330/29 .event anyedge, v000001afdeb027d0_113, v000001afdeb027d0_114, v000001afdeb027d0_115, v000001afdeb027d0_116;
v000001afdeb027d0_117 .array/port v000001afdeb027d0, 117;
v000001afdeb027d0_118 .array/port v000001afdeb027d0, 118;
v000001afdeb027d0_119 .array/port v000001afdeb027d0, 119;
v000001afdeb027d0_120 .array/port v000001afdeb027d0, 120;
E_000001afdeb0c330/30 .event anyedge, v000001afdeb027d0_117, v000001afdeb027d0_118, v000001afdeb027d0_119, v000001afdeb027d0_120;
v000001afdeb027d0_121 .array/port v000001afdeb027d0, 121;
v000001afdeb027d0_122 .array/port v000001afdeb027d0, 122;
v000001afdeb027d0_123 .array/port v000001afdeb027d0, 123;
v000001afdeb027d0_124 .array/port v000001afdeb027d0, 124;
E_000001afdeb0c330/31 .event anyedge, v000001afdeb027d0_121, v000001afdeb027d0_122, v000001afdeb027d0_123, v000001afdeb027d0_124;
v000001afdeb027d0_125 .array/port v000001afdeb027d0, 125;
v000001afdeb027d0_126 .array/port v000001afdeb027d0, 126;
v000001afdeb027d0_127 .array/port v000001afdeb027d0, 127;
v000001afdeb027d0_128 .array/port v000001afdeb027d0, 128;
E_000001afdeb0c330/32 .event anyedge, v000001afdeb027d0_125, v000001afdeb027d0_126, v000001afdeb027d0_127, v000001afdeb027d0_128;
v000001afdeb027d0_129 .array/port v000001afdeb027d0, 129;
v000001afdeb027d0_130 .array/port v000001afdeb027d0, 130;
v000001afdeb027d0_131 .array/port v000001afdeb027d0, 131;
v000001afdeb027d0_132 .array/port v000001afdeb027d0, 132;
E_000001afdeb0c330/33 .event anyedge, v000001afdeb027d0_129, v000001afdeb027d0_130, v000001afdeb027d0_131, v000001afdeb027d0_132;
v000001afdeb027d0_133 .array/port v000001afdeb027d0, 133;
v000001afdeb027d0_134 .array/port v000001afdeb027d0, 134;
v000001afdeb027d0_135 .array/port v000001afdeb027d0, 135;
v000001afdeb027d0_136 .array/port v000001afdeb027d0, 136;
E_000001afdeb0c330/34 .event anyedge, v000001afdeb027d0_133, v000001afdeb027d0_134, v000001afdeb027d0_135, v000001afdeb027d0_136;
v000001afdeb027d0_137 .array/port v000001afdeb027d0, 137;
v000001afdeb027d0_138 .array/port v000001afdeb027d0, 138;
v000001afdeb027d0_139 .array/port v000001afdeb027d0, 139;
v000001afdeb027d0_140 .array/port v000001afdeb027d0, 140;
E_000001afdeb0c330/35 .event anyedge, v000001afdeb027d0_137, v000001afdeb027d0_138, v000001afdeb027d0_139, v000001afdeb027d0_140;
v000001afdeb027d0_141 .array/port v000001afdeb027d0, 141;
v000001afdeb027d0_142 .array/port v000001afdeb027d0, 142;
v000001afdeb027d0_143 .array/port v000001afdeb027d0, 143;
v000001afdeb027d0_144 .array/port v000001afdeb027d0, 144;
E_000001afdeb0c330/36 .event anyedge, v000001afdeb027d0_141, v000001afdeb027d0_142, v000001afdeb027d0_143, v000001afdeb027d0_144;
v000001afdeb027d0_145 .array/port v000001afdeb027d0, 145;
v000001afdeb027d0_146 .array/port v000001afdeb027d0, 146;
v000001afdeb027d0_147 .array/port v000001afdeb027d0, 147;
v000001afdeb027d0_148 .array/port v000001afdeb027d0, 148;
E_000001afdeb0c330/37 .event anyedge, v000001afdeb027d0_145, v000001afdeb027d0_146, v000001afdeb027d0_147, v000001afdeb027d0_148;
v000001afdeb027d0_149 .array/port v000001afdeb027d0, 149;
v000001afdeb027d0_150 .array/port v000001afdeb027d0, 150;
v000001afdeb027d0_151 .array/port v000001afdeb027d0, 151;
v000001afdeb027d0_152 .array/port v000001afdeb027d0, 152;
E_000001afdeb0c330/38 .event anyedge, v000001afdeb027d0_149, v000001afdeb027d0_150, v000001afdeb027d0_151, v000001afdeb027d0_152;
v000001afdeb027d0_153 .array/port v000001afdeb027d0, 153;
v000001afdeb027d0_154 .array/port v000001afdeb027d0, 154;
v000001afdeb027d0_155 .array/port v000001afdeb027d0, 155;
v000001afdeb027d0_156 .array/port v000001afdeb027d0, 156;
E_000001afdeb0c330/39 .event anyedge, v000001afdeb027d0_153, v000001afdeb027d0_154, v000001afdeb027d0_155, v000001afdeb027d0_156;
v000001afdeb027d0_157 .array/port v000001afdeb027d0, 157;
v000001afdeb027d0_158 .array/port v000001afdeb027d0, 158;
v000001afdeb027d0_159 .array/port v000001afdeb027d0, 159;
v000001afdeb027d0_160 .array/port v000001afdeb027d0, 160;
E_000001afdeb0c330/40 .event anyedge, v000001afdeb027d0_157, v000001afdeb027d0_158, v000001afdeb027d0_159, v000001afdeb027d0_160;
v000001afdeb027d0_161 .array/port v000001afdeb027d0, 161;
v000001afdeb027d0_162 .array/port v000001afdeb027d0, 162;
v000001afdeb027d0_163 .array/port v000001afdeb027d0, 163;
v000001afdeb027d0_164 .array/port v000001afdeb027d0, 164;
E_000001afdeb0c330/41 .event anyedge, v000001afdeb027d0_161, v000001afdeb027d0_162, v000001afdeb027d0_163, v000001afdeb027d0_164;
v000001afdeb027d0_165 .array/port v000001afdeb027d0, 165;
v000001afdeb027d0_166 .array/port v000001afdeb027d0, 166;
v000001afdeb027d0_167 .array/port v000001afdeb027d0, 167;
v000001afdeb027d0_168 .array/port v000001afdeb027d0, 168;
E_000001afdeb0c330/42 .event anyedge, v000001afdeb027d0_165, v000001afdeb027d0_166, v000001afdeb027d0_167, v000001afdeb027d0_168;
v000001afdeb027d0_169 .array/port v000001afdeb027d0, 169;
v000001afdeb027d0_170 .array/port v000001afdeb027d0, 170;
v000001afdeb027d0_171 .array/port v000001afdeb027d0, 171;
v000001afdeb027d0_172 .array/port v000001afdeb027d0, 172;
E_000001afdeb0c330/43 .event anyedge, v000001afdeb027d0_169, v000001afdeb027d0_170, v000001afdeb027d0_171, v000001afdeb027d0_172;
v000001afdeb027d0_173 .array/port v000001afdeb027d0, 173;
v000001afdeb027d0_174 .array/port v000001afdeb027d0, 174;
v000001afdeb027d0_175 .array/port v000001afdeb027d0, 175;
v000001afdeb027d0_176 .array/port v000001afdeb027d0, 176;
E_000001afdeb0c330/44 .event anyedge, v000001afdeb027d0_173, v000001afdeb027d0_174, v000001afdeb027d0_175, v000001afdeb027d0_176;
v000001afdeb027d0_177 .array/port v000001afdeb027d0, 177;
v000001afdeb027d0_178 .array/port v000001afdeb027d0, 178;
v000001afdeb027d0_179 .array/port v000001afdeb027d0, 179;
v000001afdeb027d0_180 .array/port v000001afdeb027d0, 180;
E_000001afdeb0c330/45 .event anyedge, v000001afdeb027d0_177, v000001afdeb027d0_178, v000001afdeb027d0_179, v000001afdeb027d0_180;
v000001afdeb027d0_181 .array/port v000001afdeb027d0, 181;
v000001afdeb027d0_182 .array/port v000001afdeb027d0, 182;
v000001afdeb027d0_183 .array/port v000001afdeb027d0, 183;
v000001afdeb027d0_184 .array/port v000001afdeb027d0, 184;
E_000001afdeb0c330/46 .event anyedge, v000001afdeb027d0_181, v000001afdeb027d0_182, v000001afdeb027d0_183, v000001afdeb027d0_184;
v000001afdeb027d0_185 .array/port v000001afdeb027d0, 185;
v000001afdeb027d0_186 .array/port v000001afdeb027d0, 186;
v000001afdeb027d0_187 .array/port v000001afdeb027d0, 187;
v000001afdeb027d0_188 .array/port v000001afdeb027d0, 188;
E_000001afdeb0c330/47 .event anyedge, v000001afdeb027d0_185, v000001afdeb027d0_186, v000001afdeb027d0_187, v000001afdeb027d0_188;
v000001afdeb027d0_189 .array/port v000001afdeb027d0, 189;
v000001afdeb027d0_190 .array/port v000001afdeb027d0, 190;
v000001afdeb027d0_191 .array/port v000001afdeb027d0, 191;
v000001afdeb027d0_192 .array/port v000001afdeb027d0, 192;
E_000001afdeb0c330/48 .event anyedge, v000001afdeb027d0_189, v000001afdeb027d0_190, v000001afdeb027d0_191, v000001afdeb027d0_192;
v000001afdeb027d0_193 .array/port v000001afdeb027d0, 193;
v000001afdeb027d0_194 .array/port v000001afdeb027d0, 194;
v000001afdeb027d0_195 .array/port v000001afdeb027d0, 195;
v000001afdeb027d0_196 .array/port v000001afdeb027d0, 196;
E_000001afdeb0c330/49 .event anyedge, v000001afdeb027d0_193, v000001afdeb027d0_194, v000001afdeb027d0_195, v000001afdeb027d0_196;
v000001afdeb027d0_197 .array/port v000001afdeb027d0, 197;
v000001afdeb027d0_198 .array/port v000001afdeb027d0, 198;
v000001afdeb027d0_199 .array/port v000001afdeb027d0, 199;
v000001afdeb027d0_200 .array/port v000001afdeb027d0, 200;
E_000001afdeb0c330/50 .event anyedge, v000001afdeb027d0_197, v000001afdeb027d0_198, v000001afdeb027d0_199, v000001afdeb027d0_200;
v000001afdeb027d0_201 .array/port v000001afdeb027d0, 201;
v000001afdeb027d0_202 .array/port v000001afdeb027d0, 202;
v000001afdeb027d0_203 .array/port v000001afdeb027d0, 203;
v000001afdeb027d0_204 .array/port v000001afdeb027d0, 204;
E_000001afdeb0c330/51 .event anyedge, v000001afdeb027d0_201, v000001afdeb027d0_202, v000001afdeb027d0_203, v000001afdeb027d0_204;
v000001afdeb027d0_205 .array/port v000001afdeb027d0, 205;
v000001afdeb027d0_206 .array/port v000001afdeb027d0, 206;
v000001afdeb027d0_207 .array/port v000001afdeb027d0, 207;
v000001afdeb027d0_208 .array/port v000001afdeb027d0, 208;
E_000001afdeb0c330/52 .event anyedge, v000001afdeb027d0_205, v000001afdeb027d0_206, v000001afdeb027d0_207, v000001afdeb027d0_208;
v000001afdeb027d0_209 .array/port v000001afdeb027d0, 209;
v000001afdeb027d0_210 .array/port v000001afdeb027d0, 210;
v000001afdeb027d0_211 .array/port v000001afdeb027d0, 211;
v000001afdeb027d0_212 .array/port v000001afdeb027d0, 212;
E_000001afdeb0c330/53 .event anyedge, v000001afdeb027d0_209, v000001afdeb027d0_210, v000001afdeb027d0_211, v000001afdeb027d0_212;
v000001afdeb027d0_213 .array/port v000001afdeb027d0, 213;
v000001afdeb027d0_214 .array/port v000001afdeb027d0, 214;
v000001afdeb027d0_215 .array/port v000001afdeb027d0, 215;
v000001afdeb027d0_216 .array/port v000001afdeb027d0, 216;
E_000001afdeb0c330/54 .event anyedge, v000001afdeb027d0_213, v000001afdeb027d0_214, v000001afdeb027d0_215, v000001afdeb027d0_216;
v000001afdeb027d0_217 .array/port v000001afdeb027d0, 217;
v000001afdeb027d0_218 .array/port v000001afdeb027d0, 218;
v000001afdeb027d0_219 .array/port v000001afdeb027d0, 219;
v000001afdeb027d0_220 .array/port v000001afdeb027d0, 220;
E_000001afdeb0c330/55 .event anyedge, v000001afdeb027d0_217, v000001afdeb027d0_218, v000001afdeb027d0_219, v000001afdeb027d0_220;
v000001afdeb027d0_221 .array/port v000001afdeb027d0, 221;
v000001afdeb027d0_222 .array/port v000001afdeb027d0, 222;
v000001afdeb027d0_223 .array/port v000001afdeb027d0, 223;
v000001afdeb027d0_224 .array/port v000001afdeb027d0, 224;
E_000001afdeb0c330/56 .event anyedge, v000001afdeb027d0_221, v000001afdeb027d0_222, v000001afdeb027d0_223, v000001afdeb027d0_224;
v000001afdeb027d0_225 .array/port v000001afdeb027d0, 225;
v000001afdeb027d0_226 .array/port v000001afdeb027d0, 226;
v000001afdeb027d0_227 .array/port v000001afdeb027d0, 227;
v000001afdeb027d0_228 .array/port v000001afdeb027d0, 228;
E_000001afdeb0c330/57 .event anyedge, v000001afdeb027d0_225, v000001afdeb027d0_226, v000001afdeb027d0_227, v000001afdeb027d0_228;
v000001afdeb027d0_229 .array/port v000001afdeb027d0, 229;
v000001afdeb027d0_230 .array/port v000001afdeb027d0, 230;
v000001afdeb027d0_231 .array/port v000001afdeb027d0, 231;
v000001afdeb027d0_232 .array/port v000001afdeb027d0, 232;
E_000001afdeb0c330/58 .event anyedge, v000001afdeb027d0_229, v000001afdeb027d0_230, v000001afdeb027d0_231, v000001afdeb027d0_232;
v000001afdeb027d0_233 .array/port v000001afdeb027d0, 233;
v000001afdeb027d0_234 .array/port v000001afdeb027d0, 234;
v000001afdeb027d0_235 .array/port v000001afdeb027d0, 235;
v000001afdeb027d0_236 .array/port v000001afdeb027d0, 236;
E_000001afdeb0c330/59 .event anyedge, v000001afdeb027d0_233, v000001afdeb027d0_234, v000001afdeb027d0_235, v000001afdeb027d0_236;
v000001afdeb027d0_237 .array/port v000001afdeb027d0, 237;
v000001afdeb027d0_238 .array/port v000001afdeb027d0, 238;
v000001afdeb027d0_239 .array/port v000001afdeb027d0, 239;
v000001afdeb027d0_240 .array/port v000001afdeb027d0, 240;
E_000001afdeb0c330/60 .event anyedge, v000001afdeb027d0_237, v000001afdeb027d0_238, v000001afdeb027d0_239, v000001afdeb027d0_240;
v000001afdeb027d0_241 .array/port v000001afdeb027d0, 241;
v000001afdeb027d0_242 .array/port v000001afdeb027d0, 242;
v000001afdeb027d0_243 .array/port v000001afdeb027d0, 243;
v000001afdeb027d0_244 .array/port v000001afdeb027d0, 244;
E_000001afdeb0c330/61 .event anyedge, v000001afdeb027d0_241, v000001afdeb027d0_242, v000001afdeb027d0_243, v000001afdeb027d0_244;
v000001afdeb027d0_245 .array/port v000001afdeb027d0, 245;
v000001afdeb027d0_246 .array/port v000001afdeb027d0, 246;
v000001afdeb027d0_247 .array/port v000001afdeb027d0, 247;
v000001afdeb027d0_248 .array/port v000001afdeb027d0, 248;
E_000001afdeb0c330/62 .event anyedge, v000001afdeb027d0_245, v000001afdeb027d0_246, v000001afdeb027d0_247, v000001afdeb027d0_248;
v000001afdeb027d0_249 .array/port v000001afdeb027d0, 249;
v000001afdeb027d0_250 .array/port v000001afdeb027d0, 250;
v000001afdeb027d0_251 .array/port v000001afdeb027d0, 251;
v000001afdeb027d0_252 .array/port v000001afdeb027d0, 252;
E_000001afdeb0c330/63 .event anyedge, v000001afdeb027d0_249, v000001afdeb027d0_250, v000001afdeb027d0_251, v000001afdeb027d0_252;
v000001afdeb027d0_253 .array/port v000001afdeb027d0, 253;
v000001afdeb027d0_254 .array/port v000001afdeb027d0, 254;
v000001afdeb027d0_255 .array/port v000001afdeb027d0, 255;
v000001afdeb027d0_256 .array/port v000001afdeb027d0, 256;
E_000001afdeb0c330/64 .event anyedge, v000001afdeb027d0_253, v000001afdeb027d0_254, v000001afdeb027d0_255, v000001afdeb027d0_256;
v000001afdeb027d0_257 .array/port v000001afdeb027d0, 257;
v000001afdeb027d0_258 .array/port v000001afdeb027d0, 258;
v000001afdeb027d0_259 .array/port v000001afdeb027d0, 259;
v000001afdeb027d0_260 .array/port v000001afdeb027d0, 260;
E_000001afdeb0c330/65 .event anyedge, v000001afdeb027d0_257, v000001afdeb027d0_258, v000001afdeb027d0_259, v000001afdeb027d0_260;
v000001afdeb027d0_261 .array/port v000001afdeb027d0, 261;
v000001afdeb027d0_262 .array/port v000001afdeb027d0, 262;
v000001afdeb027d0_263 .array/port v000001afdeb027d0, 263;
v000001afdeb027d0_264 .array/port v000001afdeb027d0, 264;
E_000001afdeb0c330/66 .event anyedge, v000001afdeb027d0_261, v000001afdeb027d0_262, v000001afdeb027d0_263, v000001afdeb027d0_264;
v000001afdeb027d0_265 .array/port v000001afdeb027d0, 265;
v000001afdeb027d0_266 .array/port v000001afdeb027d0, 266;
v000001afdeb027d0_267 .array/port v000001afdeb027d0, 267;
v000001afdeb027d0_268 .array/port v000001afdeb027d0, 268;
E_000001afdeb0c330/67 .event anyedge, v000001afdeb027d0_265, v000001afdeb027d0_266, v000001afdeb027d0_267, v000001afdeb027d0_268;
v000001afdeb027d0_269 .array/port v000001afdeb027d0, 269;
v000001afdeb027d0_270 .array/port v000001afdeb027d0, 270;
v000001afdeb027d0_271 .array/port v000001afdeb027d0, 271;
v000001afdeb027d0_272 .array/port v000001afdeb027d0, 272;
E_000001afdeb0c330/68 .event anyedge, v000001afdeb027d0_269, v000001afdeb027d0_270, v000001afdeb027d0_271, v000001afdeb027d0_272;
v000001afdeb027d0_273 .array/port v000001afdeb027d0, 273;
v000001afdeb027d0_274 .array/port v000001afdeb027d0, 274;
v000001afdeb027d0_275 .array/port v000001afdeb027d0, 275;
v000001afdeb027d0_276 .array/port v000001afdeb027d0, 276;
E_000001afdeb0c330/69 .event anyedge, v000001afdeb027d0_273, v000001afdeb027d0_274, v000001afdeb027d0_275, v000001afdeb027d0_276;
v000001afdeb027d0_277 .array/port v000001afdeb027d0, 277;
v000001afdeb027d0_278 .array/port v000001afdeb027d0, 278;
v000001afdeb027d0_279 .array/port v000001afdeb027d0, 279;
v000001afdeb027d0_280 .array/port v000001afdeb027d0, 280;
E_000001afdeb0c330/70 .event anyedge, v000001afdeb027d0_277, v000001afdeb027d0_278, v000001afdeb027d0_279, v000001afdeb027d0_280;
v000001afdeb027d0_281 .array/port v000001afdeb027d0, 281;
v000001afdeb027d0_282 .array/port v000001afdeb027d0, 282;
v000001afdeb027d0_283 .array/port v000001afdeb027d0, 283;
v000001afdeb027d0_284 .array/port v000001afdeb027d0, 284;
E_000001afdeb0c330/71 .event anyedge, v000001afdeb027d0_281, v000001afdeb027d0_282, v000001afdeb027d0_283, v000001afdeb027d0_284;
v000001afdeb027d0_285 .array/port v000001afdeb027d0, 285;
v000001afdeb027d0_286 .array/port v000001afdeb027d0, 286;
v000001afdeb027d0_287 .array/port v000001afdeb027d0, 287;
v000001afdeb027d0_288 .array/port v000001afdeb027d0, 288;
E_000001afdeb0c330/72 .event anyedge, v000001afdeb027d0_285, v000001afdeb027d0_286, v000001afdeb027d0_287, v000001afdeb027d0_288;
v000001afdeb027d0_289 .array/port v000001afdeb027d0, 289;
v000001afdeb027d0_290 .array/port v000001afdeb027d0, 290;
v000001afdeb027d0_291 .array/port v000001afdeb027d0, 291;
v000001afdeb027d0_292 .array/port v000001afdeb027d0, 292;
E_000001afdeb0c330/73 .event anyedge, v000001afdeb027d0_289, v000001afdeb027d0_290, v000001afdeb027d0_291, v000001afdeb027d0_292;
v000001afdeb027d0_293 .array/port v000001afdeb027d0, 293;
v000001afdeb027d0_294 .array/port v000001afdeb027d0, 294;
v000001afdeb027d0_295 .array/port v000001afdeb027d0, 295;
v000001afdeb027d0_296 .array/port v000001afdeb027d0, 296;
E_000001afdeb0c330/74 .event anyedge, v000001afdeb027d0_293, v000001afdeb027d0_294, v000001afdeb027d0_295, v000001afdeb027d0_296;
v000001afdeb027d0_297 .array/port v000001afdeb027d0, 297;
v000001afdeb027d0_298 .array/port v000001afdeb027d0, 298;
v000001afdeb027d0_299 .array/port v000001afdeb027d0, 299;
v000001afdeb027d0_300 .array/port v000001afdeb027d0, 300;
E_000001afdeb0c330/75 .event anyedge, v000001afdeb027d0_297, v000001afdeb027d0_298, v000001afdeb027d0_299, v000001afdeb027d0_300;
v000001afdeb027d0_301 .array/port v000001afdeb027d0, 301;
v000001afdeb027d0_302 .array/port v000001afdeb027d0, 302;
v000001afdeb027d0_303 .array/port v000001afdeb027d0, 303;
v000001afdeb027d0_304 .array/port v000001afdeb027d0, 304;
E_000001afdeb0c330/76 .event anyedge, v000001afdeb027d0_301, v000001afdeb027d0_302, v000001afdeb027d0_303, v000001afdeb027d0_304;
v000001afdeb027d0_305 .array/port v000001afdeb027d0, 305;
v000001afdeb027d0_306 .array/port v000001afdeb027d0, 306;
v000001afdeb027d0_307 .array/port v000001afdeb027d0, 307;
v000001afdeb027d0_308 .array/port v000001afdeb027d0, 308;
E_000001afdeb0c330/77 .event anyedge, v000001afdeb027d0_305, v000001afdeb027d0_306, v000001afdeb027d0_307, v000001afdeb027d0_308;
v000001afdeb027d0_309 .array/port v000001afdeb027d0, 309;
v000001afdeb027d0_310 .array/port v000001afdeb027d0, 310;
v000001afdeb027d0_311 .array/port v000001afdeb027d0, 311;
v000001afdeb027d0_312 .array/port v000001afdeb027d0, 312;
E_000001afdeb0c330/78 .event anyedge, v000001afdeb027d0_309, v000001afdeb027d0_310, v000001afdeb027d0_311, v000001afdeb027d0_312;
v000001afdeb027d0_313 .array/port v000001afdeb027d0, 313;
v000001afdeb027d0_314 .array/port v000001afdeb027d0, 314;
v000001afdeb027d0_315 .array/port v000001afdeb027d0, 315;
v000001afdeb027d0_316 .array/port v000001afdeb027d0, 316;
E_000001afdeb0c330/79 .event anyedge, v000001afdeb027d0_313, v000001afdeb027d0_314, v000001afdeb027d0_315, v000001afdeb027d0_316;
v000001afdeb027d0_317 .array/port v000001afdeb027d0, 317;
v000001afdeb027d0_318 .array/port v000001afdeb027d0, 318;
v000001afdeb027d0_319 .array/port v000001afdeb027d0, 319;
v000001afdeb027d0_320 .array/port v000001afdeb027d0, 320;
E_000001afdeb0c330/80 .event anyedge, v000001afdeb027d0_317, v000001afdeb027d0_318, v000001afdeb027d0_319, v000001afdeb027d0_320;
v000001afdeb027d0_321 .array/port v000001afdeb027d0, 321;
v000001afdeb027d0_322 .array/port v000001afdeb027d0, 322;
v000001afdeb027d0_323 .array/port v000001afdeb027d0, 323;
v000001afdeb027d0_324 .array/port v000001afdeb027d0, 324;
E_000001afdeb0c330/81 .event anyedge, v000001afdeb027d0_321, v000001afdeb027d0_322, v000001afdeb027d0_323, v000001afdeb027d0_324;
v000001afdeb027d0_325 .array/port v000001afdeb027d0, 325;
v000001afdeb027d0_326 .array/port v000001afdeb027d0, 326;
v000001afdeb027d0_327 .array/port v000001afdeb027d0, 327;
v000001afdeb027d0_328 .array/port v000001afdeb027d0, 328;
E_000001afdeb0c330/82 .event anyedge, v000001afdeb027d0_325, v000001afdeb027d0_326, v000001afdeb027d0_327, v000001afdeb027d0_328;
v000001afdeb027d0_329 .array/port v000001afdeb027d0, 329;
v000001afdeb027d0_330 .array/port v000001afdeb027d0, 330;
v000001afdeb027d0_331 .array/port v000001afdeb027d0, 331;
v000001afdeb027d0_332 .array/port v000001afdeb027d0, 332;
E_000001afdeb0c330/83 .event anyedge, v000001afdeb027d0_329, v000001afdeb027d0_330, v000001afdeb027d0_331, v000001afdeb027d0_332;
v000001afdeb027d0_333 .array/port v000001afdeb027d0, 333;
v000001afdeb027d0_334 .array/port v000001afdeb027d0, 334;
v000001afdeb027d0_335 .array/port v000001afdeb027d0, 335;
v000001afdeb027d0_336 .array/port v000001afdeb027d0, 336;
E_000001afdeb0c330/84 .event anyedge, v000001afdeb027d0_333, v000001afdeb027d0_334, v000001afdeb027d0_335, v000001afdeb027d0_336;
v000001afdeb027d0_337 .array/port v000001afdeb027d0, 337;
v000001afdeb027d0_338 .array/port v000001afdeb027d0, 338;
v000001afdeb027d0_339 .array/port v000001afdeb027d0, 339;
v000001afdeb027d0_340 .array/port v000001afdeb027d0, 340;
E_000001afdeb0c330/85 .event anyedge, v000001afdeb027d0_337, v000001afdeb027d0_338, v000001afdeb027d0_339, v000001afdeb027d0_340;
v000001afdeb027d0_341 .array/port v000001afdeb027d0, 341;
v000001afdeb027d0_342 .array/port v000001afdeb027d0, 342;
v000001afdeb027d0_343 .array/port v000001afdeb027d0, 343;
v000001afdeb027d0_344 .array/port v000001afdeb027d0, 344;
E_000001afdeb0c330/86 .event anyedge, v000001afdeb027d0_341, v000001afdeb027d0_342, v000001afdeb027d0_343, v000001afdeb027d0_344;
v000001afdeb027d0_345 .array/port v000001afdeb027d0, 345;
v000001afdeb027d0_346 .array/port v000001afdeb027d0, 346;
v000001afdeb027d0_347 .array/port v000001afdeb027d0, 347;
v000001afdeb027d0_348 .array/port v000001afdeb027d0, 348;
E_000001afdeb0c330/87 .event anyedge, v000001afdeb027d0_345, v000001afdeb027d0_346, v000001afdeb027d0_347, v000001afdeb027d0_348;
v000001afdeb027d0_349 .array/port v000001afdeb027d0, 349;
v000001afdeb027d0_350 .array/port v000001afdeb027d0, 350;
v000001afdeb027d0_351 .array/port v000001afdeb027d0, 351;
v000001afdeb027d0_352 .array/port v000001afdeb027d0, 352;
E_000001afdeb0c330/88 .event anyedge, v000001afdeb027d0_349, v000001afdeb027d0_350, v000001afdeb027d0_351, v000001afdeb027d0_352;
v000001afdeb027d0_353 .array/port v000001afdeb027d0, 353;
v000001afdeb027d0_354 .array/port v000001afdeb027d0, 354;
v000001afdeb027d0_355 .array/port v000001afdeb027d0, 355;
v000001afdeb027d0_356 .array/port v000001afdeb027d0, 356;
E_000001afdeb0c330/89 .event anyedge, v000001afdeb027d0_353, v000001afdeb027d0_354, v000001afdeb027d0_355, v000001afdeb027d0_356;
v000001afdeb027d0_357 .array/port v000001afdeb027d0, 357;
v000001afdeb027d0_358 .array/port v000001afdeb027d0, 358;
v000001afdeb027d0_359 .array/port v000001afdeb027d0, 359;
v000001afdeb027d0_360 .array/port v000001afdeb027d0, 360;
E_000001afdeb0c330/90 .event anyedge, v000001afdeb027d0_357, v000001afdeb027d0_358, v000001afdeb027d0_359, v000001afdeb027d0_360;
v000001afdeb027d0_361 .array/port v000001afdeb027d0, 361;
v000001afdeb027d0_362 .array/port v000001afdeb027d0, 362;
v000001afdeb027d0_363 .array/port v000001afdeb027d0, 363;
v000001afdeb027d0_364 .array/port v000001afdeb027d0, 364;
E_000001afdeb0c330/91 .event anyedge, v000001afdeb027d0_361, v000001afdeb027d0_362, v000001afdeb027d0_363, v000001afdeb027d0_364;
v000001afdeb027d0_365 .array/port v000001afdeb027d0, 365;
v000001afdeb027d0_366 .array/port v000001afdeb027d0, 366;
v000001afdeb027d0_367 .array/port v000001afdeb027d0, 367;
v000001afdeb027d0_368 .array/port v000001afdeb027d0, 368;
E_000001afdeb0c330/92 .event anyedge, v000001afdeb027d0_365, v000001afdeb027d0_366, v000001afdeb027d0_367, v000001afdeb027d0_368;
v000001afdeb027d0_369 .array/port v000001afdeb027d0, 369;
v000001afdeb027d0_370 .array/port v000001afdeb027d0, 370;
v000001afdeb027d0_371 .array/port v000001afdeb027d0, 371;
v000001afdeb027d0_372 .array/port v000001afdeb027d0, 372;
E_000001afdeb0c330/93 .event anyedge, v000001afdeb027d0_369, v000001afdeb027d0_370, v000001afdeb027d0_371, v000001afdeb027d0_372;
v000001afdeb027d0_373 .array/port v000001afdeb027d0, 373;
v000001afdeb027d0_374 .array/port v000001afdeb027d0, 374;
v000001afdeb027d0_375 .array/port v000001afdeb027d0, 375;
v000001afdeb027d0_376 .array/port v000001afdeb027d0, 376;
E_000001afdeb0c330/94 .event anyedge, v000001afdeb027d0_373, v000001afdeb027d0_374, v000001afdeb027d0_375, v000001afdeb027d0_376;
v000001afdeb027d0_377 .array/port v000001afdeb027d0, 377;
v000001afdeb027d0_378 .array/port v000001afdeb027d0, 378;
v000001afdeb027d0_379 .array/port v000001afdeb027d0, 379;
v000001afdeb027d0_380 .array/port v000001afdeb027d0, 380;
E_000001afdeb0c330/95 .event anyedge, v000001afdeb027d0_377, v000001afdeb027d0_378, v000001afdeb027d0_379, v000001afdeb027d0_380;
v000001afdeb027d0_381 .array/port v000001afdeb027d0, 381;
v000001afdeb027d0_382 .array/port v000001afdeb027d0, 382;
v000001afdeb027d0_383 .array/port v000001afdeb027d0, 383;
v000001afdeb027d0_384 .array/port v000001afdeb027d0, 384;
E_000001afdeb0c330/96 .event anyedge, v000001afdeb027d0_381, v000001afdeb027d0_382, v000001afdeb027d0_383, v000001afdeb027d0_384;
v000001afdeb027d0_385 .array/port v000001afdeb027d0, 385;
v000001afdeb027d0_386 .array/port v000001afdeb027d0, 386;
v000001afdeb027d0_387 .array/port v000001afdeb027d0, 387;
v000001afdeb027d0_388 .array/port v000001afdeb027d0, 388;
E_000001afdeb0c330/97 .event anyedge, v000001afdeb027d0_385, v000001afdeb027d0_386, v000001afdeb027d0_387, v000001afdeb027d0_388;
v000001afdeb027d0_389 .array/port v000001afdeb027d0, 389;
v000001afdeb027d0_390 .array/port v000001afdeb027d0, 390;
v000001afdeb027d0_391 .array/port v000001afdeb027d0, 391;
v000001afdeb027d0_392 .array/port v000001afdeb027d0, 392;
E_000001afdeb0c330/98 .event anyedge, v000001afdeb027d0_389, v000001afdeb027d0_390, v000001afdeb027d0_391, v000001afdeb027d0_392;
v000001afdeb027d0_393 .array/port v000001afdeb027d0, 393;
v000001afdeb027d0_394 .array/port v000001afdeb027d0, 394;
v000001afdeb027d0_395 .array/port v000001afdeb027d0, 395;
v000001afdeb027d0_396 .array/port v000001afdeb027d0, 396;
E_000001afdeb0c330/99 .event anyedge, v000001afdeb027d0_393, v000001afdeb027d0_394, v000001afdeb027d0_395, v000001afdeb027d0_396;
v000001afdeb027d0_397 .array/port v000001afdeb027d0, 397;
v000001afdeb027d0_398 .array/port v000001afdeb027d0, 398;
v000001afdeb027d0_399 .array/port v000001afdeb027d0, 399;
v000001afdeb027d0_400 .array/port v000001afdeb027d0, 400;
E_000001afdeb0c330/100 .event anyedge, v000001afdeb027d0_397, v000001afdeb027d0_398, v000001afdeb027d0_399, v000001afdeb027d0_400;
v000001afdeb027d0_401 .array/port v000001afdeb027d0, 401;
v000001afdeb027d0_402 .array/port v000001afdeb027d0, 402;
v000001afdeb027d0_403 .array/port v000001afdeb027d0, 403;
v000001afdeb027d0_404 .array/port v000001afdeb027d0, 404;
E_000001afdeb0c330/101 .event anyedge, v000001afdeb027d0_401, v000001afdeb027d0_402, v000001afdeb027d0_403, v000001afdeb027d0_404;
v000001afdeb027d0_405 .array/port v000001afdeb027d0, 405;
v000001afdeb027d0_406 .array/port v000001afdeb027d0, 406;
v000001afdeb027d0_407 .array/port v000001afdeb027d0, 407;
v000001afdeb027d0_408 .array/port v000001afdeb027d0, 408;
E_000001afdeb0c330/102 .event anyedge, v000001afdeb027d0_405, v000001afdeb027d0_406, v000001afdeb027d0_407, v000001afdeb027d0_408;
v000001afdeb027d0_409 .array/port v000001afdeb027d0, 409;
v000001afdeb027d0_410 .array/port v000001afdeb027d0, 410;
v000001afdeb027d0_411 .array/port v000001afdeb027d0, 411;
v000001afdeb027d0_412 .array/port v000001afdeb027d0, 412;
E_000001afdeb0c330/103 .event anyedge, v000001afdeb027d0_409, v000001afdeb027d0_410, v000001afdeb027d0_411, v000001afdeb027d0_412;
v000001afdeb027d0_413 .array/port v000001afdeb027d0, 413;
v000001afdeb027d0_414 .array/port v000001afdeb027d0, 414;
v000001afdeb027d0_415 .array/port v000001afdeb027d0, 415;
v000001afdeb027d0_416 .array/port v000001afdeb027d0, 416;
E_000001afdeb0c330/104 .event anyedge, v000001afdeb027d0_413, v000001afdeb027d0_414, v000001afdeb027d0_415, v000001afdeb027d0_416;
v000001afdeb027d0_417 .array/port v000001afdeb027d0, 417;
v000001afdeb027d0_418 .array/port v000001afdeb027d0, 418;
v000001afdeb027d0_419 .array/port v000001afdeb027d0, 419;
v000001afdeb027d0_420 .array/port v000001afdeb027d0, 420;
E_000001afdeb0c330/105 .event anyedge, v000001afdeb027d0_417, v000001afdeb027d0_418, v000001afdeb027d0_419, v000001afdeb027d0_420;
v000001afdeb027d0_421 .array/port v000001afdeb027d0, 421;
v000001afdeb027d0_422 .array/port v000001afdeb027d0, 422;
v000001afdeb027d0_423 .array/port v000001afdeb027d0, 423;
v000001afdeb027d0_424 .array/port v000001afdeb027d0, 424;
E_000001afdeb0c330/106 .event anyedge, v000001afdeb027d0_421, v000001afdeb027d0_422, v000001afdeb027d0_423, v000001afdeb027d0_424;
v000001afdeb027d0_425 .array/port v000001afdeb027d0, 425;
v000001afdeb027d0_426 .array/port v000001afdeb027d0, 426;
v000001afdeb027d0_427 .array/port v000001afdeb027d0, 427;
v000001afdeb027d0_428 .array/port v000001afdeb027d0, 428;
E_000001afdeb0c330/107 .event anyedge, v000001afdeb027d0_425, v000001afdeb027d0_426, v000001afdeb027d0_427, v000001afdeb027d0_428;
v000001afdeb027d0_429 .array/port v000001afdeb027d0, 429;
v000001afdeb027d0_430 .array/port v000001afdeb027d0, 430;
v000001afdeb027d0_431 .array/port v000001afdeb027d0, 431;
v000001afdeb027d0_432 .array/port v000001afdeb027d0, 432;
E_000001afdeb0c330/108 .event anyedge, v000001afdeb027d0_429, v000001afdeb027d0_430, v000001afdeb027d0_431, v000001afdeb027d0_432;
v000001afdeb027d0_433 .array/port v000001afdeb027d0, 433;
v000001afdeb027d0_434 .array/port v000001afdeb027d0, 434;
v000001afdeb027d0_435 .array/port v000001afdeb027d0, 435;
v000001afdeb027d0_436 .array/port v000001afdeb027d0, 436;
E_000001afdeb0c330/109 .event anyedge, v000001afdeb027d0_433, v000001afdeb027d0_434, v000001afdeb027d0_435, v000001afdeb027d0_436;
v000001afdeb027d0_437 .array/port v000001afdeb027d0, 437;
v000001afdeb027d0_438 .array/port v000001afdeb027d0, 438;
v000001afdeb027d0_439 .array/port v000001afdeb027d0, 439;
v000001afdeb027d0_440 .array/port v000001afdeb027d0, 440;
E_000001afdeb0c330/110 .event anyedge, v000001afdeb027d0_437, v000001afdeb027d0_438, v000001afdeb027d0_439, v000001afdeb027d0_440;
v000001afdeb027d0_441 .array/port v000001afdeb027d0, 441;
v000001afdeb027d0_442 .array/port v000001afdeb027d0, 442;
v000001afdeb027d0_443 .array/port v000001afdeb027d0, 443;
v000001afdeb027d0_444 .array/port v000001afdeb027d0, 444;
E_000001afdeb0c330/111 .event anyedge, v000001afdeb027d0_441, v000001afdeb027d0_442, v000001afdeb027d0_443, v000001afdeb027d0_444;
v000001afdeb027d0_445 .array/port v000001afdeb027d0, 445;
v000001afdeb027d0_446 .array/port v000001afdeb027d0, 446;
v000001afdeb027d0_447 .array/port v000001afdeb027d0, 447;
v000001afdeb027d0_448 .array/port v000001afdeb027d0, 448;
E_000001afdeb0c330/112 .event anyedge, v000001afdeb027d0_445, v000001afdeb027d0_446, v000001afdeb027d0_447, v000001afdeb027d0_448;
v000001afdeb027d0_449 .array/port v000001afdeb027d0, 449;
v000001afdeb027d0_450 .array/port v000001afdeb027d0, 450;
v000001afdeb027d0_451 .array/port v000001afdeb027d0, 451;
v000001afdeb027d0_452 .array/port v000001afdeb027d0, 452;
E_000001afdeb0c330/113 .event anyedge, v000001afdeb027d0_449, v000001afdeb027d0_450, v000001afdeb027d0_451, v000001afdeb027d0_452;
v000001afdeb027d0_453 .array/port v000001afdeb027d0, 453;
v000001afdeb027d0_454 .array/port v000001afdeb027d0, 454;
v000001afdeb027d0_455 .array/port v000001afdeb027d0, 455;
v000001afdeb027d0_456 .array/port v000001afdeb027d0, 456;
E_000001afdeb0c330/114 .event anyedge, v000001afdeb027d0_453, v000001afdeb027d0_454, v000001afdeb027d0_455, v000001afdeb027d0_456;
v000001afdeb027d0_457 .array/port v000001afdeb027d0, 457;
v000001afdeb027d0_458 .array/port v000001afdeb027d0, 458;
v000001afdeb027d0_459 .array/port v000001afdeb027d0, 459;
v000001afdeb027d0_460 .array/port v000001afdeb027d0, 460;
E_000001afdeb0c330/115 .event anyedge, v000001afdeb027d0_457, v000001afdeb027d0_458, v000001afdeb027d0_459, v000001afdeb027d0_460;
v000001afdeb027d0_461 .array/port v000001afdeb027d0, 461;
v000001afdeb027d0_462 .array/port v000001afdeb027d0, 462;
v000001afdeb027d0_463 .array/port v000001afdeb027d0, 463;
v000001afdeb027d0_464 .array/port v000001afdeb027d0, 464;
E_000001afdeb0c330/116 .event anyedge, v000001afdeb027d0_461, v000001afdeb027d0_462, v000001afdeb027d0_463, v000001afdeb027d0_464;
v000001afdeb027d0_465 .array/port v000001afdeb027d0, 465;
v000001afdeb027d0_466 .array/port v000001afdeb027d0, 466;
v000001afdeb027d0_467 .array/port v000001afdeb027d0, 467;
v000001afdeb027d0_468 .array/port v000001afdeb027d0, 468;
E_000001afdeb0c330/117 .event anyedge, v000001afdeb027d0_465, v000001afdeb027d0_466, v000001afdeb027d0_467, v000001afdeb027d0_468;
v000001afdeb027d0_469 .array/port v000001afdeb027d0, 469;
v000001afdeb027d0_470 .array/port v000001afdeb027d0, 470;
v000001afdeb027d0_471 .array/port v000001afdeb027d0, 471;
v000001afdeb027d0_472 .array/port v000001afdeb027d0, 472;
E_000001afdeb0c330/118 .event anyedge, v000001afdeb027d0_469, v000001afdeb027d0_470, v000001afdeb027d0_471, v000001afdeb027d0_472;
v000001afdeb027d0_473 .array/port v000001afdeb027d0, 473;
v000001afdeb027d0_474 .array/port v000001afdeb027d0, 474;
v000001afdeb027d0_475 .array/port v000001afdeb027d0, 475;
v000001afdeb027d0_476 .array/port v000001afdeb027d0, 476;
E_000001afdeb0c330/119 .event anyedge, v000001afdeb027d0_473, v000001afdeb027d0_474, v000001afdeb027d0_475, v000001afdeb027d0_476;
v000001afdeb027d0_477 .array/port v000001afdeb027d0, 477;
v000001afdeb027d0_478 .array/port v000001afdeb027d0, 478;
v000001afdeb027d0_479 .array/port v000001afdeb027d0, 479;
v000001afdeb027d0_480 .array/port v000001afdeb027d0, 480;
E_000001afdeb0c330/120 .event anyedge, v000001afdeb027d0_477, v000001afdeb027d0_478, v000001afdeb027d0_479, v000001afdeb027d0_480;
v000001afdeb027d0_481 .array/port v000001afdeb027d0, 481;
v000001afdeb027d0_482 .array/port v000001afdeb027d0, 482;
v000001afdeb027d0_483 .array/port v000001afdeb027d0, 483;
v000001afdeb027d0_484 .array/port v000001afdeb027d0, 484;
E_000001afdeb0c330/121 .event anyedge, v000001afdeb027d0_481, v000001afdeb027d0_482, v000001afdeb027d0_483, v000001afdeb027d0_484;
v000001afdeb027d0_485 .array/port v000001afdeb027d0, 485;
v000001afdeb027d0_486 .array/port v000001afdeb027d0, 486;
v000001afdeb027d0_487 .array/port v000001afdeb027d0, 487;
v000001afdeb027d0_488 .array/port v000001afdeb027d0, 488;
E_000001afdeb0c330/122 .event anyedge, v000001afdeb027d0_485, v000001afdeb027d0_486, v000001afdeb027d0_487, v000001afdeb027d0_488;
v000001afdeb027d0_489 .array/port v000001afdeb027d0, 489;
v000001afdeb027d0_490 .array/port v000001afdeb027d0, 490;
v000001afdeb027d0_491 .array/port v000001afdeb027d0, 491;
v000001afdeb027d0_492 .array/port v000001afdeb027d0, 492;
E_000001afdeb0c330/123 .event anyedge, v000001afdeb027d0_489, v000001afdeb027d0_490, v000001afdeb027d0_491, v000001afdeb027d0_492;
v000001afdeb027d0_493 .array/port v000001afdeb027d0, 493;
v000001afdeb027d0_494 .array/port v000001afdeb027d0, 494;
v000001afdeb027d0_495 .array/port v000001afdeb027d0, 495;
v000001afdeb027d0_496 .array/port v000001afdeb027d0, 496;
E_000001afdeb0c330/124 .event anyedge, v000001afdeb027d0_493, v000001afdeb027d0_494, v000001afdeb027d0_495, v000001afdeb027d0_496;
v000001afdeb027d0_497 .array/port v000001afdeb027d0, 497;
v000001afdeb027d0_498 .array/port v000001afdeb027d0, 498;
v000001afdeb027d0_499 .array/port v000001afdeb027d0, 499;
v000001afdeb027d0_500 .array/port v000001afdeb027d0, 500;
E_000001afdeb0c330/125 .event anyedge, v000001afdeb027d0_497, v000001afdeb027d0_498, v000001afdeb027d0_499, v000001afdeb027d0_500;
v000001afdeb027d0_501 .array/port v000001afdeb027d0, 501;
v000001afdeb027d0_502 .array/port v000001afdeb027d0, 502;
v000001afdeb027d0_503 .array/port v000001afdeb027d0, 503;
v000001afdeb027d0_504 .array/port v000001afdeb027d0, 504;
E_000001afdeb0c330/126 .event anyedge, v000001afdeb027d0_501, v000001afdeb027d0_502, v000001afdeb027d0_503, v000001afdeb027d0_504;
v000001afdeb027d0_505 .array/port v000001afdeb027d0, 505;
v000001afdeb027d0_506 .array/port v000001afdeb027d0, 506;
v000001afdeb027d0_507 .array/port v000001afdeb027d0, 507;
v000001afdeb027d0_508 .array/port v000001afdeb027d0, 508;
E_000001afdeb0c330/127 .event anyedge, v000001afdeb027d0_505, v000001afdeb027d0_506, v000001afdeb027d0_507, v000001afdeb027d0_508;
v000001afdeb027d0_509 .array/port v000001afdeb027d0, 509;
v000001afdeb027d0_510 .array/port v000001afdeb027d0, 510;
v000001afdeb027d0_511 .array/port v000001afdeb027d0, 511;
v000001afdeb027d0_512 .array/port v000001afdeb027d0, 512;
E_000001afdeb0c330/128 .event anyedge, v000001afdeb027d0_509, v000001afdeb027d0_510, v000001afdeb027d0_511, v000001afdeb027d0_512;
v000001afdeb027d0_513 .array/port v000001afdeb027d0, 513;
v000001afdeb027d0_514 .array/port v000001afdeb027d0, 514;
v000001afdeb027d0_515 .array/port v000001afdeb027d0, 515;
v000001afdeb027d0_516 .array/port v000001afdeb027d0, 516;
E_000001afdeb0c330/129 .event anyedge, v000001afdeb027d0_513, v000001afdeb027d0_514, v000001afdeb027d0_515, v000001afdeb027d0_516;
v000001afdeb027d0_517 .array/port v000001afdeb027d0, 517;
v000001afdeb027d0_518 .array/port v000001afdeb027d0, 518;
v000001afdeb027d0_519 .array/port v000001afdeb027d0, 519;
v000001afdeb027d0_520 .array/port v000001afdeb027d0, 520;
E_000001afdeb0c330/130 .event anyedge, v000001afdeb027d0_517, v000001afdeb027d0_518, v000001afdeb027d0_519, v000001afdeb027d0_520;
v000001afdeb027d0_521 .array/port v000001afdeb027d0, 521;
v000001afdeb027d0_522 .array/port v000001afdeb027d0, 522;
v000001afdeb027d0_523 .array/port v000001afdeb027d0, 523;
v000001afdeb027d0_524 .array/port v000001afdeb027d0, 524;
E_000001afdeb0c330/131 .event anyedge, v000001afdeb027d0_521, v000001afdeb027d0_522, v000001afdeb027d0_523, v000001afdeb027d0_524;
v000001afdeb027d0_525 .array/port v000001afdeb027d0, 525;
v000001afdeb027d0_526 .array/port v000001afdeb027d0, 526;
v000001afdeb027d0_527 .array/port v000001afdeb027d0, 527;
v000001afdeb027d0_528 .array/port v000001afdeb027d0, 528;
E_000001afdeb0c330/132 .event anyedge, v000001afdeb027d0_525, v000001afdeb027d0_526, v000001afdeb027d0_527, v000001afdeb027d0_528;
v000001afdeb027d0_529 .array/port v000001afdeb027d0, 529;
v000001afdeb027d0_530 .array/port v000001afdeb027d0, 530;
v000001afdeb027d0_531 .array/port v000001afdeb027d0, 531;
v000001afdeb027d0_532 .array/port v000001afdeb027d0, 532;
E_000001afdeb0c330/133 .event anyedge, v000001afdeb027d0_529, v000001afdeb027d0_530, v000001afdeb027d0_531, v000001afdeb027d0_532;
v000001afdeb027d0_533 .array/port v000001afdeb027d0, 533;
v000001afdeb027d0_534 .array/port v000001afdeb027d0, 534;
v000001afdeb027d0_535 .array/port v000001afdeb027d0, 535;
v000001afdeb027d0_536 .array/port v000001afdeb027d0, 536;
E_000001afdeb0c330/134 .event anyedge, v000001afdeb027d0_533, v000001afdeb027d0_534, v000001afdeb027d0_535, v000001afdeb027d0_536;
v000001afdeb027d0_537 .array/port v000001afdeb027d0, 537;
v000001afdeb027d0_538 .array/port v000001afdeb027d0, 538;
v000001afdeb027d0_539 .array/port v000001afdeb027d0, 539;
v000001afdeb027d0_540 .array/port v000001afdeb027d0, 540;
E_000001afdeb0c330/135 .event anyedge, v000001afdeb027d0_537, v000001afdeb027d0_538, v000001afdeb027d0_539, v000001afdeb027d0_540;
v000001afdeb027d0_541 .array/port v000001afdeb027d0, 541;
v000001afdeb027d0_542 .array/port v000001afdeb027d0, 542;
v000001afdeb027d0_543 .array/port v000001afdeb027d0, 543;
v000001afdeb027d0_544 .array/port v000001afdeb027d0, 544;
E_000001afdeb0c330/136 .event anyedge, v000001afdeb027d0_541, v000001afdeb027d0_542, v000001afdeb027d0_543, v000001afdeb027d0_544;
v000001afdeb027d0_545 .array/port v000001afdeb027d0, 545;
v000001afdeb027d0_546 .array/port v000001afdeb027d0, 546;
v000001afdeb027d0_547 .array/port v000001afdeb027d0, 547;
v000001afdeb027d0_548 .array/port v000001afdeb027d0, 548;
E_000001afdeb0c330/137 .event anyedge, v000001afdeb027d0_545, v000001afdeb027d0_546, v000001afdeb027d0_547, v000001afdeb027d0_548;
v000001afdeb027d0_549 .array/port v000001afdeb027d0, 549;
v000001afdeb027d0_550 .array/port v000001afdeb027d0, 550;
v000001afdeb027d0_551 .array/port v000001afdeb027d0, 551;
v000001afdeb027d0_552 .array/port v000001afdeb027d0, 552;
E_000001afdeb0c330/138 .event anyedge, v000001afdeb027d0_549, v000001afdeb027d0_550, v000001afdeb027d0_551, v000001afdeb027d0_552;
v000001afdeb027d0_553 .array/port v000001afdeb027d0, 553;
v000001afdeb027d0_554 .array/port v000001afdeb027d0, 554;
v000001afdeb027d0_555 .array/port v000001afdeb027d0, 555;
v000001afdeb027d0_556 .array/port v000001afdeb027d0, 556;
E_000001afdeb0c330/139 .event anyedge, v000001afdeb027d0_553, v000001afdeb027d0_554, v000001afdeb027d0_555, v000001afdeb027d0_556;
v000001afdeb027d0_557 .array/port v000001afdeb027d0, 557;
v000001afdeb027d0_558 .array/port v000001afdeb027d0, 558;
v000001afdeb027d0_559 .array/port v000001afdeb027d0, 559;
v000001afdeb027d0_560 .array/port v000001afdeb027d0, 560;
E_000001afdeb0c330/140 .event anyedge, v000001afdeb027d0_557, v000001afdeb027d0_558, v000001afdeb027d0_559, v000001afdeb027d0_560;
v000001afdeb027d0_561 .array/port v000001afdeb027d0, 561;
v000001afdeb027d0_562 .array/port v000001afdeb027d0, 562;
v000001afdeb027d0_563 .array/port v000001afdeb027d0, 563;
v000001afdeb027d0_564 .array/port v000001afdeb027d0, 564;
E_000001afdeb0c330/141 .event anyedge, v000001afdeb027d0_561, v000001afdeb027d0_562, v000001afdeb027d0_563, v000001afdeb027d0_564;
v000001afdeb027d0_565 .array/port v000001afdeb027d0, 565;
v000001afdeb027d0_566 .array/port v000001afdeb027d0, 566;
v000001afdeb027d0_567 .array/port v000001afdeb027d0, 567;
v000001afdeb027d0_568 .array/port v000001afdeb027d0, 568;
E_000001afdeb0c330/142 .event anyedge, v000001afdeb027d0_565, v000001afdeb027d0_566, v000001afdeb027d0_567, v000001afdeb027d0_568;
v000001afdeb027d0_569 .array/port v000001afdeb027d0, 569;
v000001afdeb027d0_570 .array/port v000001afdeb027d0, 570;
v000001afdeb027d0_571 .array/port v000001afdeb027d0, 571;
v000001afdeb027d0_572 .array/port v000001afdeb027d0, 572;
E_000001afdeb0c330/143 .event anyedge, v000001afdeb027d0_569, v000001afdeb027d0_570, v000001afdeb027d0_571, v000001afdeb027d0_572;
v000001afdeb027d0_573 .array/port v000001afdeb027d0, 573;
v000001afdeb027d0_574 .array/port v000001afdeb027d0, 574;
v000001afdeb027d0_575 .array/port v000001afdeb027d0, 575;
v000001afdeb027d0_576 .array/port v000001afdeb027d0, 576;
E_000001afdeb0c330/144 .event anyedge, v000001afdeb027d0_573, v000001afdeb027d0_574, v000001afdeb027d0_575, v000001afdeb027d0_576;
v000001afdeb027d0_577 .array/port v000001afdeb027d0, 577;
v000001afdeb027d0_578 .array/port v000001afdeb027d0, 578;
v000001afdeb027d0_579 .array/port v000001afdeb027d0, 579;
v000001afdeb027d0_580 .array/port v000001afdeb027d0, 580;
E_000001afdeb0c330/145 .event anyedge, v000001afdeb027d0_577, v000001afdeb027d0_578, v000001afdeb027d0_579, v000001afdeb027d0_580;
v000001afdeb027d0_581 .array/port v000001afdeb027d0, 581;
v000001afdeb027d0_582 .array/port v000001afdeb027d0, 582;
v000001afdeb027d0_583 .array/port v000001afdeb027d0, 583;
v000001afdeb027d0_584 .array/port v000001afdeb027d0, 584;
E_000001afdeb0c330/146 .event anyedge, v000001afdeb027d0_581, v000001afdeb027d0_582, v000001afdeb027d0_583, v000001afdeb027d0_584;
v000001afdeb027d0_585 .array/port v000001afdeb027d0, 585;
v000001afdeb027d0_586 .array/port v000001afdeb027d0, 586;
v000001afdeb027d0_587 .array/port v000001afdeb027d0, 587;
v000001afdeb027d0_588 .array/port v000001afdeb027d0, 588;
E_000001afdeb0c330/147 .event anyedge, v000001afdeb027d0_585, v000001afdeb027d0_586, v000001afdeb027d0_587, v000001afdeb027d0_588;
v000001afdeb027d0_589 .array/port v000001afdeb027d0, 589;
v000001afdeb027d0_590 .array/port v000001afdeb027d0, 590;
v000001afdeb027d0_591 .array/port v000001afdeb027d0, 591;
v000001afdeb027d0_592 .array/port v000001afdeb027d0, 592;
E_000001afdeb0c330/148 .event anyedge, v000001afdeb027d0_589, v000001afdeb027d0_590, v000001afdeb027d0_591, v000001afdeb027d0_592;
v000001afdeb027d0_593 .array/port v000001afdeb027d0, 593;
v000001afdeb027d0_594 .array/port v000001afdeb027d0, 594;
v000001afdeb027d0_595 .array/port v000001afdeb027d0, 595;
v000001afdeb027d0_596 .array/port v000001afdeb027d0, 596;
E_000001afdeb0c330/149 .event anyedge, v000001afdeb027d0_593, v000001afdeb027d0_594, v000001afdeb027d0_595, v000001afdeb027d0_596;
v000001afdeb027d0_597 .array/port v000001afdeb027d0, 597;
v000001afdeb027d0_598 .array/port v000001afdeb027d0, 598;
v000001afdeb027d0_599 .array/port v000001afdeb027d0, 599;
v000001afdeb027d0_600 .array/port v000001afdeb027d0, 600;
E_000001afdeb0c330/150 .event anyedge, v000001afdeb027d0_597, v000001afdeb027d0_598, v000001afdeb027d0_599, v000001afdeb027d0_600;
v000001afdeb027d0_601 .array/port v000001afdeb027d0, 601;
v000001afdeb027d0_602 .array/port v000001afdeb027d0, 602;
v000001afdeb027d0_603 .array/port v000001afdeb027d0, 603;
v000001afdeb027d0_604 .array/port v000001afdeb027d0, 604;
E_000001afdeb0c330/151 .event anyedge, v000001afdeb027d0_601, v000001afdeb027d0_602, v000001afdeb027d0_603, v000001afdeb027d0_604;
v000001afdeb027d0_605 .array/port v000001afdeb027d0, 605;
v000001afdeb027d0_606 .array/port v000001afdeb027d0, 606;
v000001afdeb027d0_607 .array/port v000001afdeb027d0, 607;
v000001afdeb027d0_608 .array/port v000001afdeb027d0, 608;
E_000001afdeb0c330/152 .event anyedge, v000001afdeb027d0_605, v000001afdeb027d0_606, v000001afdeb027d0_607, v000001afdeb027d0_608;
v000001afdeb027d0_609 .array/port v000001afdeb027d0, 609;
v000001afdeb027d0_610 .array/port v000001afdeb027d0, 610;
v000001afdeb027d0_611 .array/port v000001afdeb027d0, 611;
v000001afdeb027d0_612 .array/port v000001afdeb027d0, 612;
E_000001afdeb0c330/153 .event anyedge, v000001afdeb027d0_609, v000001afdeb027d0_610, v000001afdeb027d0_611, v000001afdeb027d0_612;
v000001afdeb027d0_613 .array/port v000001afdeb027d0, 613;
v000001afdeb027d0_614 .array/port v000001afdeb027d0, 614;
v000001afdeb027d0_615 .array/port v000001afdeb027d0, 615;
v000001afdeb027d0_616 .array/port v000001afdeb027d0, 616;
E_000001afdeb0c330/154 .event anyedge, v000001afdeb027d0_613, v000001afdeb027d0_614, v000001afdeb027d0_615, v000001afdeb027d0_616;
v000001afdeb027d0_617 .array/port v000001afdeb027d0, 617;
v000001afdeb027d0_618 .array/port v000001afdeb027d0, 618;
v000001afdeb027d0_619 .array/port v000001afdeb027d0, 619;
v000001afdeb027d0_620 .array/port v000001afdeb027d0, 620;
E_000001afdeb0c330/155 .event anyedge, v000001afdeb027d0_617, v000001afdeb027d0_618, v000001afdeb027d0_619, v000001afdeb027d0_620;
v000001afdeb027d0_621 .array/port v000001afdeb027d0, 621;
v000001afdeb027d0_622 .array/port v000001afdeb027d0, 622;
v000001afdeb027d0_623 .array/port v000001afdeb027d0, 623;
v000001afdeb027d0_624 .array/port v000001afdeb027d0, 624;
E_000001afdeb0c330/156 .event anyedge, v000001afdeb027d0_621, v000001afdeb027d0_622, v000001afdeb027d0_623, v000001afdeb027d0_624;
v000001afdeb027d0_625 .array/port v000001afdeb027d0, 625;
v000001afdeb027d0_626 .array/port v000001afdeb027d0, 626;
v000001afdeb027d0_627 .array/port v000001afdeb027d0, 627;
v000001afdeb027d0_628 .array/port v000001afdeb027d0, 628;
E_000001afdeb0c330/157 .event anyedge, v000001afdeb027d0_625, v000001afdeb027d0_626, v000001afdeb027d0_627, v000001afdeb027d0_628;
v000001afdeb027d0_629 .array/port v000001afdeb027d0, 629;
v000001afdeb027d0_630 .array/port v000001afdeb027d0, 630;
v000001afdeb027d0_631 .array/port v000001afdeb027d0, 631;
v000001afdeb027d0_632 .array/port v000001afdeb027d0, 632;
E_000001afdeb0c330/158 .event anyedge, v000001afdeb027d0_629, v000001afdeb027d0_630, v000001afdeb027d0_631, v000001afdeb027d0_632;
v000001afdeb027d0_633 .array/port v000001afdeb027d0, 633;
v000001afdeb027d0_634 .array/port v000001afdeb027d0, 634;
v000001afdeb027d0_635 .array/port v000001afdeb027d0, 635;
v000001afdeb027d0_636 .array/port v000001afdeb027d0, 636;
E_000001afdeb0c330/159 .event anyedge, v000001afdeb027d0_633, v000001afdeb027d0_634, v000001afdeb027d0_635, v000001afdeb027d0_636;
v000001afdeb027d0_637 .array/port v000001afdeb027d0, 637;
v000001afdeb027d0_638 .array/port v000001afdeb027d0, 638;
v000001afdeb027d0_639 .array/port v000001afdeb027d0, 639;
v000001afdeb027d0_640 .array/port v000001afdeb027d0, 640;
E_000001afdeb0c330/160 .event anyedge, v000001afdeb027d0_637, v000001afdeb027d0_638, v000001afdeb027d0_639, v000001afdeb027d0_640;
v000001afdeb027d0_641 .array/port v000001afdeb027d0, 641;
v000001afdeb027d0_642 .array/port v000001afdeb027d0, 642;
v000001afdeb027d0_643 .array/port v000001afdeb027d0, 643;
v000001afdeb027d0_644 .array/port v000001afdeb027d0, 644;
E_000001afdeb0c330/161 .event anyedge, v000001afdeb027d0_641, v000001afdeb027d0_642, v000001afdeb027d0_643, v000001afdeb027d0_644;
v000001afdeb027d0_645 .array/port v000001afdeb027d0, 645;
v000001afdeb027d0_646 .array/port v000001afdeb027d0, 646;
v000001afdeb027d0_647 .array/port v000001afdeb027d0, 647;
v000001afdeb027d0_648 .array/port v000001afdeb027d0, 648;
E_000001afdeb0c330/162 .event anyedge, v000001afdeb027d0_645, v000001afdeb027d0_646, v000001afdeb027d0_647, v000001afdeb027d0_648;
v000001afdeb027d0_649 .array/port v000001afdeb027d0, 649;
v000001afdeb027d0_650 .array/port v000001afdeb027d0, 650;
v000001afdeb027d0_651 .array/port v000001afdeb027d0, 651;
v000001afdeb027d0_652 .array/port v000001afdeb027d0, 652;
E_000001afdeb0c330/163 .event anyedge, v000001afdeb027d0_649, v000001afdeb027d0_650, v000001afdeb027d0_651, v000001afdeb027d0_652;
v000001afdeb027d0_653 .array/port v000001afdeb027d0, 653;
v000001afdeb027d0_654 .array/port v000001afdeb027d0, 654;
v000001afdeb027d0_655 .array/port v000001afdeb027d0, 655;
v000001afdeb027d0_656 .array/port v000001afdeb027d0, 656;
E_000001afdeb0c330/164 .event anyedge, v000001afdeb027d0_653, v000001afdeb027d0_654, v000001afdeb027d0_655, v000001afdeb027d0_656;
v000001afdeb027d0_657 .array/port v000001afdeb027d0, 657;
v000001afdeb027d0_658 .array/port v000001afdeb027d0, 658;
v000001afdeb027d0_659 .array/port v000001afdeb027d0, 659;
v000001afdeb027d0_660 .array/port v000001afdeb027d0, 660;
E_000001afdeb0c330/165 .event anyedge, v000001afdeb027d0_657, v000001afdeb027d0_658, v000001afdeb027d0_659, v000001afdeb027d0_660;
v000001afdeb027d0_661 .array/port v000001afdeb027d0, 661;
v000001afdeb027d0_662 .array/port v000001afdeb027d0, 662;
v000001afdeb027d0_663 .array/port v000001afdeb027d0, 663;
v000001afdeb027d0_664 .array/port v000001afdeb027d0, 664;
E_000001afdeb0c330/166 .event anyedge, v000001afdeb027d0_661, v000001afdeb027d0_662, v000001afdeb027d0_663, v000001afdeb027d0_664;
v000001afdeb027d0_665 .array/port v000001afdeb027d0, 665;
v000001afdeb027d0_666 .array/port v000001afdeb027d0, 666;
v000001afdeb027d0_667 .array/port v000001afdeb027d0, 667;
v000001afdeb027d0_668 .array/port v000001afdeb027d0, 668;
E_000001afdeb0c330/167 .event anyedge, v000001afdeb027d0_665, v000001afdeb027d0_666, v000001afdeb027d0_667, v000001afdeb027d0_668;
v000001afdeb027d0_669 .array/port v000001afdeb027d0, 669;
v000001afdeb027d0_670 .array/port v000001afdeb027d0, 670;
v000001afdeb027d0_671 .array/port v000001afdeb027d0, 671;
v000001afdeb027d0_672 .array/port v000001afdeb027d0, 672;
E_000001afdeb0c330/168 .event anyedge, v000001afdeb027d0_669, v000001afdeb027d0_670, v000001afdeb027d0_671, v000001afdeb027d0_672;
v000001afdeb027d0_673 .array/port v000001afdeb027d0, 673;
v000001afdeb027d0_674 .array/port v000001afdeb027d0, 674;
v000001afdeb027d0_675 .array/port v000001afdeb027d0, 675;
v000001afdeb027d0_676 .array/port v000001afdeb027d0, 676;
E_000001afdeb0c330/169 .event anyedge, v000001afdeb027d0_673, v000001afdeb027d0_674, v000001afdeb027d0_675, v000001afdeb027d0_676;
v000001afdeb027d0_677 .array/port v000001afdeb027d0, 677;
v000001afdeb027d0_678 .array/port v000001afdeb027d0, 678;
v000001afdeb027d0_679 .array/port v000001afdeb027d0, 679;
v000001afdeb027d0_680 .array/port v000001afdeb027d0, 680;
E_000001afdeb0c330/170 .event anyedge, v000001afdeb027d0_677, v000001afdeb027d0_678, v000001afdeb027d0_679, v000001afdeb027d0_680;
v000001afdeb027d0_681 .array/port v000001afdeb027d0, 681;
v000001afdeb027d0_682 .array/port v000001afdeb027d0, 682;
v000001afdeb027d0_683 .array/port v000001afdeb027d0, 683;
v000001afdeb027d0_684 .array/port v000001afdeb027d0, 684;
E_000001afdeb0c330/171 .event anyedge, v000001afdeb027d0_681, v000001afdeb027d0_682, v000001afdeb027d0_683, v000001afdeb027d0_684;
v000001afdeb027d0_685 .array/port v000001afdeb027d0, 685;
v000001afdeb027d0_686 .array/port v000001afdeb027d0, 686;
v000001afdeb027d0_687 .array/port v000001afdeb027d0, 687;
v000001afdeb027d0_688 .array/port v000001afdeb027d0, 688;
E_000001afdeb0c330/172 .event anyedge, v000001afdeb027d0_685, v000001afdeb027d0_686, v000001afdeb027d0_687, v000001afdeb027d0_688;
v000001afdeb027d0_689 .array/port v000001afdeb027d0, 689;
v000001afdeb027d0_690 .array/port v000001afdeb027d0, 690;
v000001afdeb027d0_691 .array/port v000001afdeb027d0, 691;
v000001afdeb027d0_692 .array/port v000001afdeb027d0, 692;
E_000001afdeb0c330/173 .event anyedge, v000001afdeb027d0_689, v000001afdeb027d0_690, v000001afdeb027d0_691, v000001afdeb027d0_692;
v000001afdeb027d0_693 .array/port v000001afdeb027d0, 693;
v000001afdeb027d0_694 .array/port v000001afdeb027d0, 694;
v000001afdeb027d0_695 .array/port v000001afdeb027d0, 695;
v000001afdeb027d0_696 .array/port v000001afdeb027d0, 696;
E_000001afdeb0c330/174 .event anyedge, v000001afdeb027d0_693, v000001afdeb027d0_694, v000001afdeb027d0_695, v000001afdeb027d0_696;
v000001afdeb027d0_697 .array/port v000001afdeb027d0, 697;
v000001afdeb027d0_698 .array/port v000001afdeb027d0, 698;
v000001afdeb027d0_699 .array/port v000001afdeb027d0, 699;
v000001afdeb027d0_700 .array/port v000001afdeb027d0, 700;
E_000001afdeb0c330/175 .event anyedge, v000001afdeb027d0_697, v000001afdeb027d0_698, v000001afdeb027d0_699, v000001afdeb027d0_700;
v000001afdeb027d0_701 .array/port v000001afdeb027d0, 701;
v000001afdeb027d0_702 .array/port v000001afdeb027d0, 702;
v000001afdeb027d0_703 .array/port v000001afdeb027d0, 703;
v000001afdeb027d0_704 .array/port v000001afdeb027d0, 704;
E_000001afdeb0c330/176 .event anyedge, v000001afdeb027d0_701, v000001afdeb027d0_702, v000001afdeb027d0_703, v000001afdeb027d0_704;
v000001afdeb027d0_705 .array/port v000001afdeb027d0, 705;
v000001afdeb027d0_706 .array/port v000001afdeb027d0, 706;
v000001afdeb027d0_707 .array/port v000001afdeb027d0, 707;
v000001afdeb027d0_708 .array/port v000001afdeb027d0, 708;
E_000001afdeb0c330/177 .event anyedge, v000001afdeb027d0_705, v000001afdeb027d0_706, v000001afdeb027d0_707, v000001afdeb027d0_708;
v000001afdeb027d0_709 .array/port v000001afdeb027d0, 709;
v000001afdeb027d0_710 .array/port v000001afdeb027d0, 710;
v000001afdeb027d0_711 .array/port v000001afdeb027d0, 711;
v000001afdeb027d0_712 .array/port v000001afdeb027d0, 712;
E_000001afdeb0c330/178 .event anyedge, v000001afdeb027d0_709, v000001afdeb027d0_710, v000001afdeb027d0_711, v000001afdeb027d0_712;
v000001afdeb027d0_713 .array/port v000001afdeb027d0, 713;
v000001afdeb027d0_714 .array/port v000001afdeb027d0, 714;
v000001afdeb027d0_715 .array/port v000001afdeb027d0, 715;
v000001afdeb027d0_716 .array/port v000001afdeb027d0, 716;
E_000001afdeb0c330/179 .event anyedge, v000001afdeb027d0_713, v000001afdeb027d0_714, v000001afdeb027d0_715, v000001afdeb027d0_716;
v000001afdeb027d0_717 .array/port v000001afdeb027d0, 717;
v000001afdeb027d0_718 .array/port v000001afdeb027d0, 718;
v000001afdeb027d0_719 .array/port v000001afdeb027d0, 719;
v000001afdeb027d0_720 .array/port v000001afdeb027d0, 720;
E_000001afdeb0c330/180 .event anyedge, v000001afdeb027d0_717, v000001afdeb027d0_718, v000001afdeb027d0_719, v000001afdeb027d0_720;
v000001afdeb027d0_721 .array/port v000001afdeb027d0, 721;
v000001afdeb027d0_722 .array/port v000001afdeb027d0, 722;
v000001afdeb027d0_723 .array/port v000001afdeb027d0, 723;
v000001afdeb027d0_724 .array/port v000001afdeb027d0, 724;
E_000001afdeb0c330/181 .event anyedge, v000001afdeb027d0_721, v000001afdeb027d0_722, v000001afdeb027d0_723, v000001afdeb027d0_724;
v000001afdeb027d0_725 .array/port v000001afdeb027d0, 725;
v000001afdeb027d0_726 .array/port v000001afdeb027d0, 726;
v000001afdeb027d0_727 .array/port v000001afdeb027d0, 727;
v000001afdeb027d0_728 .array/port v000001afdeb027d0, 728;
E_000001afdeb0c330/182 .event anyedge, v000001afdeb027d0_725, v000001afdeb027d0_726, v000001afdeb027d0_727, v000001afdeb027d0_728;
v000001afdeb027d0_729 .array/port v000001afdeb027d0, 729;
v000001afdeb027d0_730 .array/port v000001afdeb027d0, 730;
v000001afdeb027d0_731 .array/port v000001afdeb027d0, 731;
v000001afdeb027d0_732 .array/port v000001afdeb027d0, 732;
E_000001afdeb0c330/183 .event anyedge, v000001afdeb027d0_729, v000001afdeb027d0_730, v000001afdeb027d0_731, v000001afdeb027d0_732;
v000001afdeb027d0_733 .array/port v000001afdeb027d0, 733;
v000001afdeb027d0_734 .array/port v000001afdeb027d0, 734;
v000001afdeb027d0_735 .array/port v000001afdeb027d0, 735;
v000001afdeb027d0_736 .array/port v000001afdeb027d0, 736;
E_000001afdeb0c330/184 .event anyedge, v000001afdeb027d0_733, v000001afdeb027d0_734, v000001afdeb027d0_735, v000001afdeb027d0_736;
v000001afdeb027d0_737 .array/port v000001afdeb027d0, 737;
v000001afdeb027d0_738 .array/port v000001afdeb027d0, 738;
v000001afdeb027d0_739 .array/port v000001afdeb027d0, 739;
v000001afdeb027d0_740 .array/port v000001afdeb027d0, 740;
E_000001afdeb0c330/185 .event anyedge, v000001afdeb027d0_737, v000001afdeb027d0_738, v000001afdeb027d0_739, v000001afdeb027d0_740;
v000001afdeb027d0_741 .array/port v000001afdeb027d0, 741;
v000001afdeb027d0_742 .array/port v000001afdeb027d0, 742;
v000001afdeb027d0_743 .array/port v000001afdeb027d0, 743;
v000001afdeb027d0_744 .array/port v000001afdeb027d0, 744;
E_000001afdeb0c330/186 .event anyedge, v000001afdeb027d0_741, v000001afdeb027d0_742, v000001afdeb027d0_743, v000001afdeb027d0_744;
v000001afdeb027d0_745 .array/port v000001afdeb027d0, 745;
v000001afdeb027d0_746 .array/port v000001afdeb027d0, 746;
v000001afdeb027d0_747 .array/port v000001afdeb027d0, 747;
v000001afdeb027d0_748 .array/port v000001afdeb027d0, 748;
E_000001afdeb0c330/187 .event anyedge, v000001afdeb027d0_745, v000001afdeb027d0_746, v000001afdeb027d0_747, v000001afdeb027d0_748;
v000001afdeb027d0_749 .array/port v000001afdeb027d0, 749;
v000001afdeb027d0_750 .array/port v000001afdeb027d0, 750;
v000001afdeb027d0_751 .array/port v000001afdeb027d0, 751;
v000001afdeb027d0_752 .array/port v000001afdeb027d0, 752;
E_000001afdeb0c330/188 .event anyedge, v000001afdeb027d0_749, v000001afdeb027d0_750, v000001afdeb027d0_751, v000001afdeb027d0_752;
v000001afdeb027d0_753 .array/port v000001afdeb027d0, 753;
v000001afdeb027d0_754 .array/port v000001afdeb027d0, 754;
v000001afdeb027d0_755 .array/port v000001afdeb027d0, 755;
v000001afdeb027d0_756 .array/port v000001afdeb027d0, 756;
E_000001afdeb0c330/189 .event anyedge, v000001afdeb027d0_753, v000001afdeb027d0_754, v000001afdeb027d0_755, v000001afdeb027d0_756;
v000001afdeb027d0_757 .array/port v000001afdeb027d0, 757;
v000001afdeb027d0_758 .array/port v000001afdeb027d0, 758;
v000001afdeb027d0_759 .array/port v000001afdeb027d0, 759;
v000001afdeb027d0_760 .array/port v000001afdeb027d0, 760;
E_000001afdeb0c330/190 .event anyedge, v000001afdeb027d0_757, v000001afdeb027d0_758, v000001afdeb027d0_759, v000001afdeb027d0_760;
v000001afdeb027d0_761 .array/port v000001afdeb027d0, 761;
v000001afdeb027d0_762 .array/port v000001afdeb027d0, 762;
v000001afdeb027d0_763 .array/port v000001afdeb027d0, 763;
v000001afdeb027d0_764 .array/port v000001afdeb027d0, 764;
E_000001afdeb0c330/191 .event anyedge, v000001afdeb027d0_761, v000001afdeb027d0_762, v000001afdeb027d0_763, v000001afdeb027d0_764;
v000001afdeb027d0_765 .array/port v000001afdeb027d0, 765;
v000001afdeb027d0_766 .array/port v000001afdeb027d0, 766;
v000001afdeb027d0_767 .array/port v000001afdeb027d0, 767;
v000001afdeb027d0_768 .array/port v000001afdeb027d0, 768;
E_000001afdeb0c330/192 .event anyedge, v000001afdeb027d0_765, v000001afdeb027d0_766, v000001afdeb027d0_767, v000001afdeb027d0_768;
v000001afdeb027d0_769 .array/port v000001afdeb027d0, 769;
v000001afdeb027d0_770 .array/port v000001afdeb027d0, 770;
v000001afdeb027d0_771 .array/port v000001afdeb027d0, 771;
v000001afdeb027d0_772 .array/port v000001afdeb027d0, 772;
E_000001afdeb0c330/193 .event anyedge, v000001afdeb027d0_769, v000001afdeb027d0_770, v000001afdeb027d0_771, v000001afdeb027d0_772;
v000001afdeb027d0_773 .array/port v000001afdeb027d0, 773;
v000001afdeb027d0_774 .array/port v000001afdeb027d0, 774;
v000001afdeb027d0_775 .array/port v000001afdeb027d0, 775;
v000001afdeb027d0_776 .array/port v000001afdeb027d0, 776;
E_000001afdeb0c330/194 .event anyedge, v000001afdeb027d0_773, v000001afdeb027d0_774, v000001afdeb027d0_775, v000001afdeb027d0_776;
v000001afdeb027d0_777 .array/port v000001afdeb027d0, 777;
v000001afdeb027d0_778 .array/port v000001afdeb027d0, 778;
v000001afdeb027d0_779 .array/port v000001afdeb027d0, 779;
v000001afdeb027d0_780 .array/port v000001afdeb027d0, 780;
E_000001afdeb0c330/195 .event anyedge, v000001afdeb027d0_777, v000001afdeb027d0_778, v000001afdeb027d0_779, v000001afdeb027d0_780;
v000001afdeb027d0_781 .array/port v000001afdeb027d0, 781;
v000001afdeb027d0_782 .array/port v000001afdeb027d0, 782;
v000001afdeb027d0_783 .array/port v000001afdeb027d0, 783;
v000001afdeb027d0_784 .array/port v000001afdeb027d0, 784;
E_000001afdeb0c330/196 .event anyedge, v000001afdeb027d0_781, v000001afdeb027d0_782, v000001afdeb027d0_783, v000001afdeb027d0_784;
v000001afdeb027d0_785 .array/port v000001afdeb027d0, 785;
v000001afdeb027d0_786 .array/port v000001afdeb027d0, 786;
v000001afdeb027d0_787 .array/port v000001afdeb027d0, 787;
v000001afdeb027d0_788 .array/port v000001afdeb027d0, 788;
E_000001afdeb0c330/197 .event anyedge, v000001afdeb027d0_785, v000001afdeb027d0_786, v000001afdeb027d0_787, v000001afdeb027d0_788;
v000001afdeb027d0_789 .array/port v000001afdeb027d0, 789;
v000001afdeb027d0_790 .array/port v000001afdeb027d0, 790;
v000001afdeb027d0_791 .array/port v000001afdeb027d0, 791;
v000001afdeb027d0_792 .array/port v000001afdeb027d0, 792;
E_000001afdeb0c330/198 .event anyedge, v000001afdeb027d0_789, v000001afdeb027d0_790, v000001afdeb027d0_791, v000001afdeb027d0_792;
v000001afdeb027d0_793 .array/port v000001afdeb027d0, 793;
v000001afdeb027d0_794 .array/port v000001afdeb027d0, 794;
v000001afdeb027d0_795 .array/port v000001afdeb027d0, 795;
v000001afdeb027d0_796 .array/port v000001afdeb027d0, 796;
E_000001afdeb0c330/199 .event anyedge, v000001afdeb027d0_793, v000001afdeb027d0_794, v000001afdeb027d0_795, v000001afdeb027d0_796;
v000001afdeb027d0_797 .array/port v000001afdeb027d0, 797;
v000001afdeb027d0_798 .array/port v000001afdeb027d0, 798;
v000001afdeb027d0_799 .array/port v000001afdeb027d0, 799;
v000001afdeb027d0_800 .array/port v000001afdeb027d0, 800;
E_000001afdeb0c330/200 .event anyedge, v000001afdeb027d0_797, v000001afdeb027d0_798, v000001afdeb027d0_799, v000001afdeb027d0_800;
v000001afdeb027d0_801 .array/port v000001afdeb027d0, 801;
v000001afdeb027d0_802 .array/port v000001afdeb027d0, 802;
v000001afdeb027d0_803 .array/port v000001afdeb027d0, 803;
v000001afdeb027d0_804 .array/port v000001afdeb027d0, 804;
E_000001afdeb0c330/201 .event anyedge, v000001afdeb027d0_801, v000001afdeb027d0_802, v000001afdeb027d0_803, v000001afdeb027d0_804;
v000001afdeb027d0_805 .array/port v000001afdeb027d0, 805;
v000001afdeb027d0_806 .array/port v000001afdeb027d0, 806;
v000001afdeb027d0_807 .array/port v000001afdeb027d0, 807;
v000001afdeb027d0_808 .array/port v000001afdeb027d0, 808;
E_000001afdeb0c330/202 .event anyedge, v000001afdeb027d0_805, v000001afdeb027d0_806, v000001afdeb027d0_807, v000001afdeb027d0_808;
v000001afdeb027d0_809 .array/port v000001afdeb027d0, 809;
v000001afdeb027d0_810 .array/port v000001afdeb027d0, 810;
v000001afdeb027d0_811 .array/port v000001afdeb027d0, 811;
v000001afdeb027d0_812 .array/port v000001afdeb027d0, 812;
E_000001afdeb0c330/203 .event anyedge, v000001afdeb027d0_809, v000001afdeb027d0_810, v000001afdeb027d0_811, v000001afdeb027d0_812;
v000001afdeb027d0_813 .array/port v000001afdeb027d0, 813;
v000001afdeb027d0_814 .array/port v000001afdeb027d0, 814;
v000001afdeb027d0_815 .array/port v000001afdeb027d0, 815;
v000001afdeb027d0_816 .array/port v000001afdeb027d0, 816;
E_000001afdeb0c330/204 .event anyedge, v000001afdeb027d0_813, v000001afdeb027d0_814, v000001afdeb027d0_815, v000001afdeb027d0_816;
v000001afdeb027d0_817 .array/port v000001afdeb027d0, 817;
v000001afdeb027d0_818 .array/port v000001afdeb027d0, 818;
v000001afdeb027d0_819 .array/port v000001afdeb027d0, 819;
v000001afdeb027d0_820 .array/port v000001afdeb027d0, 820;
E_000001afdeb0c330/205 .event anyedge, v000001afdeb027d0_817, v000001afdeb027d0_818, v000001afdeb027d0_819, v000001afdeb027d0_820;
v000001afdeb027d0_821 .array/port v000001afdeb027d0, 821;
v000001afdeb027d0_822 .array/port v000001afdeb027d0, 822;
v000001afdeb027d0_823 .array/port v000001afdeb027d0, 823;
v000001afdeb027d0_824 .array/port v000001afdeb027d0, 824;
E_000001afdeb0c330/206 .event anyedge, v000001afdeb027d0_821, v000001afdeb027d0_822, v000001afdeb027d0_823, v000001afdeb027d0_824;
v000001afdeb027d0_825 .array/port v000001afdeb027d0, 825;
v000001afdeb027d0_826 .array/port v000001afdeb027d0, 826;
v000001afdeb027d0_827 .array/port v000001afdeb027d0, 827;
v000001afdeb027d0_828 .array/port v000001afdeb027d0, 828;
E_000001afdeb0c330/207 .event anyedge, v000001afdeb027d0_825, v000001afdeb027d0_826, v000001afdeb027d0_827, v000001afdeb027d0_828;
v000001afdeb027d0_829 .array/port v000001afdeb027d0, 829;
v000001afdeb027d0_830 .array/port v000001afdeb027d0, 830;
v000001afdeb027d0_831 .array/port v000001afdeb027d0, 831;
v000001afdeb027d0_832 .array/port v000001afdeb027d0, 832;
E_000001afdeb0c330/208 .event anyedge, v000001afdeb027d0_829, v000001afdeb027d0_830, v000001afdeb027d0_831, v000001afdeb027d0_832;
v000001afdeb027d0_833 .array/port v000001afdeb027d0, 833;
v000001afdeb027d0_834 .array/port v000001afdeb027d0, 834;
v000001afdeb027d0_835 .array/port v000001afdeb027d0, 835;
v000001afdeb027d0_836 .array/port v000001afdeb027d0, 836;
E_000001afdeb0c330/209 .event anyedge, v000001afdeb027d0_833, v000001afdeb027d0_834, v000001afdeb027d0_835, v000001afdeb027d0_836;
v000001afdeb027d0_837 .array/port v000001afdeb027d0, 837;
v000001afdeb027d0_838 .array/port v000001afdeb027d0, 838;
v000001afdeb027d0_839 .array/port v000001afdeb027d0, 839;
v000001afdeb027d0_840 .array/port v000001afdeb027d0, 840;
E_000001afdeb0c330/210 .event anyedge, v000001afdeb027d0_837, v000001afdeb027d0_838, v000001afdeb027d0_839, v000001afdeb027d0_840;
v000001afdeb027d0_841 .array/port v000001afdeb027d0, 841;
v000001afdeb027d0_842 .array/port v000001afdeb027d0, 842;
v000001afdeb027d0_843 .array/port v000001afdeb027d0, 843;
v000001afdeb027d0_844 .array/port v000001afdeb027d0, 844;
E_000001afdeb0c330/211 .event anyedge, v000001afdeb027d0_841, v000001afdeb027d0_842, v000001afdeb027d0_843, v000001afdeb027d0_844;
v000001afdeb027d0_845 .array/port v000001afdeb027d0, 845;
v000001afdeb027d0_846 .array/port v000001afdeb027d0, 846;
v000001afdeb027d0_847 .array/port v000001afdeb027d0, 847;
v000001afdeb027d0_848 .array/port v000001afdeb027d0, 848;
E_000001afdeb0c330/212 .event anyedge, v000001afdeb027d0_845, v000001afdeb027d0_846, v000001afdeb027d0_847, v000001afdeb027d0_848;
v000001afdeb027d0_849 .array/port v000001afdeb027d0, 849;
v000001afdeb027d0_850 .array/port v000001afdeb027d0, 850;
v000001afdeb027d0_851 .array/port v000001afdeb027d0, 851;
v000001afdeb027d0_852 .array/port v000001afdeb027d0, 852;
E_000001afdeb0c330/213 .event anyedge, v000001afdeb027d0_849, v000001afdeb027d0_850, v000001afdeb027d0_851, v000001afdeb027d0_852;
v000001afdeb027d0_853 .array/port v000001afdeb027d0, 853;
v000001afdeb027d0_854 .array/port v000001afdeb027d0, 854;
v000001afdeb027d0_855 .array/port v000001afdeb027d0, 855;
v000001afdeb027d0_856 .array/port v000001afdeb027d0, 856;
E_000001afdeb0c330/214 .event anyedge, v000001afdeb027d0_853, v000001afdeb027d0_854, v000001afdeb027d0_855, v000001afdeb027d0_856;
v000001afdeb027d0_857 .array/port v000001afdeb027d0, 857;
v000001afdeb027d0_858 .array/port v000001afdeb027d0, 858;
v000001afdeb027d0_859 .array/port v000001afdeb027d0, 859;
v000001afdeb027d0_860 .array/port v000001afdeb027d0, 860;
E_000001afdeb0c330/215 .event anyedge, v000001afdeb027d0_857, v000001afdeb027d0_858, v000001afdeb027d0_859, v000001afdeb027d0_860;
v000001afdeb027d0_861 .array/port v000001afdeb027d0, 861;
v000001afdeb027d0_862 .array/port v000001afdeb027d0, 862;
v000001afdeb027d0_863 .array/port v000001afdeb027d0, 863;
v000001afdeb027d0_864 .array/port v000001afdeb027d0, 864;
E_000001afdeb0c330/216 .event anyedge, v000001afdeb027d0_861, v000001afdeb027d0_862, v000001afdeb027d0_863, v000001afdeb027d0_864;
v000001afdeb027d0_865 .array/port v000001afdeb027d0, 865;
v000001afdeb027d0_866 .array/port v000001afdeb027d0, 866;
v000001afdeb027d0_867 .array/port v000001afdeb027d0, 867;
v000001afdeb027d0_868 .array/port v000001afdeb027d0, 868;
E_000001afdeb0c330/217 .event anyedge, v000001afdeb027d0_865, v000001afdeb027d0_866, v000001afdeb027d0_867, v000001afdeb027d0_868;
v000001afdeb027d0_869 .array/port v000001afdeb027d0, 869;
v000001afdeb027d0_870 .array/port v000001afdeb027d0, 870;
v000001afdeb027d0_871 .array/port v000001afdeb027d0, 871;
v000001afdeb027d0_872 .array/port v000001afdeb027d0, 872;
E_000001afdeb0c330/218 .event anyedge, v000001afdeb027d0_869, v000001afdeb027d0_870, v000001afdeb027d0_871, v000001afdeb027d0_872;
v000001afdeb027d0_873 .array/port v000001afdeb027d0, 873;
v000001afdeb027d0_874 .array/port v000001afdeb027d0, 874;
v000001afdeb027d0_875 .array/port v000001afdeb027d0, 875;
v000001afdeb027d0_876 .array/port v000001afdeb027d0, 876;
E_000001afdeb0c330/219 .event anyedge, v000001afdeb027d0_873, v000001afdeb027d0_874, v000001afdeb027d0_875, v000001afdeb027d0_876;
v000001afdeb027d0_877 .array/port v000001afdeb027d0, 877;
v000001afdeb027d0_878 .array/port v000001afdeb027d0, 878;
v000001afdeb027d0_879 .array/port v000001afdeb027d0, 879;
v000001afdeb027d0_880 .array/port v000001afdeb027d0, 880;
E_000001afdeb0c330/220 .event anyedge, v000001afdeb027d0_877, v000001afdeb027d0_878, v000001afdeb027d0_879, v000001afdeb027d0_880;
v000001afdeb027d0_881 .array/port v000001afdeb027d0, 881;
v000001afdeb027d0_882 .array/port v000001afdeb027d0, 882;
v000001afdeb027d0_883 .array/port v000001afdeb027d0, 883;
v000001afdeb027d0_884 .array/port v000001afdeb027d0, 884;
E_000001afdeb0c330/221 .event anyedge, v000001afdeb027d0_881, v000001afdeb027d0_882, v000001afdeb027d0_883, v000001afdeb027d0_884;
v000001afdeb027d0_885 .array/port v000001afdeb027d0, 885;
v000001afdeb027d0_886 .array/port v000001afdeb027d0, 886;
v000001afdeb027d0_887 .array/port v000001afdeb027d0, 887;
v000001afdeb027d0_888 .array/port v000001afdeb027d0, 888;
E_000001afdeb0c330/222 .event anyedge, v000001afdeb027d0_885, v000001afdeb027d0_886, v000001afdeb027d0_887, v000001afdeb027d0_888;
v000001afdeb027d0_889 .array/port v000001afdeb027d0, 889;
v000001afdeb027d0_890 .array/port v000001afdeb027d0, 890;
v000001afdeb027d0_891 .array/port v000001afdeb027d0, 891;
v000001afdeb027d0_892 .array/port v000001afdeb027d0, 892;
E_000001afdeb0c330/223 .event anyedge, v000001afdeb027d0_889, v000001afdeb027d0_890, v000001afdeb027d0_891, v000001afdeb027d0_892;
v000001afdeb027d0_893 .array/port v000001afdeb027d0, 893;
v000001afdeb027d0_894 .array/port v000001afdeb027d0, 894;
v000001afdeb027d0_895 .array/port v000001afdeb027d0, 895;
v000001afdeb027d0_896 .array/port v000001afdeb027d0, 896;
E_000001afdeb0c330/224 .event anyedge, v000001afdeb027d0_893, v000001afdeb027d0_894, v000001afdeb027d0_895, v000001afdeb027d0_896;
v000001afdeb027d0_897 .array/port v000001afdeb027d0, 897;
v000001afdeb027d0_898 .array/port v000001afdeb027d0, 898;
v000001afdeb027d0_899 .array/port v000001afdeb027d0, 899;
v000001afdeb027d0_900 .array/port v000001afdeb027d0, 900;
E_000001afdeb0c330/225 .event anyedge, v000001afdeb027d0_897, v000001afdeb027d0_898, v000001afdeb027d0_899, v000001afdeb027d0_900;
v000001afdeb027d0_901 .array/port v000001afdeb027d0, 901;
v000001afdeb027d0_902 .array/port v000001afdeb027d0, 902;
v000001afdeb027d0_903 .array/port v000001afdeb027d0, 903;
v000001afdeb027d0_904 .array/port v000001afdeb027d0, 904;
E_000001afdeb0c330/226 .event anyedge, v000001afdeb027d0_901, v000001afdeb027d0_902, v000001afdeb027d0_903, v000001afdeb027d0_904;
v000001afdeb027d0_905 .array/port v000001afdeb027d0, 905;
v000001afdeb027d0_906 .array/port v000001afdeb027d0, 906;
v000001afdeb027d0_907 .array/port v000001afdeb027d0, 907;
v000001afdeb027d0_908 .array/port v000001afdeb027d0, 908;
E_000001afdeb0c330/227 .event anyedge, v000001afdeb027d0_905, v000001afdeb027d0_906, v000001afdeb027d0_907, v000001afdeb027d0_908;
v000001afdeb027d0_909 .array/port v000001afdeb027d0, 909;
v000001afdeb027d0_910 .array/port v000001afdeb027d0, 910;
v000001afdeb027d0_911 .array/port v000001afdeb027d0, 911;
v000001afdeb027d0_912 .array/port v000001afdeb027d0, 912;
E_000001afdeb0c330/228 .event anyedge, v000001afdeb027d0_909, v000001afdeb027d0_910, v000001afdeb027d0_911, v000001afdeb027d0_912;
v000001afdeb027d0_913 .array/port v000001afdeb027d0, 913;
v000001afdeb027d0_914 .array/port v000001afdeb027d0, 914;
v000001afdeb027d0_915 .array/port v000001afdeb027d0, 915;
v000001afdeb027d0_916 .array/port v000001afdeb027d0, 916;
E_000001afdeb0c330/229 .event anyedge, v000001afdeb027d0_913, v000001afdeb027d0_914, v000001afdeb027d0_915, v000001afdeb027d0_916;
v000001afdeb027d0_917 .array/port v000001afdeb027d0, 917;
v000001afdeb027d0_918 .array/port v000001afdeb027d0, 918;
v000001afdeb027d0_919 .array/port v000001afdeb027d0, 919;
v000001afdeb027d0_920 .array/port v000001afdeb027d0, 920;
E_000001afdeb0c330/230 .event anyedge, v000001afdeb027d0_917, v000001afdeb027d0_918, v000001afdeb027d0_919, v000001afdeb027d0_920;
v000001afdeb027d0_921 .array/port v000001afdeb027d0, 921;
v000001afdeb027d0_922 .array/port v000001afdeb027d0, 922;
v000001afdeb027d0_923 .array/port v000001afdeb027d0, 923;
v000001afdeb027d0_924 .array/port v000001afdeb027d0, 924;
E_000001afdeb0c330/231 .event anyedge, v000001afdeb027d0_921, v000001afdeb027d0_922, v000001afdeb027d0_923, v000001afdeb027d0_924;
v000001afdeb027d0_925 .array/port v000001afdeb027d0, 925;
v000001afdeb027d0_926 .array/port v000001afdeb027d0, 926;
v000001afdeb027d0_927 .array/port v000001afdeb027d0, 927;
v000001afdeb027d0_928 .array/port v000001afdeb027d0, 928;
E_000001afdeb0c330/232 .event anyedge, v000001afdeb027d0_925, v000001afdeb027d0_926, v000001afdeb027d0_927, v000001afdeb027d0_928;
v000001afdeb027d0_929 .array/port v000001afdeb027d0, 929;
v000001afdeb027d0_930 .array/port v000001afdeb027d0, 930;
v000001afdeb027d0_931 .array/port v000001afdeb027d0, 931;
v000001afdeb027d0_932 .array/port v000001afdeb027d0, 932;
E_000001afdeb0c330/233 .event anyedge, v000001afdeb027d0_929, v000001afdeb027d0_930, v000001afdeb027d0_931, v000001afdeb027d0_932;
v000001afdeb027d0_933 .array/port v000001afdeb027d0, 933;
v000001afdeb027d0_934 .array/port v000001afdeb027d0, 934;
v000001afdeb027d0_935 .array/port v000001afdeb027d0, 935;
v000001afdeb027d0_936 .array/port v000001afdeb027d0, 936;
E_000001afdeb0c330/234 .event anyedge, v000001afdeb027d0_933, v000001afdeb027d0_934, v000001afdeb027d0_935, v000001afdeb027d0_936;
v000001afdeb027d0_937 .array/port v000001afdeb027d0, 937;
v000001afdeb027d0_938 .array/port v000001afdeb027d0, 938;
v000001afdeb027d0_939 .array/port v000001afdeb027d0, 939;
v000001afdeb027d0_940 .array/port v000001afdeb027d0, 940;
E_000001afdeb0c330/235 .event anyedge, v000001afdeb027d0_937, v000001afdeb027d0_938, v000001afdeb027d0_939, v000001afdeb027d0_940;
v000001afdeb027d0_941 .array/port v000001afdeb027d0, 941;
v000001afdeb027d0_942 .array/port v000001afdeb027d0, 942;
v000001afdeb027d0_943 .array/port v000001afdeb027d0, 943;
v000001afdeb027d0_944 .array/port v000001afdeb027d0, 944;
E_000001afdeb0c330/236 .event anyedge, v000001afdeb027d0_941, v000001afdeb027d0_942, v000001afdeb027d0_943, v000001afdeb027d0_944;
v000001afdeb027d0_945 .array/port v000001afdeb027d0, 945;
v000001afdeb027d0_946 .array/port v000001afdeb027d0, 946;
v000001afdeb027d0_947 .array/port v000001afdeb027d0, 947;
v000001afdeb027d0_948 .array/port v000001afdeb027d0, 948;
E_000001afdeb0c330/237 .event anyedge, v000001afdeb027d0_945, v000001afdeb027d0_946, v000001afdeb027d0_947, v000001afdeb027d0_948;
v000001afdeb027d0_949 .array/port v000001afdeb027d0, 949;
v000001afdeb027d0_950 .array/port v000001afdeb027d0, 950;
v000001afdeb027d0_951 .array/port v000001afdeb027d0, 951;
v000001afdeb027d0_952 .array/port v000001afdeb027d0, 952;
E_000001afdeb0c330/238 .event anyedge, v000001afdeb027d0_949, v000001afdeb027d0_950, v000001afdeb027d0_951, v000001afdeb027d0_952;
v000001afdeb027d0_953 .array/port v000001afdeb027d0, 953;
v000001afdeb027d0_954 .array/port v000001afdeb027d0, 954;
v000001afdeb027d0_955 .array/port v000001afdeb027d0, 955;
v000001afdeb027d0_956 .array/port v000001afdeb027d0, 956;
E_000001afdeb0c330/239 .event anyedge, v000001afdeb027d0_953, v000001afdeb027d0_954, v000001afdeb027d0_955, v000001afdeb027d0_956;
v000001afdeb027d0_957 .array/port v000001afdeb027d0, 957;
v000001afdeb027d0_958 .array/port v000001afdeb027d0, 958;
v000001afdeb027d0_959 .array/port v000001afdeb027d0, 959;
v000001afdeb027d0_960 .array/port v000001afdeb027d0, 960;
E_000001afdeb0c330/240 .event anyedge, v000001afdeb027d0_957, v000001afdeb027d0_958, v000001afdeb027d0_959, v000001afdeb027d0_960;
v000001afdeb027d0_961 .array/port v000001afdeb027d0, 961;
v000001afdeb027d0_962 .array/port v000001afdeb027d0, 962;
v000001afdeb027d0_963 .array/port v000001afdeb027d0, 963;
v000001afdeb027d0_964 .array/port v000001afdeb027d0, 964;
E_000001afdeb0c330/241 .event anyedge, v000001afdeb027d0_961, v000001afdeb027d0_962, v000001afdeb027d0_963, v000001afdeb027d0_964;
v000001afdeb027d0_965 .array/port v000001afdeb027d0, 965;
v000001afdeb027d0_966 .array/port v000001afdeb027d0, 966;
v000001afdeb027d0_967 .array/port v000001afdeb027d0, 967;
v000001afdeb027d0_968 .array/port v000001afdeb027d0, 968;
E_000001afdeb0c330/242 .event anyedge, v000001afdeb027d0_965, v000001afdeb027d0_966, v000001afdeb027d0_967, v000001afdeb027d0_968;
v000001afdeb027d0_969 .array/port v000001afdeb027d0, 969;
v000001afdeb027d0_970 .array/port v000001afdeb027d0, 970;
v000001afdeb027d0_971 .array/port v000001afdeb027d0, 971;
v000001afdeb027d0_972 .array/port v000001afdeb027d0, 972;
E_000001afdeb0c330/243 .event anyedge, v000001afdeb027d0_969, v000001afdeb027d0_970, v000001afdeb027d0_971, v000001afdeb027d0_972;
v000001afdeb027d0_973 .array/port v000001afdeb027d0, 973;
v000001afdeb027d0_974 .array/port v000001afdeb027d0, 974;
v000001afdeb027d0_975 .array/port v000001afdeb027d0, 975;
v000001afdeb027d0_976 .array/port v000001afdeb027d0, 976;
E_000001afdeb0c330/244 .event anyedge, v000001afdeb027d0_973, v000001afdeb027d0_974, v000001afdeb027d0_975, v000001afdeb027d0_976;
v000001afdeb027d0_977 .array/port v000001afdeb027d0, 977;
v000001afdeb027d0_978 .array/port v000001afdeb027d0, 978;
v000001afdeb027d0_979 .array/port v000001afdeb027d0, 979;
v000001afdeb027d0_980 .array/port v000001afdeb027d0, 980;
E_000001afdeb0c330/245 .event anyedge, v000001afdeb027d0_977, v000001afdeb027d0_978, v000001afdeb027d0_979, v000001afdeb027d0_980;
v000001afdeb027d0_981 .array/port v000001afdeb027d0, 981;
v000001afdeb027d0_982 .array/port v000001afdeb027d0, 982;
v000001afdeb027d0_983 .array/port v000001afdeb027d0, 983;
v000001afdeb027d0_984 .array/port v000001afdeb027d0, 984;
E_000001afdeb0c330/246 .event anyedge, v000001afdeb027d0_981, v000001afdeb027d0_982, v000001afdeb027d0_983, v000001afdeb027d0_984;
v000001afdeb027d0_985 .array/port v000001afdeb027d0, 985;
v000001afdeb027d0_986 .array/port v000001afdeb027d0, 986;
v000001afdeb027d0_987 .array/port v000001afdeb027d0, 987;
v000001afdeb027d0_988 .array/port v000001afdeb027d0, 988;
E_000001afdeb0c330/247 .event anyedge, v000001afdeb027d0_985, v000001afdeb027d0_986, v000001afdeb027d0_987, v000001afdeb027d0_988;
v000001afdeb027d0_989 .array/port v000001afdeb027d0, 989;
v000001afdeb027d0_990 .array/port v000001afdeb027d0, 990;
v000001afdeb027d0_991 .array/port v000001afdeb027d0, 991;
v000001afdeb027d0_992 .array/port v000001afdeb027d0, 992;
E_000001afdeb0c330/248 .event anyedge, v000001afdeb027d0_989, v000001afdeb027d0_990, v000001afdeb027d0_991, v000001afdeb027d0_992;
v000001afdeb027d0_993 .array/port v000001afdeb027d0, 993;
v000001afdeb027d0_994 .array/port v000001afdeb027d0, 994;
v000001afdeb027d0_995 .array/port v000001afdeb027d0, 995;
v000001afdeb027d0_996 .array/port v000001afdeb027d0, 996;
E_000001afdeb0c330/249 .event anyedge, v000001afdeb027d0_993, v000001afdeb027d0_994, v000001afdeb027d0_995, v000001afdeb027d0_996;
v000001afdeb027d0_997 .array/port v000001afdeb027d0, 997;
v000001afdeb027d0_998 .array/port v000001afdeb027d0, 998;
v000001afdeb027d0_999 .array/port v000001afdeb027d0, 999;
v000001afdeb027d0_1000 .array/port v000001afdeb027d0, 1000;
E_000001afdeb0c330/250 .event anyedge, v000001afdeb027d0_997, v000001afdeb027d0_998, v000001afdeb027d0_999, v000001afdeb027d0_1000;
v000001afdeb027d0_1001 .array/port v000001afdeb027d0, 1001;
v000001afdeb027d0_1002 .array/port v000001afdeb027d0, 1002;
v000001afdeb027d0_1003 .array/port v000001afdeb027d0, 1003;
v000001afdeb027d0_1004 .array/port v000001afdeb027d0, 1004;
E_000001afdeb0c330/251 .event anyedge, v000001afdeb027d0_1001, v000001afdeb027d0_1002, v000001afdeb027d0_1003, v000001afdeb027d0_1004;
v000001afdeb027d0_1005 .array/port v000001afdeb027d0, 1005;
v000001afdeb027d0_1006 .array/port v000001afdeb027d0, 1006;
v000001afdeb027d0_1007 .array/port v000001afdeb027d0, 1007;
v000001afdeb027d0_1008 .array/port v000001afdeb027d0, 1008;
E_000001afdeb0c330/252 .event anyedge, v000001afdeb027d0_1005, v000001afdeb027d0_1006, v000001afdeb027d0_1007, v000001afdeb027d0_1008;
v000001afdeb027d0_1009 .array/port v000001afdeb027d0, 1009;
v000001afdeb027d0_1010 .array/port v000001afdeb027d0, 1010;
v000001afdeb027d0_1011 .array/port v000001afdeb027d0, 1011;
v000001afdeb027d0_1012 .array/port v000001afdeb027d0, 1012;
E_000001afdeb0c330/253 .event anyedge, v000001afdeb027d0_1009, v000001afdeb027d0_1010, v000001afdeb027d0_1011, v000001afdeb027d0_1012;
v000001afdeb027d0_1013 .array/port v000001afdeb027d0, 1013;
v000001afdeb027d0_1014 .array/port v000001afdeb027d0, 1014;
v000001afdeb027d0_1015 .array/port v000001afdeb027d0, 1015;
v000001afdeb027d0_1016 .array/port v000001afdeb027d0, 1016;
E_000001afdeb0c330/254 .event anyedge, v000001afdeb027d0_1013, v000001afdeb027d0_1014, v000001afdeb027d0_1015, v000001afdeb027d0_1016;
v000001afdeb027d0_1017 .array/port v000001afdeb027d0, 1017;
v000001afdeb027d0_1018 .array/port v000001afdeb027d0, 1018;
v000001afdeb027d0_1019 .array/port v000001afdeb027d0, 1019;
v000001afdeb027d0_1020 .array/port v000001afdeb027d0, 1020;
E_000001afdeb0c330/255 .event anyedge, v000001afdeb027d0_1017, v000001afdeb027d0_1018, v000001afdeb027d0_1019, v000001afdeb027d0_1020;
v000001afdeb027d0_1021 .array/port v000001afdeb027d0, 1021;
v000001afdeb027d0_1022 .array/port v000001afdeb027d0, 1022;
v000001afdeb027d0_1023 .array/port v000001afdeb027d0, 1023;
E_000001afdeb0c330/256 .event anyedge, v000001afdeb027d0_1021, v000001afdeb027d0_1022, v000001afdeb027d0_1023;
E_000001afdeb0c330 .event/or E_000001afdeb0c330/0, E_000001afdeb0c330/1, E_000001afdeb0c330/2, E_000001afdeb0c330/3, E_000001afdeb0c330/4, E_000001afdeb0c330/5, E_000001afdeb0c330/6, E_000001afdeb0c330/7, E_000001afdeb0c330/8, E_000001afdeb0c330/9, E_000001afdeb0c330/10, E_000001afdeb0c330/11, E_000001afdeb0c330/12, E_000001afdeb0c330/13, E_000001afdeb0c330/14, E_000001afdeb0c330/15, E_000001afdeb0c330/16, E_000001afdeb0c330/17, E_000001afdeb0c330/18, E_000001afdeb0c330/19, E_000001afdeb0c330/20, E_000001afdeb0c330/21, E_000001afdeb0c330/22, E_000001afdeb0c330/23, E_000001afdeb0c330/24, E_000001afdeb0c330/25, E_000001afdeb0c330/26, E_000001afdeb0c330/27, E_000001afdeb0c330/28, E_000001afdeb0c330/29, E_000001afdeb0c330/30, E_000001afdeb0c330/31, E_000001afdeb0c330/32, E_000001afdeb0c330/33, E_000001afdeb0c330/34, E_000001afdeb0c330/35, E_000001afdeb0c330/36, E_000001afdeb0c330/37, E_000001afdeb0c330/38, E_000001afdeb0c330/39, E_000001afdeb0c330/40, E_000001afdeb0c330/41, E_000001afdeb0c330/42, E_000001afdeb0c330/43, E_000001afdeb0c330/44, E_000001afdeb0c330/45, E_000001afdeb0c330/46, E_000001afdeb0c330/47, E_000001afdeb0c330/48, E_000001afdeb0c330/49, E_000001afdeb0c330/50, E_000001afdeb0c330/51, E_000001afdeb0c330/52, E_000001afdeb0c330/53, E_000001afdeb0c330/54, E_000001afdeb0c330/55, E_000001afdeb0c330/56, E_000001afdeb0c330/57, E_000001afdeb0c330/58, E_000001afdeb0c330/59, E_000001afdeb0c330/60, E_000001afdeb0c330/61, E_000001afdeb0c330/62, E_000001afdeb0c330/63, E_000001afdeb0c330/64, E_000001afdeb0c330/65, E_000001afdeb0c330/66, E_000001afdeb0c330/67, E_000001afdeb0c330/68, E_000001afdeb0c330/69, E_000001afdeb0c330/70, E_000001afdeb0c330/71, E_000001afdeb0c330/72, E_000001afdeb0c330/73, E_000001afdeb0c330/74, E_000001afdeb0c330/75, E_000001afdeb0c330/76, E_000001afdeb0c330/77, E_000001afdeb0c330/78, E_000001afdeb0c330/79, E_000001afdeb0c330/80, E_000001afdeb0c330/81, E_000001afdeb0c330/82, E_000001afdeb0c330/83, E_000001afdeb0c330/84, E_000001afdeb0c330/85, E_000001afdeb0c330/86, E_000001afdeb0c330/87, E_000001afdeb0c330/88, E_000001afdeb0c330/89, E_000001afdeb0c330/90, E_000001afdeb0c330/91, E_000001afdeb0c330/92, E_000001afdeb0c330/93, E_000001afdeb0c330/94, E_000001afdeb0c330/95, E_000001afdeb0c330/96, E_000001afdeb0c330/97, E_000001afdeb0c330/98, E_000001afdeb0c330/99, E_000001afdeb0c330/100, E_000001afdeb0c330/101, E_000001afdeb0c330/102, E_000001afdeb0c330/103, E_000001afdeb0c330/104, E_000001afdeb0c330/105, E_000001afdeb0c330/106, E_000001afdeb0c330/107, E_000001afdeb0c330/108, E_000001afdeb0c330/109, E_000001afdeb0c330/110, E_000001afdeb0c330/111, E_000001afdeb0c330/112, E_000001afdeb0c330/113, E_000001afdeb0c330/114, E_000001afdeb0c330/115, E_000001afdeb0c330/116, E_000001afdeb0c330/117, E_000001afdeb0c330/118, E_000001afdeb0c330/119, E_000001afdeb0c330/120, E_000001afdeb0c330/121, E_000001afdeb0c330/122, E_000001afdeb0c330/123, E_000001afdeb0c330/124, E_000001afdeb0c330/125, E_000001afdeb0c330/126, E_000001afdeb0c330/127, E_000001afdeb0c330/128, E_000001afdeb0c330/129, E_000001afdeb0c330/130, E_000001afdeb0c330/131, E_000001afdeb0c330/132, E_000001afdeb0c330/133, E_000001afdeb0c330/134, E_000001afdeb0c330/135, E_000001afdeb0c330/136, E_000001afdeb0c330/137, E_000001afdeb0c330/138, E_000001afdeb0c330/139, E_000001afdeb0c330/140, E_000001afdeb0c330/141, E_000001afdeb0c330/142, E_000001afdeb0c330/143, E_000001afdeb0c330/144, E_000001afdeb0c330/145, E_000001afdeb0c330/146, E_000001afdeb0c330/147, E_000001afdeb0c330/148, E_000001afdeb0c330/149, E_000001afdeb0c330/150, E_000001afdeb0c330/151, E_000001afdeb0c330/152, E_000001afdeb0c330/153, E_000001afdeb0c330/154, E_000001afdeb0c330/155, E_000001afdeb0c330/156, E_000001afdeb0c330/157, E_000001afdeb0c330/158, E_000001afdeb0c330/159, E_000001afdeb0c330/160, E_000001afdeb0c330/161, E_000001afdeb0c330/162, E_000001afdeb0c330/163, E_000001afdeb0c330/164, E_000001afdeb0c330/165, E_000001afdeb0c330/166, E_000001afdeb0c330/167, E_000001afdeb0c330/168, E_000001afdeb0c330/169, E_000001afdeb0c330/170, E_000001afdeb0c330/171, E_000001afdeb0c330/172, E_000001afdeb0c330/173, E_000001afdeb0c330/174, E_000001afdeb0c330/175, E_000001afdeb0c330/176, E_000001afdeb0c330/177, E_000001afdeb0c330/178, E_000001afdeb0c330/179, E_000001afdeb0c330/180, E_000001afdeb0c330/181, E_000001afdeb0c330/182, E_000001afdeb0c330/183, E_000001afdeb0c330/184, E_000001afdeb0c330/185, E_000001afdeb0c330/186, E_000001afdeb0c330/187, E_000001afdeb0c330/188, E_000001afdeb0c330/189, E_000001afdeb0c330/190, E_000001afdeb0c330/191, E_000001afdeb0c330/192, E_000001afdeb0c330/193, E_000001afdeb0c330/194, E_000001afdeb0c330/195, E_000001afdeb0c330/196, E_000001afdeb0c330/197, E_000001afdeb0c330/198, E_000001afdeb0c330/199, E_000001afdeb0c330/200, E_000001afdeb0c330/201, E_000001afdeb0c330/202, E_000001afdeb0c330/203, E_000001afdeb0c330/204, E_000001afdeb0c330/205, E_000001afdeb0c330/206, E_000001afdeb0c330/207, E_000001afdeb0c330/208, E_000001afdeb0c330/209, E_000001afdeb0c330/210, E_000001afdeb0c330/211, E_000001afdeb0c330/212, E_000001afdeb0c330/213, E_000001afdeb0c330/214, E_000001afdeb0c330/215, E_000001afdeb0c330/216, E_000001afdeb0c330/217, E_000001afdeb0c330/218, E_000001afdeb0c330/219, E_000001afdeb0c330/220, E_000001afdeb0c330/221, E_000001afdeb0c330/222, E_000001afdeb0c330/223, E_000001afdeb0c330/224, E_000001afdeb0c330/225, E_000001afdeb0c330/226, E_000001afdeb0c330/227, E_000001afdeb0c330/228, E_000001afdeb0c330/229, E_000001afdeb0c330/230, E_000001afdeb0c330/231, E_000001afdeb0c330/232, E_000001afdeb0c330/233, E_000001afdeb0c330/234, E_000001afdeb0c330/235, E_000001afdeb0c330/236, E_000001afdeb0c330/237, E_000001afdeb0c330/238, E_000001afdeb0c330/239, E_000001afdeb0c330/240, E_000001afdeb0c330/241, E_000001afdeb0c330/242, E_000001afdeb0c330/243, E_000001afdeb0c330/244, E_000001afdeb0c330/245, E_000001afdeb0c330/246, E_000001afdeb0c330/247, E_000001afdeb0c330/248, E_000001afdeb0c330/249, E_000001afdeb0c330/250, E_000001afdeb0c330/251, E_000001afdeb0c330/252, E_000001afdeb0c330/253, E_000001afdeb0c330/254, E_000001afdeb0c330/255, E_000001afdeb0c330/256;
E_000001afdeb0c570 .event posedge, v000001afdec26b40_0;
S_000001afdec26470 .scope task, "check_load" "check_load" 2 162, 2 162 0, S_000001afdeadd5b0;
 .timescale -9 -12;
v000001afdec26600_0 .var "expected_data", 31 0;
v000001afdec266a0_0 .var "test_address", 31 0;
v000001afdec26740_0 .var "test_funct3", 2 0;
v000001afdec267e0_0 .var "test_name", 127 0;
TD_data_memory_full_tb.check_load ;
    %load/vec4 v000001afdec26740_0;
    %store/vec4 v000001afdeb56ca0_0, 0, 3;
    %load/vec4 v000001afdec266a0_0;
    %store/vec4 v000001afdeb567a0_0, 0, 32;
    %pushi/vec4 1, 0, 1;
    %store/vec4 v000001afdeb56700_0, 0, 1;
    %pushi/vec4 0, 0, 1;
    %store/vec4 v000001afdeb56840_0, 0, 1;
    %delay 1000, 0;
    %load/vec4 v000001afdeb57100_0;
    %addi 1, 0, 32;
    %store/vec4 v000001afdeb57100_0, 0, 32;
    %load/vec4 v000001afdeb568e0_0;
    %load/vec4 v000001afdec26600_0;
    %cmp/ne;
    %jmp/0xz  T_0.0, 6;
    %vpi_call 2 183 "$display", "\000" {0 0 0};
    %vpi_call 2 184 "$display", "[FAIL] %s", v000001afdec267e0_0 {0 0 0};
    %vpi_call 2 186 "$display", "       funct3   = %b", v000001afdec26740_0 {0 0 0};
    %vpi_call 2 187 "$display", "       address  = %h", v000001afdec266a0_0 {0 0 0};
    %vpi_call 2 188 "$display", "       Expected = %h", v000001afdec26600_0 {0 0 0};
    %vpi_call 2 189 "$display", "       Got      = %h", v000001afdeb568e0_0 {0 0 0};
    %load/vec4 v000001afdeb574c0_0;
    %addi 1, 0, 32;
    %store/vec4 v000001afdeb574c0_0, 0, 32;
    %jmp T_0.1;
T_0.0 ;
    %vpi_call 2 197 "$display", "[PASS] %s", v000001afdec267e0_0 {0 0 0};
T_0.1 ;
    %end;
S_000001afdeaeeb60 .scope task, "store_word" "store_word" 2 130, 2 130 0, S_000001afdeadd5b0;
 .timescale -9 -12;
v000001afdeaeecf0_0 .var "test_address", 31 0;
v000001afdeb57060_0 .var "test_data", 31 0;
v000001afdeb56d40_0 .var "test_funct3", 2 0;
v000001afdeb56b60_0 .var "test_name", 127 0;
TD_data_memory_full_tb.store_word ;
    %load/vec4 v000001afdeb56d40_0;
    %store/vec4 v000001afdeb56ca0_0, 0, 3;
    %load/vec4 v000001afdeaeecf0_0;
    %store/vec4 v000001afdeb567a0_0, 0, 32;
    %load/vec4 v000001afdeb57060_0;
    %store/vec4 v000001afdeb56e80_0, 0, 32;
    %pushi/vec4 0, 0, 1;
    %store/vec4 v000001afdeb56700_0, 0, 1;
    %pushi/vec4 1, 0, 1;
    %store/vec4 v000001afdeb56840_0, 0, 1;
    %wait E_000001afdeb0c570;
    %delay 1000, 0;
    %pushi/vec4 0, 0, 1;
    %store/vec4 v000001afdeb56840_0, 0, 1;
    %vpi_call 2 152 "$display", "[INFO] %s", v000001afdeb56b60_0 {0 0 0};
    %end;
    .scope S_000001afdeaedf00;
T_2 ;
    %wait E_000001afdeb0c570;
    %load/vec4 v000001afdeade6e0_0;
    %flag_set/vec4 8;
    %jmp/0xz  T_2.0, 8;
    %pushi/vec4 0, 0, 32;
    %store/vec4 v000001afdeaa4590_0, 0, 32;
T_2.2 ;
    %load/vec4 v000001afdeaa4590_0;
    %pad/s 42;
    %cmpi/s 1024, 0, 42;
    %jmp/0xz T_2.3, 5;
    %pushi/vec4 0, 0, 8;
    %ix/getv/s 3, v000001afdeaa4590_0;
    %ix/load 4, 0, 0; Constant delay
    %assign/vec4/a/d v000001afdeb027d0, 0, 4;
    %load/vec4 v000001afdeaa4590_0;
    %addi 1, 0, 32;
    %store/vec4 v000001afdeaa4590_0, 0, 32;
    %jmp T_2.2;
T_2.3 ;
    %jmp T_2.1;
T_2.0 ;
    %load/vec4 v000001afdeab2590_0;
    %flag_set/vec4 8;
    %jmp/0xz  T_2.4, 8;
    %load/vec4 v000001afdec269e0_0;
    %dup/vec4;
    %pushi/vec4 0, 0, 3;
    %cmp/u;
    %jmp/1 T_2.6, 6;
    %dup/vec4;
    %pushi/vec4 1, 0, 3;
    %cmp/u;
    %jmp/1 T_2.7, 6;
    %dup/vec4;
    %pushi/vec4 2, 0, 3;
    %cmp/u;
    %jmp/1 T_2.8, 6;
    %jmp T_2.10;
T_2.6 ;
    %load/vec4 v000001afdec263d0_0;
    %parti/s 8, 0, 2;
    %load/vec4 v000001afdeacdf10_0;
    %parti/s 10, 0, 2;
    %pad/u 12;
    %ix/vec4 3;
    %ix/load 4, 0, 0; Constant delay
    %assign/vec4/a/d v000001afdeb027d0, 0, 4;
    %jmp T_2.10;
T_2.7 ;
    %load/vec4 v000001afdec263d0_0;
    %parti/s 8, 0, 2;
    %load/vec4 v000001afdeacdf10_0;
    %parti/s 10, 0, 2;
    %pad/u 12;
    %ix/vec4 3;
    %ix/load 4, 0, 0; Constant delay
    %assign/vec4/a/d v000001afdeb027d0, 0, 4;
    %load/vec4 v000001afdec263d0_0;
    %parti/s 8, 8, 5;
    %load/vec4 v000001afdeacdf10_0;
    %parti/s 10, 0, 2;
    %pad/u 33;
    %addi 1, 0, 33;
    %ix/vec4 3;
    %ix/load 4, 0, 0; Constant delay
    %assign/vec4/a/d v000001afdeb027d0, 0, 4;
    %jmp T_2.10;
T_2.8 ;
    %load/vec4 v000001afdec263d0_0;
    %parti/s 8, 0, 2;
    %load/vec4 v000001afdeacdf10_0;
    %parti/s 10, 0, 2;
    %pad/u 12;
    %ix/vec4 3;
    %ix/load 4, 0, 0; Constant delay
    %assign/vec4/a/d v000001afdeb027d0, 0, 4;
    %load/vec4 v000001afdec263d0_0;
    %parti/s 8, 8, 5;
    %load/vec4 v000001afdeacdf10_0;
    %parti/s 10, 0, 2;
    %pad/u 33;
    %addi 1, 0, 33;
    %ix/vec4 3;
    %ix/load 4, 0, 0; Constant delay
    %assign/vec4/a/d v000001afdeb027d0, 0, 4;
    %load/vec4 v000001afdec263d0_0;
    %parti/s 8, 16, 6;
    %load/vec4 v000001afdeacdf10_0;
    %parti/s 10, 0, 2;
    %pad/u 33;
    %addi 2, 0, 33;
    %ix/vec4 3;
    %ix/load 4, 0, 0; Constant delay
    %assign/vec4/a/d v000001afdeb027d0, 0, 4;
    %load/vec4 v000001afdec263d0_0;
    %parti/s 8, 24, 6;
    %load/vec4 v000001afdeacdf10_0;
    %parti/s 10, 0, 2;
    %pad/u 33;
    %addi 3, 0, 33;
    %ix/vec4 3;
    %ix/load 4, 0, 0; Constant delay
    %assign/vec4/a/d v000001afdeb027d0, 0, 4;
    %jmp T_2.10;
T_2.10 ;
    %pop/vec4 1;
T_2.4 ;
T_2.1 ;
    %jmp T_2;
    .thread T_2;
    .scope S_000001afdeaedf00;
T_3 ;
    %wait E_000001afdeb0c330;
    %pushi/vec4 0, 0, 32;
    %store/vec4 v000001afdeaee090_0, 0, 32;
    %load/vec4 v000001afdeaecae0_0;
    %flag_set/vec4 8;
    %jmp/0xz  T_3.0, 8;
    %load/vec4 v000001afdec269e0_0;
    %dup/vec4;
    %pushi/vec4 0, 0, 3;
    %cmp/u;
    %jmp/1 T_3.2, 6;
    %dup/vec4;
    %pushi/vec4 1, 0, 3;
    %cmp/u;
    %jmp/1 T_3.3, 6;
    %dup/vec4;
    %pushi/vec4 2, 0, 3;
    %cmp/u;
    %jmp/1 T_3.4, 6;
    %dup/vec4;
    %pushi/vec4 4, 0, 3;
    %cmp/u;
    %jmp/1 T_3.5, 6;
    %dup/vec4;
    %pushi/vec4 5, 0, 3;
    %cmp/u;
    %jmp/1 T_3.6, 6;
    %pushi/vec4 0, 0, 32;
    %store/vec4 v000001afdeaee090_0, 0, 32;
    %jmp T_3.8;
T_3.2 ;
    %load/vec4 v000001afdeacdf10_0;
    %parti/s 10, 0, 2;
    %pad/u 12;
    %ix/vec4 4;
    %load/vec4a v000001afdeb027d0, 4;
    %parti/s 1, 7, 4;
    %replicate 24;
    %load/vec4 v000001afdeacdf10_0;
    %parti/s 10, 0, 2;
    %pad/u 12;
    %ix/vec4 4;
    %load/vec4a v000001afdeb027d0, 4;
    %concat/vec4; draw_concat_vec4
    %store/vec4 v000001afdeaee090_0, 0, 32;
    %jmp T_3.8;
T_3.3 ;
    %load/vec4 v000001afdeacdf10_0;
    %parti/s 10, 0, 2;
    %pad/u 33;
    %addi 1, 0, 33;
    %ix/vec4 4;
    %load/vec4a v000001afdeb027d0, 4;
    %parti/s 1, 7, 4;
    %replicate 16;
    %load/vec4 v000001afdeacdf10_0;
    %parti/s 10, 0, 2;
    %pad/u 33;
    %addi 1, 0, 33;
    %ix/vec4 4;
    %load/vec4a v000001afdeb027d0, 4;
    %concat/vec4; draw_concat_vec4
    %load/vec4 v000001afdeacdf10_0;
    %parti/s 10, 0, 2;
    %pad/u 12;
    %ix/vec4 4;
    %load/vec4a v000001afdeb027d0, 4;
    %concat/vec4; draw_concat_vec4
    %store/vec4 v000001afdeaee090_0, 0, 32;
    %jmp T_3.8;
T_3.4 ;
    %load/vec4 v000001afdeacdf10_0;
    %parti/s 10, 0, 2;
    %pad/u 33;
    %addi 3, 0, 33;
    %ix/vec4 4;
    %load/vec4a v000001afdeb027d0, 4;
    %load/vec4 v000001afdeacdf10_0;
    %parti/s 10, 0, 2;
    %pad/u 33;
    %addi 2, 0, 33;
    %ix/vec4 4;
    %load/vec4a v000001afdeb027d0, 4;
    %concat/vec4; draw_concat_vec4
    %load/vec4 v000001afdeacdf10_0;
    %parti/s 10, 0, 2;
    %pad/u 33;
    %addi 1, 0, 33;
    %ix/vec4 4;
    %load/vec4a v000001afdeb027d0, 4;
    %concat/vec4; draw_concat_vec4
    %load/vec4 v000001afdeacdf10_0;
    %parti/s 10, 0, 2;
    %pad/u 12;
    %ix/vec4 4;
    %load/vec4a v000001afdeb027d0, 4;
    %concat/vec4; draw_concat_vec4
    %store/vec4 v000001afdeaee090_0, 0, 32;
    %jmp T_3.8;
T_3.5 ;
    %pushi/vec4 0, 0, 24;
    %load/vec4 v000001afdeacdf10_0;
    %parti/s 10, 0, 2;
    %pad/u 12;
    %ix/vec4 4;
    %load/vec4a v000001afdeb027d0, 4;
    %concat/vec4; draw_concat_vec4
    %store/vec4 v000001afdeaee090_0, 0, 32;
    %jmp T_3.8;
T_3.6 ;
    %pushi/vec4 0, 0, 16;
    %load/vec4 v000001afdeacdf10_0;
    %parti/s 10, 0, 2;
    %pad/u 33;
    %addi 1, 0, 33;
    %ix/vec4 4;
    %load/vec4a v000001afdeb027d0, 4;
    %concat/vec4; draw_concat_vec4
    %load/vec4 v000001afdeacdf10_0;
    %parti/s 10, 0, 2;
    %pad/u 12;
    %ix/vec4 4;
    %load/vec4a v000001afdeb027d0, 4;
    %concat/vec4; draw_concat_vec4
    %store/vec4 v000001afdeaee090_0, 0, 32;
    %jmp T_3.8;
T_3.8 ;
    %pop/vec4 1;
T_3.0 ;
    %jmp T_3;
    .thread T_3, $push;
    .scope S_000001afdeadd5b0;
T_4 ;
    %pushi/vec4 0, 0, 1;
    %store/vec4 v000001afdeb56de0_0, 0, 1;
T_4.0 ;
    %delay 5000, 0;
    %load/vec4 v000001afdeb56de0_0;
    %inv;
    %store/vec4 v000001afdeb56de0_0, 0, 1;
    %jmp T_4.0;
    %end;
    .thread T_4;
    .scope S_000001afdeadd5b0;
T_5 ;
    %vpi_call 2 121 "$dumpfile", "sim/data_memory/data_memory_full.vcd" {0 0 0};
    %vpi_call 2 122 "$dumpvars", 32'sb00000000000000000000000000000000, S_000001afdeadd5b0 {0 0 0};
    %end;
    .thread T_5;
    .scope S_000001afdeadd5b0;
T_6 ;
    %pushi/vec4 1, 0, 1;
    %store/vec4 v000001afdeb565c0_0, 0, 1;
    %pushi/vec4 0, 0, 1;
    %store/vec4 v000001afdeb56700_0, 0, 1;
    %pushi/vec4 0, 0, 1;
    %store/vec4 v000001afdeb56840_0, 0, 1;
    %pushi/vec4 0, 0, 3;
    %store/vec4 v000001afdeb56ca0_0, 0, 3;
    %pushi/vec4 0, 0, 32;
    %store/vec4 v000001afdeb567a0_0, 0, 32;
    %pushi/vec4 0, 0, 32;
    %store/vec4 v000001afdeb56e80_0, 0, 32;
    %pushi/vec4 0, 0, 32;
    %store/vec4 v000001afdeb57100_0, 0, 32;
    %pushi/vec4 0, 0, 32;
    %store/vec4 v000001afdeb574c0_0, 0, 32;
    %delay 10000, 0;
    %pushi/vec4 0, 0, 1;
    %store/vec4 v000001afdeb565c0_0, 0, 1;
    %delay 2000, 0;
    %vpi_call 2 235 "$display", "\000" {0 0 0};
    %vpi_call 2 236 "$display", "=================================================" {0 0 0};
    %vpi_call 2 237 "$display", "       Full Data Memory Verification" {0 0 0};
    %vpi_call 2 238 "$display", "=================================================" {0 0 0};
    %pushi/vec4 2, 0, 3;
    %store/vec4 v000001afdeb56d40_0, 0, 3;
    %pushi/vec4 16, 0, 32;
    %store/vec4 v000001afdeaeecf0_0, 0, 32;
    %pushi/vec4 305419896, 0, 32;
    %store/vec4 v000001afdeb57060_0, 0, 32;
    %pushi/vec4 2159343745, 0, 34;
    %concati/vec4 2240909769, 0, 32;
    %concati/vec4 2513292416, 0, 32;
    %concati/vec4 813183280, 0, 30;
    %store/vec4 v000001afdeb56b60_0, 0, 128;
    %fork TD_data_memory_full_tb.store_word, S_000001afdeaeeb60;
    %join;
    %pushi/vec4 2, 0, 3;
    %store/vec4 v000001afdec26740_0, 0, 3;
    %pushi/vec4 16, 0, 32;
    %store/vec4 v000001afdec266a0_0, 0, 32;
    %pushi/vec4 305419896, 0, 32;
    %store/vec4 v000001afdec26600_0, 0, 32;
    %pushi/vec4 0, 0, 32; draw_string_vec4
    %pushi/vec4 1280778342, 0, 32; draw_string_vec4
    %concat/vec4; draw_string_vec4
    %pushi/vec4 1919905056, 0, 32; draw_string_vec4
    %concat/vec4; draw_string_vec4
    %pushi/vec4 813183280, 0, 32; draw_string_vec4
    %concat/vec4; draw_string_vec4
    %store/vec4 v000001afdec267e0_0, 0, 128;
    %fork TD_data_memory_full_tb.check_load, S_000001afdec26470;
    %join;
    %load/vec4 v000001afdeb57100_0;
    %addi 1, 0, 32;
    %store/vec4 v000001afdeb57100_0, 0, 32;
    %ix/load 4, 16, 0;
    %flag_set/imm 4, 0;
    %load/vec4a v000001afdeb027d0, 4;
    %cmpi/ne 120, 0, 8;
    %flag_mov 8, 6;
    %ix/load 4, 17, 0;
    %flag_set/imm 4, 0;
    %load/vec4a v000001afdeb027d0, 4;
    %cmpi/ne 86, 0, 8;
    %flag_or 6, 8;
    %flag_mov 8, 6;
    %ix/load 4, 18, 0;
    %flag_set/imm 4, 0;
    %load/vec4a v000001afdeb027d0, 4;
    %cmpi/ne 52, 0, 8;
    %flag_or 6, 8;
    %flag_mov 8, 6;
    %ix/load 4, 19, 0;
    %flag_set/imm 4, 0;
    %load/vec4a v000001afdeb027d0, 4;
    %cmpi/ne 18, 0, 8;
    %flag_or 6, 8;
    %jmp/0xz  T_6.0, 6;
    %vpi_call 2 287 "$display", "\000" {0 0 0};
    %vpi_call 2 288 "$display", "[FAIL] SW little-endian byte ordering" {0 0 0};
    %load/vec4 v000001afdeb574c0_0;
    %addi 1, 0, 32;
    %store/vec4 v000001afdeb574c0_0, 0, 32;
    %jmp T_6.1;
T_6.0 ;
    %vpi_call 2 296 "$display", "[PASS] SW little-endian byte ordering" {0 0 0};
T_6.1 ;
    %pushi/vec4 0, 0, 3;
    %store/vec4 v000001afdeb56d40_0, 0, 3;
    %pushi/vec4 32, 0, 32;
    %store/vec4 v000001afdeaeecf0_0, 0, 32;
    %pushi/vec4 255, 0, 32;
    %store/vec4 v000001afdeb57060_0, 0, 32;
    %pushi/vec4 2159343745, 0, 34;
    %concati/vec4 2240909769, 0, 32;
    %concati/vec4 2513292416, 0, 32;
    %concati/vec4 813183536, 0, 30;
    %store/vec4 v000001afdeb56b60_0, 0, 128;
    %fork TD_data_memory_full_tb.store_word, S_000001afdeaeeb60;
    %join;
    %pushi/vec4 0, 0, 3;
    %store/vec4 v000001afdec26740_0, 0, 3;
    %pushi/vec4 32, 0, 32;
    %store/vec4 v000001afdec266a0_0, 0, 32;
    %pushi/vec4 4294967295, 0, 32;
    %store/vec4 v000001afdec26600_0, 0, 32;
    %pushi/vec4 4169256357, 0, 34;
    %concati/vec4 2646114709, 0, 32;
    %concati/vec4 3788608953, 0, 32;
    %concati/vec4 862547822, 0, 30;
    %store/vec4 v000001afdec267e0_0, 0, 128;
    %fork TD_data_memory_full_tb.check_load, S_000001afdec26470;
    %join;
    %pushi/vec4 4, 0, 3;
    %store/vec4 v000001afdec26740_0, 0, 3;
    %pushi/vec4 32, 0, 32;
    %store/vec4 v000001afdec266a0_0, 0, 32;
    %pushi/vec4 255, 0, 32;
    %store/vec4 v000001afdec26600_0, 0, 32;
    %pushi/vec4 4169263509, 0, 34;
    %concati/vec4 3384574357, 0, 32;
    %concati/vec4 3788608953, 0, 32;
    %concati/vec4 862547822, 0, 30;
    %store/vec4 v000001afdec267e0_0, 0, 128;
    %fork TD_data_memory_full_tb.check_load, S_000001afdec26470;
    %join;
    %pushi/vec4 1, 0, 3;
    %store/vec4 v000001afdeb56d40_0, 0, 3;
    %pushi/vec4 48, 0, 32;
    %store/vec4 v000001afdeaeecf0_0, 0, 32;
    %pushi/vec4 33023, 0, 32;
    %store/vec4 v000001afdeb57060_0, 0, 32;
    %pushi/vec4 2159343745, 0, 34;
    %concati/vec4 2240909769, 0, 32;
    %concati/vec4 2513292416, 0, 32;
    %concati/vec4 813183792, 0, 30;
    %store/vec4 v000001afdeb56b60_0, 0, 128;
    %fork TD_data_memory_full_tb.store_word, S_000001afdeaeeb60;
    %join;
    %pushi/vec4 1, 0, 3;
    %store/vec4 v000001afdec26740_0, 0, 3;
    %pushi/vec4 48, 0, 32;
    %store/vec4 v000001afdec266a0_0, 0, 32;
    %pushi/vec4 4294934783, 0, 32;
    %store/vec4 v000001afdec26600_0, 0, 32;
    %pushi/vec4 4169256357, 0, 34;
    %concati/vec4 2646114709, 0, 32;
    %concati/vec4 3788608953, 0, 32;
    %concati/vec4 862547822, 0, 30;
    %store/vec4 v000001afdec267e0_0, 0, 128;
    %fork TD_data_memory_full_tb.check_load, S_000001afdec26470;
    %join;
    %pushi/vec4 5, 0, 3;
    %store/vec4 v000001afdec26740_0, 0, 3;
    %pushi/vec4 48, 0, 32;
    %store/vec4 v000001afdec266a0_0, 0, 32;
    %pushi/vec4 33023, 0, 32;
    %store/vec4 v000001afdec26600_0, 0, 32;
    %pushi/vec4 4169263509, 0, 34;
    %concati/vec4 3384574357, 0, 32;
    %concati/vec4 3788608953, 0, 32;
    %concati/vec4 862547822, 0, 30;
    %store/vec4 v000001afdec267e0_0, 0, 128;
    %fork TD_data_memory_full_tb.check_load, S_000001afdec26470;
    %join;
    %pushi/vec4 2, 0, 3;
    %store/vec4 v000001afdeb56d40_0, 0, 3;
    %pushi/vec4 64, 0, 32;
    %store/vec4 v000001afdeaeecf0_0, 0, 32;
    %pushi/vec4 2864434397, 0, 32;
    %store/vec4 v000001afdeb57060_0, 0, 32;
    %pushi/vec4 2159343745, 0, 34;
    %concati/vec4 2240909769, 0, 32;
    %concati/vec4 2513292416, 0, 32;
    %concati/vec4 813184048, 0, 30;
    %store/vec4 v000001afdeb56b60_0, 0, 128;
    %fork TD_data_memory_full_tb.store_word, S_000001afdeaeeb60;
    %join;
    %pushi/vec4 2, 0, 3;
    %store/vec4 v000001afdec26740_0, 0, 3;
    %pushi/vec4 64, 0, 32;
    %store/vec4 v000001afdec266a0_0, 0, 32;
    %pushi/vec4 2864434397, 0, 32;
    %store/vec4 v000001afdec26600_0, 0, 32;
    %pushi/vec4 0, 0, 32; draw_string_vec4
    %pushi/vec4 1280778342, 0, 32; draw_string_vec4
    %concat/vec4; draw_string_vec4
    %pushi/vec4 1919905056, 0, 32; draw_string_vec4
    %concat/vec4; draw_string_vec4
    %pushi/vec4 813184048, 0, 32; draw_string_vec4
    %concat/vec4; draw_string_vec4
    %store/vec4 v000001afdec267e0_0, 0, 128;
    %fork TD_data_memory_full_tb.check_load, S_000001afdec26470;
    %join;
    %pushi/vec4 2, 0, 3;
    %store/vec4 v000001afdec26740_0, 0, 3;
    %pushi/vec4 16, 0, 32;
    %store/vec4 v000001afdec266a0_0, 0, 32;
    %pushi/vec4 305419896, 0, 32;
    %store/vec4 v000001afdec26600_0, 0, 32;
    %pushi/vec4 3334662354, 0, 33;
    %concati/vec4 3738976480, 0, 32;
    %concati/vec4 3838502602, 0, 32;
    %concati/vec4 1920361828, 0, 31;
    %store/vec4 v000001afdec267e0_0, 0, 128;
    %fork TD_data_memory_full_tb.check_load, S_000001afdec26470;
    %join;
    %pushi/vec4 2, 0, 3;
    %store/vec4 v000001afdeb56ca0_0, 0, 3;
    %pushi/vec4 16, 0, 32;
    %store/vec4 v000001afdeb567a0_0, 0, 32;
    %pushi/vec4 0, 0, 1;
    %store/vec4 v000001afdeb56700_0, 0, 1;
    %pushi/vec4 0, 0, 1;
    %store/vec4 v000001afdeb56840_0, 0, 1;
    %delay 1000, 0;
    %load/vec4 v000001afdeb57100_0;
    %addi 1, 0, 32;
    %store/vec4 v000001afdeb57100_0, 0, 32;
    %load/vec4 v000001afdeb568e0_0;
    %cmpi/ne 0, 0, 32;
    %jmp/0xz  T_6.2, 6;
    %vpi_call 2 440 "$display", "\000" {0 0 0};
    %vpi_call 2 441 "$display", "[FAIL] Read disabled" {0 0 0};
    %vpi_call 2 443 "$display", "       Expected = 00000000" {0 0 0};
    %vpi_call 2 444 "$display", "       Got      = %h", v000001afdeb568e0_0 {0 0 0};
    %load/vec4 v000001afdeb574c0_0;
    %addi 1, 0, 32;
    %store/vec4 v000001afdeb574c0_0, 0, 32;
    %jmp T_6.3;
T_6.2 ;
    %vpi_call 2 452 "$display", "[PASS] Read disabled" {0 0 0};
T_6.3 ;
    %pushi/vec4 2, 0, 3;
    %store/vec4 v000001afdeb56ca0_0, 0, 3;
    %pushi/vec4 16, 0, 32;
    %store/vec4 v000001afdeb567a0_0, 0, 32;
    %pushi/vec4 3735928559, 0, 32;
    %store/vec4 v000001afdeb56e80_0, 0, 32;
    %pushi/vec4 0, 0, 1;
    %store/vec4 v000001afdeb56700_0, 0, 1;
    %pushi/vec4 0, 0, 1;
    %store/vec4 v000001afdeb56840_0, 0, 1;
    %wait E_000001afdeb0c570;
    %delay 1000, 0;
    %pushi/vec4 2, 0, 3;
    %store/vec4 v000001afdec26740_0, 0, 3;
    %pushi/vec4 16, 0, 32;
    %store/vec4 v000001afdec266a0_0, 0, 32;
    %pushi/vec4 305419896, 0, 32;
    %store/vec4 v000001afdec26600_0, 0, 32;
    %pushi/vec4 3628134110, 0, 33;
    %concati/vec4 3838329056, 0, 32;
    %concati/vec4 3838502602, 0, 32;
    %concati/vec4 1920361828, 0, 31;
    %store/vec4 v000001afdec267e0_0, 0, 128;
    %fork TD_data_memory_full_tb.check_load, S_000001afdec26470;
    %join;
    %vpi_call 2 489 "$display", "\000" {0 0 0};
    %vpi_call 2 490 "$display", "=================================================" {0 0 0};
    %vpi_call 2 491 "$display", "Verification Summary" {0 0 0};
    %vpi_call 2 492 "$display", "=================================================" {0 0 0};
    %vpi_call 2 494 "$display", "Tests  : %0d", v000001afdeb57100_0 {0 0 0};
    %vpi_call 2 495 "$display", "Errors : %0d", v000001afdeb574c0_0 {0 0 0};
    %vpi_call 2 497 "$display", "\000" {0 0 0};
    %load/vec4 v000001afdeb574c0_0;
    %cmpi/e 0, 0, 32;
    %jmp/0xz  T_6.4, 4;
    %vpi_call 2 501 "$display", "***********************************************" {0 0 0};
    %vpi_call 2 502 "$display", "*                                             *" {0 0 0};
    %vpi_call 2 503 "$display", "*       ALL TESTS PASSED SUCCESSFULLY!       *" {0 0 0};
    %vpi_call 2 504 "$display", "*                                             *" {0 0 0};
    %vpi_call 2 505 "$display", "***********************************************" {0 0 0};
    %jmp T_6.5;
T_6.4 ;
    %vpi_call 2 511 "$display", "***********************************************" {0 0 0};
    %vpi_call 2 512 "$display", "*                                             *" {0 0 0};
    %vpi_call 2 513 "$display", "*       VERIFICATION FAILED                   *" {0 0 0};
    %vpi_call 2 514 "$display", "*                                             *" {0 0 0};
    %vpi_call 2 515 "$display", "*       Errors : %0d                           *", v000001afdeb574c0_0 {0 0 0};
    %vpi_call 2 516 "$display", "*                                             *" {0 0 0};
    %vpi_call 2 517 "$display", "***********************************************" {0 0 0};
T_6.5 ;
    %vpi_call 2 521 "$finish" {0 0 0};
    %end;
    .thread T_6;
# The file index is used to find the file name in the following table.
:file_names 4;
    "N/A";
    "<interactive>";
    "tb/core/data_memory_full_tb.v";
    "rtl/core/data_memory.v";
