#! /c/Source/iverilog-install/bin/vvp
:ivl_version "12.0 (devel)" "(s20150603-1110-g18392a46)";
:ivl_delay_selection "TYPICAL";
:vpi_time_precision - 12;
:vpi_module "C:\iverilog\lib\ivl\system.vpi";
:vpi_module "C:\iverilog\lib\ivl\vhdl_sys.vpi";
:vpi_module "C:\iverilog\lib\ivl\vhdl_textio.vpi";
:vpi_module "C:\iverilog\lib\ivl\v2005_math.vpi";
:vpi_module "C:\iverilog\lib\ivl\va_math.vpi";
S_00000235a782f6a0 .scope module, "rv32i_cpu_tb" "rv32i_cpu_tb" 2 26;
 .timescale -9 -12;
v00000235a78f5540_0 .var "clk", 0 0;
v00000235a78f68a0_0 .var/i "errors", 31 0;
v00000235a78f55e0_0 .var "rst", 0 0;
v00000235a78f52c0_0 .var/i "tests", 31 0;
S_00000235a783e800 .scope task, "check_memory_byte" "check_memory_byte" 2 110, 2 110 0, S_00000235a782f6a0;
 .timescale -9 -12;
v00000235a78150a0_0 .var "actual", 7 0;
v00000235a7814600_0 .var/i "address", 31 0;
v00000235a7814d80_0 .var "expected", 7 0;
v00000235a7816400_0 .var "test_name", 255 0;
TD_rv32i_cpu_tb.check_memory_byte ;
    %ix/getv/s 4, v00000235a7814600_0;
    %load/vec4a v00000235a7816180, 4;
    %store/vec4 v00000235a78150a0_0, 0, 8;
    %load/vec4 v00000235a78f52c0_0;
    %addi 1, 0, 32;
    %store/vec4 v00000235a78f52c0_0, 0, 32;
    %load/vec4 v00000235a78150a0_0;
    %load/vec4 v00000235a7814d80_0;
    %cmp/e;
    %jmp/0xz  T_0.0, 6;
    %vpi_call 2 127 "$display", "[PASS] %s", v00000235a7816400_0 {0 0 0};
    %jmp T_0.1;
T_0.0 ;
    %load/vec4 v00000235a78f68a0_0;
    %addi 1, 0, 32;
    %store/vec4 v00000235a78f68a0_0, 0, 32;
    %vpi_call 2 134 "$display", "[FAIL] %s", v00000235a7816400_0 {0 0 0};
    %vpi_call 2 135 "$display", "Address  = %0d", v00000235a7814600_0 {0 0 0};
    %vpi_call 2 136 "$display", "Expected = %02h", v00000235a7814d80_0 {0 0 0};
    %vpi_call 2 137 "$display", "Got      = %02h", v00000235a78150a0_0 {0 0 0};
T_0.1 ;
    %end;
S_00000235a782ee80 .scope task, "check_register" "check_register" 2 69, 2 69 0, S_00000235a782f6a0;
 .timescale -9 -12;
v00000235a78153c0_0 .var "actual", 31 0;
v00000235a7816220_0 .var "expected", 31 0;
v00000235a7815c80_0 .var/i "reg_num", 31 0;
v00000235a78158c0_0 .var "test_name", 255 0;
TD_rv32i_cpu_tb.check_register ;
    %ix/getv/s 4, v00000235a7815c80_0;
    %load/vec4a v00000235a78ef500, 4;
    %store/vec4 v00000235a78153c0_0, 0, 32;
    %load/vec4 v00000235a78f52c0_0;
    %addi 1, 0, 32;
    %store/vec4 v00000235a78f52c0_0, 0, 32;
    %load/vec4 v00000235a78153c0_0;
    %load/vec4 v00000235a7816220_0;
    %cmp/e;
    %jmp/0xz  T_1.2, 6;
    %vpi_call 2 88 "$display", "[PASS] %s", v00000235a78158c0_0 {0 0 0};
    %jmp T_1.3;
T_1.2 ;
    %load/vec4 v00000235a78f68a0_0;
    %addi 1, 0, 32;
    %store/vec4 v00000235a78f68a0_0, 0, 32;
    %vpi_call 2 95 "$display", "[FAIL] %s", v00000235a78158c0_0 {0 0 0};
    %vpi_call 2 96 "$display", "Register = x%0d", v00000235a7815c80_0 {0 0 0};
    %vpi_call 2 97 "$display", "Expected = %08h", v00000235a7816220_0 {0 0 0};
    %vpi_call 2 98 "$display", "Got      = %08h", v00000235a78153c0_0 {0 0 0};
T_1.3 ;
    %end;
S_00000235a782f010 .scope module, "dut" "rv32i_cpu" 2 41, 3 28 0, S_00000235a782f6a0;
 .timescale 0 0;
    .port_info 0 /INPUT 1 "clk";
    .port_info 1 /INPUT 1 "rst";
P_00000235a77e4220 .param/l "DATA_WIDTH" 0 3 29, +C4<00000000000000000000000000100000>;
P_00000235a77e4258 .param/str "INIT_FILE" 0 3 30, "programs/program.hex";
v00000235a78f33f0_0 .net "ALUOp", 1 0, v00000235a7814e20_0;  1 drivers
v00000235a78f4890_0 .net "ALUSrc", 0 0, v00000235a7815b40_0;  1 drivers
v00000235a78f4430_0 .net "Branch", 0 0, v00000235a7815140_0;  1 drivers
v00000235a78f32b0_0 .net "Jump", 0 0, v00000235a7815460_0;  1 drivers
v00000235a78f4930_0 .net "MemRead", 0 0, v00000235a7816040_0;  1 drivers
v00000235a78f3490_0 .net "MemToReg", 0 0, v00000235a7814f60_0;  1 drivers
v00000235a78f4250_0 .net "MemWrite", 0 0, v00000235a7815820_0;  1 drivers
v00000235a78f3530_0 .net "RegWrite", 0 0, v00000235a78160e0_0;  1 drivers
v00000235a78f4610_0 .net "alu_control", 3 0, v00000235a7815f00_0;  1 drivers
v00000235a78f3670_0 .net "alu_result", 31 0, v00000235a78ed090_0;  1 drivers
v00000235a78f3c10_0 .net "branch_taken", 0 0, L_00000235a7803050;  1 drivers
v00000235a78f4b10_0 .net "clk", 0 0, v00000235a78f5540_0;  1 drivers
v00000235a78f3710_0 .net "funct3", 2 0, L_00000235a78f6440;  1 drivers
v00000235a78f4570_0 .net "funct7", 6 0, L_00000235a78f5900;  1 drivers
v00000235a78f3850_0 .net "instruction", 31 0, L_00000235a7803ad0;  1 drivers
v00000235a78f46b0_0 .net "mem_address", 31 0, L_00000235a7803280;  1 drivers
v00000235a78f3990_0 .net "mem_funct3", 2 0, L_00000235a78f5cc0;  1 drivers
v00000235a78f3a30_0 .net "mem_read", 0 0, L_00000235a7802e90;  1 drivers
v00000235a78f3b70_0 .net "mem_read_data", 31 0, L_00000235a794fc50;  1 drivers
v00000235a78f3cb0_0 .net "mem_write", 0 0, L_00000235a7802f00;  1 drivers
v00000235a78f3d50_0 .net "mem_write_data", 31 0, L_00000235a7802e20;  1 drivers
v00000235a78f3df0_0 .net "opcode", 6 0, L_00000235a78f6e40;  1 drivers
v00000235a78f69e0_0 .net "pc", 31 0, v00000235a78ed450_0;  1 drivers
v00000235a78f6940_0 .net "pc_next", 31 0, v00000235a78ef8c0_0;  1 drivers
v00000235a78f6580_0 .net "ram_address", 31 0, L_00000235a79516a0;  1 drivers
v00000235a78f54a0_0 .net "ram_funct3", 2 0, L_00000235a7951780;  1 drivers
v00000235a78f6300_0 .net "ram_read", 0 0, L_00000235a7951550;  1 drivers
v00000235a78f6800_0 .net "ram_read_data", 31 0, v00000235a78162c0_0;  1 drivers
v00000235a78f50e0_0 .net "ram_write", 0 0, L_00000235a7951160;  1 drivers
v00000235a78f5180_0 .net "ram_write_data", 31 0, L_00000235a7951940;  1 drivers
v00000235a78f57c0_0 .net "rd_data", 31 0, v00000235a78f0a40_0;  1 drivers
v00000235a78f63a0_0 .net "rst", 0 0, v00000235a78f55e0_0;  1 drivers
v00000235a78f64e0_0 .net "sha_address", 31 0, L_00000235a79518d0;  1 drivers
v00000235a78f5220_0 .net "sha_funct3", 2 0, L_00000235a7951630;  1 drivers
v00000235a78f6a80_0 .net "sha_read", 0 0, L_00000235a7951470;  1 drivers
L_00000235a78f7440 .functor BUFT 1, C4<00000000000000000000000000000000>, C4<0>, C4<0>, C4<0>;
v00000235a78f5360_0 .net "sha_read_data", 31 0, L_00000235a78f7440;  1 drivers
v00000235a78f5b80_0 .net "sha_write", 0 0, L_00000235a79515c0;  1 drivers
v00000235a78f6b20_0 .net "sha_write_data", 31 0, L_00000235a79510f0;  1 drivers
L_00000235a78f6e40 .part L_00000235a7803ad0, 0, 7;
L_00000235a78f6440 .part L_00000235a7803ad0, 12, 3;
L_00000235a78f5900 .part L_00000235a7803ad0, 25, 7;
S_00000235a77c1de0 .scope module, "u_alu_control" "alu_control" 3 182, 4 31 0, S_00000235a782f010;
 .timescale 0 0;
    .port_info 0 /INPUT 2 "ALUOp";
    .port_info 1 /INPUT 3 "funct3";
    .port_info 2 /INPUT 7 "funct7";
    .port_info 3 /OUTPUT 4 "alu_control";
v00000235a78155a0_0 .net "ALUOp", 1 0, v00000235a7814e20_0;  alias, 1 drivers
v00000235a7815f00_0 .var "alu_control", 3 0;
v00000235a7815320_0 .net "funct3", 2 0, L_00000235a78f6440;  alias, 1 drivers
v00000235a7815d20_0 .net "funct7", 6 0, L_00000235a78f5900;  alias, 1 drivers
E_00000235a785e6a0 .event anyedge, v00000235a78155a0_0, v00000235a7815320_0, v00000235a7815d20_0;
S_00000235a77c1f70 .scope module, "u_control_unit" "control_unit" 3 165, 5 27 0, S_00000235a782f010;
 .timescale 0 0;
    .port_info 0 /INPUT 7 "opcode";
    .port_info 1 /OUTPUT 1 "RegWrite";
    .port_info 2 /OUTPUT 1 "MemRead";
    .port_info 3 /OUTPUT 1 "MemWrite";
    .port_info 4 /OUTPUT 1 "MemToReg";
    .port_info 5 /OUTPUT 1 "ALUSrc";
    .port_info 6 /OUTPUT 1 "Branch";
    .port_info 7 /OUTPUT 1 "Jump";
    .port_info 8 /OUTPUT 2 "ALUOp";
v00000235a7814e20_0 .var "ALUOp", 1 0;
v00000235a7815b40_0 .var "ALUSrc", 0 0;
v00000235a7815140_0 .var "Branch", 0 0;
v00000235a7815460_0 .var "Jump", 0 0;
v00000235a7816040_0 .var "MemRead", 0 0;
v00000235a7814f60_0 .var "MemToReg", 0 0;
v00000235a7815820_0 .var "MemWrite", 0 0;
v00000235a78160e0_0 .var "RegWrite", 0 0;
v00000235a7814a60_0 .net "opcode", 6 0, L_00000235a78f6e40;  alias, 1 drivers
E_00000235a785e160 .event anyedge, v00000235a7814a60_0;
S_00000235a77c2100 .scope module, "u_data_memory" "data_memory" 3 290, 6 30 0, S_00000235a782f010;
 .timescale 0 0;
    .port_info 0 /INPUT 1 "clk";
    .port_info 1 /INPUT 1 "rst";
    .port_info 2 /INPUT 1 "mem_read";
    .port_info 3 /INPUT 1 "mem_write";
    .port_info 4 /INPUT 3 "funct3";
    .port_info 5 /INPUT 32 "address";
    .port_info 6 /INPUT 32 "write_data";
    .port_info 7 /OUTPUT 32 "read_data";
P_00000235a7754590 .param/l "ADDR_WIDTH" 0 6 32, +C4<00000000000000000000000000001010>;
P_00000235a77545c8 .param/l "DATA_WIDTH" 0 6 31, +C4<00000000000000000000000000100000>;
P_00000235a7754600 .param/l "MEMORY_SIZE" 1 6 79, +C4<000000000000000000000000000000010000000000>;
v00000235a7815280_0 .net "address", 31 0, L_00000235a79516a0;  alias, 1 drivers
v00000235a7815be0_0 .net "clk", 0 0, v00000235a78f5540_0;  alias, 1 drivers
v00000235a7815960_0 .net "funct3", 2 0, L_00000235a7951780;  alias, 1 drivers
v00000235a78147e0_0 .var/i "i", 31 0;
v00000235a7815a00_0 .net "mem_read", 0 0, L_00000235a7951550;  alias, 1 drivers
v00000235a7815aa0_0 .net "mem_write", 0 0, L_00000235a7951160;  alias, 1 drivers
v00000235a7816180 .array "memory", 1023 0, 7 0;
v00000235a78162c0_0 .var "read_data", 31 0;
v00000235a7814880_0 .net "rst", 0 0, v00000235a78f55e0_0;  alias, 1 drivers
v00000235a7814920_0 .net "write_data", 31 0, L_00000235a7951940;  alias, 1 drivers
v00000235a7816180_0 .array/port v00000235a7816180, 0;
E_00000235a785e560/0 .event anyedge, v00000235a7815a00_0, v00000235a7815960_0, v00000235a7815280_0, v00000235a7816180_0;
v00000235a7816180_1 .array/port v00000235a7816180, 1;
v00000235a7816180_2 .array/port v00000235a7816180, 2;
v00000235a7816180_3 .array/port v00000235a7816180, 3;
v00000235a7816180_4 .array/port v00000235a7816180, 4;
E_00000235a785e560/1 .event anyedge, v00000235a7816180_1, v00000235a7816180_2, v00000235a7816180_3, v00000235a7816180_4;
v00000235a7816180_5 .array/port v00000235a7816180, 5;
v00000235a7816180_6 .array/port v00000235a7816180, 6;
v00000235a7816180_7 .array/port v00000235a7816180, 7;
v00000235a7816180_8 .array/port v00000235a7816180, 8;
E_00000235a785e560/2 .event anyedge, v00000235a7816180_5, v00000235a7816180_6, v00000235a7816180_7, v00000235a7816180_8;
v00000235a7816180_9 .array/port v00000235a7816180, 9;
v00000235a7816180_10 .array/port v00000235a7816180, 10;
v00000235a7816180_11 .array/port v00000235a7816180, 11;
v00000235a7816180_12 .array/port v00000235a7816180, 12;
E_00000235a785e560/3 .event anyedge, v00000235a7816180_9, v00000235a7816180_10, v00000235a7816180_11, v00000235a7816180_12;
v00000235a7816180_13 .array/port v00000235a7816180, 13;
v00000235a7816180_14 .array/port v00000235a7816180, 14;
v00000235a7816180_15 .array/port v00000235a7816180, 15;
v00000235a7816180_16 .array/port v00000235a7816180, 16;
E_00000235a785e560/4 .event anyedge, v00000235a7816180_13, v00000235a7816180_14, v00000235a7816180_15, v00000235a7816180_16;
v00000235a7816180_17 .array/port v00000235a7816180, 17;
v00000235a7816180_18 .array/port v00000235a7816180, 18;
v00000235a7816180_19 .array/port v00000235a7816180, 19;
v00000235a7816180_20 .array/port v00000235a7816180, 20;
E_00000235a785e560/5 .event anyedge, v00000235a7816180_17, v00000235a7816180_18, v00000235a7816180_19, v00000235a7816180_20;
v00000235a7816180_21 .array/port v00000235a7816180, 21;
v00000235a7816180_22 .array/port v00000235a7816180, 22;
v00000235a7816180_23 .array/port v00000235a7816180, 23;
v00000235a7816180_24 .array/port v00000235a7816180, 24;
E_00000235a785e560/6 .event anyedge, v00000235a7816180_21, v00000235a7816180_22, v00000235a7816180_23, v00000235a7816180_24;
v00000235a7816180_25 .array/port v00000235a7816180, 25;
v00000235a7816180_26 .array/port v00000235a7816180, 26;
v00000235a7816180_27 .array/port v00000235a7816180, 27;
v00000235a7816180_28 .array/port v00000235a7816180, 28;
E_00000235a785e560/7 .event anyedge, v00000235a7816180_25, v00000235a7816180_26, v00000235a7816180_27, v00000235a7816180_28;
v00000235a7816180_29 .array/port v00000235a7816180, 29;
v00000235a7816180_30 .array/port v00000235a7816180, 30;
v00000235a7816180_31 .array/port v00000235a7816180, 31;
v00000235a7816180_32 .array/port v00000235a7816180, 32;
E_00000235a785e560/8 .event anyedge, v00000235a7816180_29, v00000235a7816180_30, v00000235a7816180_31, v00000235a7816180_32;
v00000235a7816180_33 .array/port v00000235a7816180, 33;
v00000235a7816180_34 .array/port v00000235a7816180, 34;
v00000235a7816180_35 .array/port v00000235a7816180, 35;
v00000235a7816180_36 .array/port v00000235a7816180, 36;
E_00000235a785e560/9 .event anyedge, v00000235a7816180_33, v00000235a7816180_34, v00000235a7816180_35, v00000235a7816180_36;
v00000235a7816180_37 .array/port v00000235a7816180, 37;
v00000235a7816180_38 .array/port v00000235a7816180, 38;
v00000235a7816180_39 .array/port v00000235a7816180, 39;
v00000235a7816180_40 .array/port v00000235a7816180, 40;
E_00000235a785e560/10 .event anyedge, v00000235a7816180_37, v00000235a7816180_38, v00000235a7816180_39, v00000235a7816180_40;
v00000235a7816180_41 .array/port v00000235a7816180, 41;
v00000235a7816180_42 .array/port v00000235a7816180, 42;
v00000235a7816180_43 .array/port v00000235a7816180, 43;
v00000235a7816180_44 .array/port v00000235a7816180, 44;
E_00000235a785e560/11 .event anyedge, v00000235a7816180_41, v00000235a7816180_42, v00000235a7816180_43, v00000235a7816180_44;
v00000235a7816180_45 .array/port v00000235a7816180, 45;
v00000235a7816180_46 .array/port v00000235a7816180, 46;
v00000235a7816180_47 .array/port v00000235a7816180, 47;
v00000235a7816180_48 .array/port v00000235a7816180, 48;
E_00000235a785e560/12 .event anyedge, v00000235a7816180_45, v00000235a7816180_46, v00000235a7816180_47, v00000235a7816180_48;
v00000235a7816180_49 .array/port v00000235a7816180, 49;
v00000235a7816180_50 .array/port v00000235a7816180, 50;
v00000235a7816180_51 .array/port v00000235a7816180, 51;
v00000235a7816180_52 .array/port v00000235a7816180, 52;
E_00000235a785e560/13 .event anyedge, v00000235a7816180_49, v00000235a7816180_50, v00000235a7816180_51, v00000235a7816180_52;
v00000235a7816180_53 .array/port v00000235a7816180, 53;
v00000235a7816180_54 .array/port v00000235a7816180, 54;
v00000235a7816180_55 .array/port v00000235a7816180, 55;
v00000235a7816180_56 .array/port v00000235a7816180, 56;
E_00000235a785e560/14 .event anyedge, v00000235a7816180_53, v00000235a7816180_54, v00000235a7816180_55, v00000235a7816180_56;
v00000235a7816180_57 .array/port v00000235a7816180, 57;
v00000235a7816180_58 .array/port v00000235a7816180, 58;
v00000235a7816180_59 .array/port v00000235a7816180, 59;
v00000235a7816180_60 .array/port v00000235a7816180, 60;
E_00000235a785e560/15 .event anyedge, v00000235a7816180_57, v00000235a7816180_58, v00000235a7816180_59, v00000235a7816180_60;
v00000235a7816180_61 .array/port v00000235a7816180, 61;
v00000235a7816180_62 .array/port v00000235a7816180, 62;
v00000235a7816180_63 .array/port v00000235a7816180, 63;
v00000235a7816180_64 .array/port v00000235a7816180, 64;
E_00000235a785e560/16 .event anyedge, v00000235a7816180_61, v00000235a7816180_62, v00000235a7816180_63, v00000235a7816180_64;
v00000235a7816180_65 .array/port v00000235a7816180, 65;
v00000235a7816180_66 .array/port v00000235a7816180, 66;
v00000235a7816180_67 .array/port v00000235a7816180, 67;
v00000235a7816180_68 .array/port v00000235a7816180, 68;
E_00000235a785e560/17 .event anyedge, v00000235a7816180_65, v00000235a7816180_66, v00000235a7816180_67, v00000235a7816180_68;
v00000235a7816180_69 .array/port v00000235a7816180, 69;
v00000235a7816180_70 .array/port v00000235a7816180, 70;
v00000235a7816180_71 .array/port v00000235a7816180, 71;
v00000235a7816180_72 .array/port v00000235a7816180, 72;
E_00000235a785e560/18 .event anyedge, v00000235a7816180_69, v00000235a7816180_70, v00000235a7816180_71, v00000235a7816180_72;
v00000235a7816180_73 .array/port v00000235a7816180, 73;
v00000235a7816180_74 .array/port v00000235a7816180, 74;
v00000235a7816180_75 .array/port v00000235a7816180, 75;
v00000235a7816180_76 .array/port v00000235a7816180, 76;
E_00000235a785e560/19 .event anyedge, v00000235a7816180_73, v00000235a7816180_74, v00000235a7816180_75, v00000235a7816180_76;
v00000235a7816180_77 .array/port v00000235a7816180, 77;
v00000235a7816180_78 .array/port v00000235a7816180, 78;
v00000235a7816180_79 .array/port v00000235a7816180, 79;
v00000235a7816180_80 .array/port v00000235a7816180, 80;
E_00000235a785e560/20 .event anyedge, v00000235a7816180_77, v00000235a7816180_78, v00000235a7816180_79, v00000235a7816180_80;
v00000235a7816180_81 .array/port v00000235a7816180, 81;
v00000235a7816180_82 .array/port v00000235a7816180, 82;
v00000235a7816180_83 .array/port v00000235a7816180, 83;
v00000235a7816180_84 .array/port v00000235a7816180, 84;
E_00000235a785e560/21 .event anyedge, v00000235a7816180_81, v00000235a7816180_82, v00000235a7816180_83, v00000235a7816180_84;
v00000235a7816180_85 .array/port v00000235a7816180, 85;
v00000235a7816180_86 .array/port v00000235a7816180, 86;
v00000235a7816180_87 .array/port v00000235a7816180, 87;
v00000235a7816180_88 .array/port v00000235a7816180, 88;
E_00000235a785e560/22 .event anyedge, v00000235a7816180_85, v00000235a7816180_86, v00000235a7816180_87, v00000235a7816180_88;
v00000235a7816180_89 .array/port v00000235a7816180, 89;
v00000235a7816180_90 .array/port v00000235a7816180, 90;
v00000235a7816180_91 .array/port v00000235a7816180, 91;
v00000235a7816180_92 .array/port v00000235a7816180, 92;
E_00000235a785e560/23 .event anyedge, v00000235a7816180_89, v00000235a7816180_90, v00000235a7816180_91, v00000235a7816180_92;
v00000235a7816180_93 .array/port v00000235a7816180, 93;
v00000235a7816180_94 .array/port v00000235a7816180, 94;
v00000235a7816180_95 .array/port v00000235a7816180, 95;
v00000235a7816180_96 .array/port v00000235a7816180, 96;
E_00000235a785e560/24 .event anyedge, v00000235a7816180_93, v00000235a7816180_94, v00000235a7816180_95, v00000235a7816180_96;
v00000235a7816180_97 .array/port v00000235a7816180, 97;
v00000235a7816180_98 .array/port v00000235a7816180, 98;
v00000235a7816180_99 .array/port v00000235a7816180, 99;
v00000235a7816180_100 .array/port v00000235a7816180, 100;
E_00000235a785e560/25 .event anyedge, v00000235a7816180_97, v00000235a7816180_98, v00000235a7816180_99, v00000235a7816180_100;
v00000235a7816180_101 .array/port v00000235a7816180, 101;
v00000235a7816180_102 .array/port v00000235a7816180, 102;
v00000235a7816180_103 .array/port v00000235a7816180, 103;
v00000235a7816180_104 .array/port v00000235a7816180, 104;
E_00000235a785e560/26 .event anyedge, v00000235a7816180_101, v00000235a7816180_102, v00000235a7816180_103, v00000235a7816180_104;
v00000235a7816180_105 .array/port v00000235a7816180, 105;
v00000235a7816180_106 .array/port v00000235a7816180, 106;
v00000235a7816180_107 .array/port v00000235a7816180, 107;
v00000235a7816180_108 .array/port v00000235a7816180, 108;
E_00000235a785e560/27 .event anyedge, v00000235a7816180_105, v00000235a7816180_106, v00000235a7816180_107, v00000235a7816180_108;
v00000235a7816180_109 .array/port v00000235a7816180, 109;
v00000235a7816180_110 .array/port v00000235a7816180, 110;
v00000235a7816180_111 .array/port v00000235a7816180, 111;
v00000235a7816180_112 .array/port v00000235a7816180, 112;
E_00000235a785e560/28 .event anyedge, v00000235a7816180_109, v00000235a7816180_110, v00000235a7816180_111, v00000235a7816180_112;
v00000235a7816180_113 .array/port v00000235a7816180, 113;
v00000235a7816180_114 .array/port v00000235a7816180, 114;
v00000235a7816180_115 .array/port v00000235a7816180, 115;
v00000235a7816180_116 .array/port v00000235a7816180, 116;
E_00000235a785e560/29 .event anyedge, v00000235a7816180_113, v00000235a7816180_114, v00000235a7816180_115, v00000235a7816180_116;
v00000235a7816180_117 .array/port v00000235a7816180, 117;
v00000235a7816180_118 .array/port v00000235a7816180, 118;
v00000235a7816180_119 .array/port v00000235a7816180, 119;
v00000235a7816180_120 .array/port v00000235a7816180, 120;
E_00000235a785e560/30 .event anyedge, v00000235a7816180_117, v00000235a7816180_118, v00000235a7816180_119, v00000235a7816180_120;
v00000235a7816180_121 .array/port v00000235a7816180, 121;
v00000235a7816180_122 .array/port v00000235a7816180, 122;
v00000235a7816180_123 .array/port v00000235a7816180, 123;
v00000235a7816180_124 .array/port v00000235a7816180, 124;
E_00000235a785e560/31 .event anyedge, v00000235a7816180_121, v00000235a7816180_122, v00000235a7816180_123, v00000235a7816180_124;
v00000235a7816180_125 .array/port v00000235a7816180, 125;
v00000235a7816180_126 .array/port v00000235a7816180, 126;
v00000235a7816180_127 .array/port v00000235a7816180, 127;
v00000235a7816180_128 .array/port v00000235a7816180, 128;
E_00000235a785e560/32 .event anyedge, v00000235a7816180_125, v00000235a7816180_126, v00000235a7816180_127, v00000235a7816180_128;
v00000235a7816180_129 .array/port v00000235a7816180, 129;
v00000235a7816180_130 .array/port v00000235a7816180, 130;
v00000235a7816180_131 .array/port v00000235a7816180, 131;
v00000235a7816180_132 .array/port v00000235a7816180, 132;
E_00000235a785e560/33 .event anyedge, v00000235a7816180_129, v00000235a7816180_130, v00000235a7816180_131, v00000235a7816180_132;
v00000235a7816180_133 .array/port v00000235a7816180, 133;
v00000235a7816180_134 .array/port v00000235a7816180, 134;
v00000235a7816180_135 .array/port v00000235a7816180, 135;
v00000235a7816180_136 .array/port v00000235a7816180, 136;
E_00000235a785e560/34 .event anyedge, v00000235a7816180_133, v00000235a7816180_134, v00000235a7816180_135, v00000235a7816180_136;
v00000235a7816180_137 .array/port v00000235a7816180, 137;
v00000235a7816180_138 .array/port v00000235a7816180, 138;
v00000235a7816180_139 .array/port v00000235a7816180, 139;
v00000235a7816180_140 .array/port v00000235a7816180, 140;
E_00000235a785e560/35 .event anyedge, v00000235a7816180_137, v00000235a7816180_138, v00000235a7816180_139, v00000235a7816180_140;
v00000235a7816180_141 .array/port v00000235a7816180, 141;
v00000235a7816180_142 .array/port v00000235a7816180, 142;
v00000235a7816180_143 .array/port v00000235a7816180, 143;
v00000235a7816180_144 .array/port v00000235a7816180, 144;
E_00000235a785e560/36 .event anyedge, v00000235a7816180_141, v00000235a7816180_142, v00000235a7816180_143, v00000235a7816180_144;
v00000235a7816180_145 .array/port v00000235a7816180, 145;
v00000235a7816180_146 .array/port v00000235a7816180, 146;
v00000235a7816180_147 .array/port v00000235a7816180, 147;
v00000235a7816180_148 .array/port v00000235a7816180, 148;
E_00000235a785e560/37 .event anyedge, v00000235a7816180_145, v00000235a7816180_146, v00000235a7816180_147, v00000235a7816180_148;
v00000235a7816180_149 .array/port v00000235a7816180, 149;
v00000235a7816180_150 .array/port v00000235a7816180, 150;
v00000235a7816180_151 .array/port v00000235a7816180, 151;
v00000235a7816180_152 .array/port v00000235a7816180, 152;
E_00000235a785e560/38 .event anyedge, v00000235a7816180_149, v00000235a7816180_150, v00000235a7816180_151, v00000235a7816180_152;
v00000235a7816180_153 .array/port v00000235a7816180, 153;
v00000235a7816180_154 .array/port v00000235a7816180, 154;
v00000235a7816180_155 .array/port v00000235a7816180, 155;
v00000235a7816180_156 .array/port v00000235a7816180, 156;
E_00000235a785e560/39 .event anyedge, v00000235a7816180_153, v00000235a7816180_154, v00000235a7816180_155, v00000235a7816180_156;
v00000235a7816180_157 .array/port v00000235a7816180, 157;
v00000235a7816180_158 .array/port v00000235a7816180, 158;
v00000235a7816180_159 .array/port v00000235a7816180, 159;
v00000235a7816180_160 .array/port v00000235a7816180, 160;
E_00000235a785e560/40 .event anyedge, v00000235a7816180_157, v00000235a7816180_158, v00000235a7816180_159, v00000235a7816180_160;
v00000235a7816180_161 .array/port v00000235a7816180, 161;
v00000235a7816180_162 .array/port v00000235a7816180, 162;
v00000235a7816180_163 .array/port v00000235a7816180, 163;
v00000235a7816180_164 .array/port v00000235a7816180, 164;
E_00000235a785e560/41 .event anyedge, v00000235a7816180_161, v00000235a7816180_162, v00000235a7816180_163, v00000235a7816180_164;
v00000235a7816180_165 .array/port v00000235a7816180, 165;
v00000235a7816180_166 .array/port v00000235a7816180, 166;
v00000235a7816180_167 .array/port v00000235a7816180, 167;
v00000235a7816180_168 .array/port v00000235a7816180, 168;
E_00000235a785e560/42 .event anyedge, v00000235a7816180_165, v00000235a7816180_166, v00000235a7816180_167, v00000235a7816180_168;
v00000235a7816180_169 .array/port v00000235a7816180, 169;
v00000235a7816180_170 .array/port v00000235a7816180, 170;
v00000235a7816180_171 .array/port v00000235a7816180, 171;
v00000235a7816180_172 .array/port v00000235a7816180, 172;
E_00000235a785e560/43 .event anyedge, v00000235a7816180_169, v00000235a7816180_170, v00000235a7816180_171, v00000235a7816180_172;
v00000235a7816180_173 .array/port v00000235a7816180, 173;
v00000235a7816180_174 .array/port v00000235a7816180, 174;
v00000235a7816180_175 .array/port v00000235a7816180, 175;
v00000235a7816180_176 .array/port v00000235a7816180, 176;
E_00000235a785e560/44 .event anyedge, v00000235a7816180_173, v00000235a7816180_174, v00000235a7816180_175, v00000235a7816180_176;
v00000235a7816180_177 .array/port v00000235a7816180, 177;
v00000235a7816180_178 .array/port v00000235a7816180, 178;
v00000235a7816180_179 .array/port v00000235a7816180, 179;
v00000235a7816180_180 .array/port v00000235a7816180, 180;
E_00000235a785e560/45 .event anyedge, v00000235a7816180_177, v00000235a7816180_178, v00000235a7816180_179, v00000235a7816180_180;
v00000235a7816180_181 .array/port v00000235a7816180, 181;
v00000235a7816180_182 .array/port v00000235a7816180, 182;
v00000235a7816180_183 .array/port v00000235a7816180, 183;
v00000235a7816180_184 .array/port v00000235a7816180, 184;
E_00000235a785e560/46 .event anyedge, v00000235a7816180_181, v00000235a7816180_182, v00000235a7816180_183, v00000235a7816180_184;
v00000235a7816180_185 .array/port v00000235a7816180, 185;
v00000235a7816180_186 .array/port v00000235a7816180, 186;
v00000235a7816180_187 .array/port v00000235a7816180, 187;
v00000235a7816180_188 .array/port v00000235a7816180, 188;
E_00000235a785e560/47 .event anyedge, v00000235a7816180_185, v00000235a7816180_186, v00000235a7816180_187, v00000235a7816180_188;
v00000235a7816180_189 .array/port v00000235a7816180, 189;
v00000235a7816180_190 .array/port v00000235a7816180, 190;
v00000235a7816180_191 .array/port v00000235a7816180, 191;
v00000235a7816180_192 .array/port v00000235a7816180, 192;
E_00000235a785e560/48 .event anyedge, v00000235a7816180_189, v00000235a7816180_190, v00000235a7816180_191, v00000235a7816180_192;
v00000235a7816180_193 .array/port v00000235a7816180, 193;
v00000235a7816180_194 .array/port v00000235a7816180, 194;
v00000235a7816180_195 .array/port v00000235a7816180, 195;
v00000235a7816180_196 .array/port v00000235a7816180, 196;
E_00000235a785e560/49 .event anyedge, v00000235a7816180_193, v00000235a7816180_194, v00000235a7816180_195, v00000235a7816180_196;
v00000235a7816180_197 .array/port v00000235a7816180, 197;
v00000235a7816180_198 .array/port v00000235a7816180, 198;
v00000235a7816180_199 .array/port v00000235a7816180, 199;
v00000235a7816180_200 .array/port v00000235a7816180, 200;
E_00000235a785e560/50 .event anyedge, v00000235a7816180_197, v00000235a7816180_198, v00000235a7816180_199, v00000235a7816180_200;
v00000235a7816180_201 .array/port v00000235a7816180, 201;
v00000235a7816180_202 .array/port v00000235a7816180, 202;
v00000235a7816180_203 .array/port v00000235a7816180, 203;
v00000235a7816180_204 .array/port v00000235a7816180, 204;
E_00000235a785e560/51 .event anyedge, v00000235a7816180_201, v00000235a7816180_202, v00000235a7816180_203, v00000235a7816180_204;
v00000235a7816180_205 .array/port v00000235a7816180, 205;
v00000235a7816180_206 .array/port v00000235a7816180, 206;
v00000235a7816180_207 .array/port v00000235a7816180, 207;
v00000235a7816180_208 .array/port v00000235a7816180, 208;
E_00000235a785e560/52 .event anyedge, v00000235a7816180_205, v00000235a7816180_206, v00000235a7816180_207, v00000235a7816180_208;
v00000235a7816180_209 .array/port v00000235a7816180, 209;
v00000235a7816180_210 .array/port v00000235a7816180, 210;
v00000235a7816180_211 .array/port v00000235a7816180, 211;
v00000235a7816180_212 .array/port v00000235a7816180, 212;
E_00000235a785e560/53 .event anyedge, v00000235a7816180_209, v00000235a7816180_210, v00000235a7816180_211, v00000235a7816180_212;
v00000235a7816180_213 .array/port v00000235a7816180, 213;
v00000235a7816180_214 .array/port v00000235a7816180, 214;
v00000235a7816180_215 .array/port v00000235a7816180, 215;
v00000235a7816180_216 .array/port v00000235a7816180, 216;
E_00000235a785e560/54 .event anyedge, v00000235a7816180_213, v00000235a7816180_214, v00000235a7816180_215, v00000235a7816180_216;
v00000235a7816180_217 .array/port v00000235a7816180, 217;
v00000235a7816180_218 .array/port v00000235a7816180, 218;
v00000235a7816180_219 .array/port v00000235a7816180, 219;
v00000235a7816180_220 .array/port v00000235a7816180, 220;
E_00000235a785e560/55 .event anyedge, v00000235a7816180_217, v00000235a7816180_218, v00000235a7816180_219, v00000235a7816180_220;
v00000235a7816180_221 .array/port v00000235a7816180, 221;
v00000235a7816180_222 .array/port v00000235a7816180, 222;
v00000235a7816180_223 .array/port v00000235a7816180, 223;
v00000235a7816180_224 .array/port v00000235a7816180, 224;
E_00000235a785e560/56 .event anyedge, v00000235a7816180_221, v00000235a7816180_222, v00000235a7816180_223, v00000235a7816180_224;
v00000235a7816180_225 .array/port v00000235a7816180, 225;
v00000235a7816180_226 .array/port v00000235a7816180, 226;
v00000235a7816180_227 .array/port v00000235a7816180, 227;
v00000235a7816180_228 .array/port v00000235a7816180, 228;
E_00000235a785e560/57 .event anyedge, v00000235a7816180_225, v00000235a7816180_226, v00000235a7816180_227, v00000235a7816180_228;
v00000235a7816180_229 .array/port v00000235a7816180, 229;
v00000235a7816180_230 .array/port v00000235a7816180, 230;
v00000235a7816180_231 .array/port v00000235a7816180, 231;
v00000235a7816180_232 .array/port v00000235a7816180, 232;
E_00000235a785e560/58 .event anyedge, v00000235a7816180_229, v00000235a7816180_230, v00000235a7816180_231, v00000235a7816180_232;
v00000235a7816180_233 .array/port v00000235a7816180, 233;
v00000235a7816180_234 .array/port v00000235a7816180, 234;
v00000235a7816180_235 .array/port v00000235a7816180, 235;
v00000235a7816180_236 .array/port v00000235a7816180, 236;
E_00000235a785e560/59 .event anyedge, v00000235a7816180_233, v00000235a7816180_234, v00000235a7816180_235, v00000235a7816180_236;
v00000235a7816180_237 .array/port v00000235a7816180, 237;
v00000235a7816180_238 .array/port v00000235a7816180, 238;
v00000235a7816180_239 .array/port v00000235a7816180, 239;
v00000235a7816180_240 .array/port v00000235a7816180, 240;
E_00000235a785e560/60 .event anyedge, v00000235a7816180_237, v00000235a7816180_238, v00000235a7816180_239, v00000235a7816180_240;
v00000235a7816180_241 .array/port v00000235a7816180, 241;
v00000235a7816180_242 .array/port v00000235a7816180, 242;
v00000235a7816180_243 .array/port v00000235a7816180, 243;
v00000235a7816180_244 .array/port v00000235a7816180, 244;
E_00000235a785e560/61 .event anyedge, v00000235a7816180_241, v00000235a7816180_242, v00000235a7816180_243, v00000235a7816180_244;
v00000235a7816180_245 .array/port v00000235a7816180, 245;
v00000235a7816180_246 .array/port v00000235a7816180, 246;
v00000235a7816180_247 .array/port v00000235a7816180, 247;
v00000235a7816180_248 .array/port v00000235a7816180, 248;
E_00000235a785e560/62 .event anyedge, v00000235a7816180_245, v00000235a7816180_246, v00000235a7816180_247, v00000235a7816180_248;
v00000235a7816180_249 .array/port v00000235a7816180, 249;
v00000235a7816180_250 .array/port v00000235a7816180, 250;
v00000235a7816180_251 .array/port v00000235a7816180, 251;
v00000235a7816180_252 .array/port v00000235a7816180, 252;
E_00000235a785e560/63 .event anyedge, v00000235a7816180_249, v00000235a7816180_250, v00000235a7816180_251, v00000235a7816180_252;
v00000235a7816180_253 .array/port v00000235a7816180, 253;
v00000235a7816180_254 .array/port v00000235a7816180, 254;
v00000235a7816180_255 .array/port v00000235a7816180, 255;
v00000235a7816180_256 .array/port v00000235a7816180, 256;
E_00000235a785e560/64 .event anyedge, v00000235a7816180_253, v00000235a7816180_254, v00000235a7816180_255, v00000235a7816180_256;
v00000235a7816180_257 .array/port v00000235a7816180, 257;
v00000235a7816180_258 .array/port v00000235a7816180, 258;
v00000235a7816180_259 .array/port v00000235a7816180, 259;
v00000235a7816180_260 .array/port v00000235a7816180, 260;
E_00000235a785e560/65 .event anyedge, v00000235a7816180_257, v00000235a7816180_258, v00000235a7816180_259, v00000235a7816180_260;
v00000235a7816180_261 .array/port v00000235a7816180, 261;
v00000235a7816180_262 .array/port v00000235a7816180, 262;
v00000235a7816180_263 .array/port v00000235a7816180, 263;
v00000235a7816180_264 .array/port v00000235a7816180, 264;
E_00000235a785e560/66 .event anyedge, v00000235a7816180_261, v00000235a7816180_262, v00000235a7816180_263, v00000235a7816180_264;
v00000235a7816180_265 .array/port v00000235a7816180, 265;
v00000235a7816180_266 .array/port v00000235a7816180, 266;
v00000235a7816180_267 .array/port v00000235a7816180, 267;
v00000235a7816180_268 .array/port v00000235a7816180, 268;
E_00000235a785e560/67 .event anyedge, v00000235a7816180_265, v00000235a7816180_266, v00000235a7816180_267, v00000235a7816180_268;
v00000235a7816180_269 .array/port v00000235a7816180, 269;
v00000235a7816180_270 .array/port v00000235a7816180, 270;
v00000235a7816180_271 .array/port v00000235a7816180, 271;
v00000235a7816180_272 .array/port v00000235a7816180, 272;
E_00000235a785e560/68 .event anyedge, v00000235a7816180_269, v00000235a7816180_270, v00000235a7816180_271, v00000235a7816180_272;
v00000235a7816180_273 .array/port v00000235a7816180, 273;
v00000235a7816180_274 .array/port v00000235a7816180, 274;
v00000235a7816180_275 .array/port v00000235a7816180, 275;
v00000235a7816180_276 .array/port v00000235a7816180, 276;
E_00000235a785e560/69 .event anyedge, v00000235a7816180_273, v00000235a7816180_274, v00000235a7816180_275, v00000235a7816180_276;
v00000235a7816180_277 .array/port v00000235a7816180, 277;
v00000235a7816180_278 .array/port v00000235a7816180, 278;
v00000235a7816180_279 .array/port v00000235a7816180, 279;
v00000235a7816180_280 .array/port v00000235a7816180, 280;
E_00000235a785e560/70 .event anyedge, v00000235a7816180_277, v00000235a7816180_278, v00000235a7816180_279, v00000235a7816180_280;
v00000235a7816180_281 .array/port v00000235a7816180, 281;
v00000235a7816180_282 .array/port v00000235a7816180, 282;
v00000235a7816180_283 .array/port v00000235a7816180, 283;
v00000235a7816180_284 .array/port v00000235a7816180, 284;
E_00000235a785e560/71 .event anyedge, v00000235a7816180_281, v00000235a7816180_282, v00000235a7816180_283, v00000235a7816180_284;
v00000235a7816180_285 .array/port v00000235a7816180, 285;
v00000235a7816180_286 .array/port v00000235a7816180, 286;
v00000235a7816180_287 .array/port v00000235a7816180, 287;
v00000235a7816180_288 .array/port v00000235a7816180, 288;
E_00000235a785e560/72 .event anyedge, v00000235a7816180_285, v00000235a7816180_286, v00000235a7816180_287, v00000235a7816180_288;
v00000235a7816180_289 .array/port v00000235a7816180, 289;
v00000235a7816180_290 .array/port v00000235a7816180, 290;
v00000235a7816180_291 .array/port v00000235a7816180, 291;
v00000235a7816180_292 .array/port v00000235a7816180, 292;
E_00000235a785e560/73 .event anyedge, v00000235a7816180_289, v00000235a7816180_290, v00000235a7816180_291, v00000235a7816180_292;
v00000235a7816180_293 .array/port v00000235a7816180, 293;
v00000235a7816180_294 .array/port v00000235a7816180, 294;
v00000235a7816180_295 .array/port v00000235a7816180, 295;
v00000235a7816180_296 .array/port v00000235a7816180, 296;
E_00000235a785e560/74 .event anyedge, v00000235a7816180_293, v00000235a7816180_294, v00000235a7816180_295, v00000235a7816180_296;
v00000235a7816180_297 .array/port v00000235a7816180, 297;
v00000235a7816180_298 .array/port v00000235a7816180, 298;
v00000235a7816180_299 .array/port v00000235a7816180, 299;
v00000235a7816180_300 .array/port v00000235a7816180, 300;
E_00000235a785e560/75 .event anyedge, v00000235a7816180_297, v00000235a7816180_298, v00000235a7816180_299, v00000235a7816180_300;
v00000235a7816180_301 .array/port v00000235a7816180, 301;
v00000235a7816180_302 .array/port v00000235a7816180, 302;
v00000235a7816180_303 .array/port v00000235a7816180, 303;
v00000235a7816180_304 .array/port v00000235a7816180, 304;
E_00000235a785e560/76 .event anyedge, v00000235a7816180_301, v00000235a7816180_302, v00000235a7816180_303, v00000235a7816180_304;
v00000235a7816180_305 .array/port v00000235a7816180, 305;
v00000235a7816180_306 .array/port v00000235a7816180, 306;
v00000235a7816180_307 .array/port v00000235a7816180, 307;
v00000235a7816180_308 .array/port v00000235a7816180, 308;
E_00000235a785e560/77 .event anyedge, v00000235a7816180_305, v00000235a7816180_306, v00000235a7816180_307, v00000235a7816180_308;
v00000235a7816180_309 .array/port v00000235a7816180, 309;
v00000235a7816180_310 .array/port v00000235a7816180, 310;
v00000235a7816180_311 .array/port v00000235a7816180, 311;
v00000235a7816180_312 .array/port v00000235a7816180, 312;
E_00000235a785e560/78 .event anyedge, v00000235a7816180_309, v00000235a7816180_310, v00000235a7816180_311, v00000235a7816180_312;
v00000235a7816180_313 .array/port v00000235a7816180, 313;
v00000235a7816180_314 .array/port v00000235a7816180, 314;
v00000235a7816180_315 .array/port v00000235a7816180, 315;
v00000235a7816180_316 .array/port v00000235a7816180, 316;
E_00000235a785e560/79 .event anyedge, v00000235a7816180_313, v00000235a7816180_314, v00000235a7816180_315, v00000235a7816180_316;
v00000235a7816180_317 .array/port v00000235a7816180, 317;
v00000235a7816180_318 .array/port v00000235a7816180, 318;
v00000235a7816180_319 .array/port v00000235a7816180, 319;
v00000235a7816180_320 .array/port v00000235a7816180, 320;
E_00000235a785e560/80 .event anyedge, v00000235a7816180_317, v00000235a7816180_318, v00000235a7816180_319, v00000235a7816180_320;
v00000235a7816180_321 .array/port v00000235a7816180, 321;
v00000235a7816180_322 .array/port v00000235a7816180, 322;
v00000235a7816180_323 .array/port v00000235a7816180, 323;
v00000235a7816180_324 .array/port v00000235a7816180, 324;
E_00000235a785e560/81 .event anyedge, v00000235a7816180_321, v00000235a7816180_322, v00000235a7816180_323, v00000235a7816180_324;
v00000235a7816180_325 .array/port v00000235a7816180, 325;
v00000235a7816180_326 .array/port v00000235a7816180, 326;
v00000235a7816180_327 .array/port v00000235a7816180, 327;
v00000235a7816180_328 .array/port v00000235a7816180, 328;
E_00000235a785e560/82 .event anyedge, v00000235a7816180_325, v00000235a7816180_326, v00000235a7816180_327, v00000235a7816180_328;
v00000235a7816180_329 .array/port v00000235a7816180, 329;
v00000235a7816180_330 .array/port v00000235a7816180, 330;
v00000235a7816180_331 .array/port v00000235a7816180, 331;
v00000235a7816180_332 .array/port v00000235a7816180, 332;
E_00000235a785e560/83 .event anyedge, v00000235a7816180_329, v00000235a7816180_330, v00000235a7816180_331, v00000235a7816180_332;
v00000235a7816180_333 .array/port v00000235a7816180, 333;
v00000235a7816180_334 .array/port v00000235a7816180, 334;
v00000235a7816180_335 .array/port v00000235a7816180, 335;
v00000235a7816180_336 .array/port v00000235a7816180, 336;
E_00000235a785e560/84 .event anyedge, v00000235a7816180_333, v00000235a7816180_334, v00000235a7816180_335, v00000235a7816180_336;
v00000235a7816180_337 .array/port v00000235a7816180, 337;
v00000235a7816180_338 .array/port v00000235a7816180, 338;
v00000235a7816180_339 .array/port v00000235a7816180, 339;
v00000235a7816180_340 .array/port v00000235a7816180, 340;
E_00000235a785e560/85 .event anyedge, v00000235a7816180_337, v00000235a7816180_338, v00000235a7816180_339, v00000235a7816180_340;
v00000235a7816180_341 .array/port v00000235a7816180, 341;
v00000235a7816180_342 .array/port v00000235a7816180, 342;
v00000235a7816180_343 .array/port v00000235a7816180, 343;
v00000235a7816180_344 .array/port v00000235a7816180, 344;
E_00000235a785e560/86 .event anyedge, v00000235a7816180_341, v00000235a7816180_342, v00000235a7816180_343, v00000235a7816180_344;
v00000235a7816180_345 .array/port v00000235a7816180, 345;
v00000235a7816180_346 .array/port v00000235a7816180, 346;
v00000235a7816180_347 .array/port v00000235a7816180, 347;
v00000235a7816180_348 .array/port v00000235a7816180, 348;
E_00000235a785e560/87 .event anyedge, v00000235a7816180_345, v00000235a7816180_346, v00000235a7816180_347, v00000235a7816180_348;
v00000235a7816180_349 .array/port v00000235a7816180, 349;
v00000235a7816180_350 .array/port v00000235a7816180, 350;
v00000235a7816180_351 .array/port v00000235a7816180, 351;
v00000235a7816180_352 .array/port v00000235a7816180, 352;
E_00000235a785e560/88 .event anyedge, v00000235a7816180_349, v00000235a7816180_350, v00000235a7816180_351, v00000235a7816180_352;
v00000235a7816180_353 .array/port v00000235a7816180, 353;
v00000235a7816180_354 .array/port v00000235a7816180, 354;
v00000235a7816180_355 .array/port v00000235a7816180, 355;
v00000235a7816180_356 .array/port v00000235a7816180, 356;
E_00000235a785e560/89 .event anyedge, v00000235a7816180_353, v00000235a7816180_354, v00000235a7816180_355, v00000235a7816180_356;
v00000235a7816180_357 .array/port v00000235a7816180, 357;
v00000235a7816180_358 .array/port v00000235a7816180, 358;
v00000235a7816180_359 .array/port v00000235a7816180, 359;
v00000235a7816180_360 .array/port v00000235a7816180, 360;
E_00000235a785e560/90 .event anyedge, v00000235a7816180_357, v00000235a7816180_358, v00000235a7816180_359, v00000235a7816180_360;
v00000235a7816180_361 .array/port v00000235a7816180, 361;
v00000235a7816180_362 .array/port v00000235a7816180, 362;
v00000235a7816180_363 .array/port v00000235a7816180, 363;
v00000235a7816180_364 .array/port v00000235a7816180, 364;
E_00000235a785e560/91 .event anyedge, v00000235a7816180_361, v00000235a7816180_362, v00000235a7816180_363, v00000235a7816180_364;
v00000235a7816180_365 .array/port v00000235a7816180, 365;
v00000235a7816180_366 .array/port v00000235a7816180, 366;
v00000235a7816180_367 .array/port v00000235a7816180, 367;
v00000235a7816180_368 .array/port v00000235a7816180, 368;
E_00000235a785e560/92 .event anyedge, v00000235a7816180_365, v00000235a7816180_366, v00000235a7816180_367, v00000235a7816180_368;
v00000235a7816180_369 .array/port v00000235a7816180, 369;
v00000235a7816180_370 .array/port v00000235a7816180, 370;
v00000235a7816180_371 .array/port v00000235a7816180, 371;
v00000235a7816180_372 .array/port v00000235a7816180, 372;
E_00000235a785e560/93 .event anyedge, v00000235a7816180_369, v00000235a7816180_370, v00000235a7816180_371, v00000235a7816180_372;
v00000235a7816180_373 .array/port v00000235a7816180, 373;
v00000235a7816180_374 .array/port v00000235a7816180, 374;
v00000235a7816180_375 .array/port v00000235a7816180, 375;
v00000235a7816180_376 .array/port v00000235a7816180, 376;
E_00000235a785e560/94 .event anyedge, v00000235a7816180_373, v00000235a7816180_374, v00000235a7816180_375, v00000235a7816180_376;
v00000235a7816180_377 .array/port v00000235a7816180, 377;
v00000235a7816180_378 .array/port v00000235a7816180, 378;
v00000235a7816180_379 .array/port v00000235a7816180, 379;
v00000235a7816180_380 .array/port v00000235a7816180, 380;
E_00000235a785e560/95 .event anyedge, v00000235a7816180_377, v00000235a7816180_378, v00000235a7816180_379, v00000235a7816180_380;
v00000235a7816180_381 .array/port v00000235a7816180, 381;
v00000235a7816180_382 .array/port v00000235a7816180, 382;
v00000235a7816180_383 .array/port v00000235a7816180, 383;
v00000235a7816180_384 .array/port v00000235a7816180, 384;
E_00000235a785e560/96 .event anyedge, v00000235a7816180_381, v00000235a7816180_382, v00000235a7816180_383, v00000235a7816180_384;
v00000235a7816180_385 .array/port v00000235a7816180, 385;
v00000235a7816180_386 .array/port v00000235a7816180, 386;
v00000235a7816180_387 .array/port v00000235a7816180, 387;
v00000235a7816180_388 .array/port v00000235a7816180, 388;
E_00000235a785e560/97 .event anyedge, v00000235a7816180_385, v00000235a7816180_386, v00000235a7816180_387, v00000235a7816180_388;
v00000235a7816180_389 .array/port v00000235a7816180, 389;
v00000235a7816180_390 .array/port v00000235a7816180, 390;
v00000235a7816180_391 .array/port v00000235a7816180, 391;
v00000235a7816180_392 .array/port v00000235a7816180, 392;
E_00000235a785e560/98 .event anyedge, v00000235a7816180_389, v00000235a7816180_390, v00000235a7816180_391, v00000235a7816180_392;
v00000235a7816180_393 .array/port v00000235a7816180, 393;
v00000235a7816180_394 .array/port v00000235a7816180, 394;
v00000235a7816180_395 .array/port v00000235a7816180, 395;
v00000235a7816180_396 .array/port v00000235a7816180, 396;
E_00000235a785e560/99 .event anyedge, v00000235a7816180_393, v00000235a7816180_394, v00000235a7816180_395, v00000235a7816180_396;
v00000235a7816180_397 .array/port v00000235a7816180, 397;
v00000235a7816180_398 .array/port v00000235a7816180, 398;
v00000235a7816180_399 .array/port v00000235a7816180, 399;
v00000235a7816180_400 .array/port v00000235a7816180, 400;
E_00000235a785e560/100 .event anyedge, v00000235a7816180_397, v00000235a7816180_398, v00000235a7816180_399, v00000235a7816180_400;
v00000235a7816180_401 .array/port v00000235a7816180, 401;
v00000235a7816180_402 .array/port v00000235a7816180, 402;
v00000235a7816180_403 .array/port v00000235a7816180, 403;
v00000235a7816180_404 .array/port v00000235a7816180, 404;
E_00000235a785e560/101 .event anyedge, v00000235a7816180_401, v00000235a7816180_402, v00000235a7816180_403, v00000235a7816180_404;
v00000235a7816180_405 .array/port v00000235a7816180, 405;
v00000235a7816180_406 .array/port v00000235a7816180, 406;
v00000235a7816180_407 .array/port v00000235a7816180, 407;
v00000235a7816180_408 .array/port v00000235a7816180, 408;
E_00000235a785e560/102 .event anyedge, v00000235a7816180_405, v00000235a7816180_406, v00000235a7816180_407, v00000235a7816180_408;
v00000235a7816180_409 .array/port v00000235a7816180, 409;
v00000235a7816180_410 .array/port v00000235a7816180, 410;
v00000235a7816180_411 .array/port v00000235a7816180, 411;
v00000235a7816180_412 .array/port v00000235a7816180, 412;
E_00000235a785e560/103 .event anyedge, v00000235a7816180_409, v00000235a7816180_410, v00000235a7816180_411, v00000235a7816180_412;
v00000235a7816180_413 .array/port v00000235a7816180, 413;
v00000235a7816180_414 .array/port v00000235a7816180, 414;
v00000235a7816180_415 .array/port v00000235a7816180, 415;
v00000235a7816180_416 .array/port v00000235a7816180, 416;
E_00000235a785e560/104 .event anyedge, v00000235a7816180_413, v00000235a7816180_414, v00000235a7816180_415, v00000235a7816180_416;
v00000235a7816180_417 .array/port v00000235a7816180, 417;
v00000235a7816180_418 .array/port v00000235a7816180, 418;
v00000235a7816180_419 .array/port v00000235a7816180, 419;
v00000235a7816180_420 .array/port v00000235a7816180, 420;
E_00000235a785e560/105 .event anyedge, v00000235a7816180_417, v00000235a7816180_418, v00000235a7816180_419, v00000235a7816180_420;
v00000235a7816180_421 .array/port v00000235a7816180, 421;
v00000235a7816180_422 .array/port v00000235a7816180, 422;
v00000235a7816180_423 .array/port v00000235a7816180, 423;
v00000235a7816180_424 .array/port v00000235a7816180, 424;
E_00000235a785e560/106 .event anyedge, v00000235a7816180_421, v00000235a7816180_422, v00000235a7816180_423, v00000235a7816180_424;
v00000235a7816180_425 .array/port v00000235a7816180, 425;
v00000235a7816180_426 .array/port v00000235a7816180, 426;
v00000235a7816180_427 .array/port v00000235a7816180, 427;
v00000235a7816180_428 .array/port v00000235a7816180, 428;
E_00000235a785e560/107 .event anyedge, v00000235a7816180_425, v00000235a7816180_426, v00000235a7816180_427, v00000235a7816180_428;
v00000235a7816180_429 .array/port v00000235a7816180, 429;
v00000235a7816180_430 .array/port v00000235a7816180, 430;
v00000235a7816180_431 .array/port v00000235a7816180, 431;
v00000235a7816180_432 .array/port v00000235a7816180, 432;
E_00000235a785e560/108 .event anyedge, v00000235a7816180_429, v00000235a7816180_430, v00000235a7816180_431, v00000235a7816180_432;
v00000235a7816180_433 .array/port v00000235a7816180, 433;
v00000235a7816180_434 .array/port v00000235a7816180, 434;
v00000235a7816180_435 .array/port v00000235a7816180, 435;
v00000235a7816180_436 .array/port v00000235a7816180, 436;
E_00000235a785e560/109 .event anyedge, v00000235a7816180_433, v00000235a7816180_434, v00000235a7816180_435, v00000235a7816180_436;
v00000235a7816180_437 .array/port v00000235a7816180, 437;
v00000235a7816180_438 .array/port v00000235a7816180, 438;
v00000235a7816180_439 .array/port v00000235a7816180, 439;
v00000235a7816180_440 .array/port v00000235a7816180, 440;
E_00000235a785e560/110 .event anyedge, v00000235a7816180_437, v00000235a7816180_438, v00000235a7816180_439, v00000235a7816180_440;
v00000235a7816180_441 .array/port v00000235a7816180, 441;
v00000235a7816180_442 .array/port v00000235a7816180, 442;
v00000235a7816180_443 .array/port v00000235a7816180, 443;
v00000235a7816180_444 .array/port v00000235a7816180, 444;
E_00000235a785e560/111 .event anyedge, v00000235a7816180_441, v00000235a7816180_442, v00000235a7816180_443, v00000235a7816180_444;
v00000235a7816180_445 .array/port v00000235a7816180, 445;
v00000235a7816180_446 .array/port v00000235a7816180, 446;
v00000235a7816180_447 .array/port v00000235a7816180, 447;
v00000235a7816180_448 .array/port v00000235a7816180, 448;
E_00000235a785e560/112 .event anyedge, v00000235a7816180_445, v00000235a7816180_446, v00000235a7816180_447, v00000235a7816180_448;
v00000235a7816180_449 .array/port v00000235a7816180, 449;
v00000235a7816180_450 .array/port v00000235a7816180, 450;
v00000235a7816180_451 .array/port v00000235a7816180, 451;
v00000235a7816180_452 .array/port v00000235a7816180, 452;
E_00000235a785e560/113 .event anyedge, v00000235a7816180_449, v00000235a7816180_450, v00000235a7816180_451, v00000235a7816180_452;
v00000235a7816180_453 .array/port v00000235a7816180, 453;
v00000235a7816180_454 .array/port v00000235a7816180, 454;
v00000235a7816180_455 .array/port v00000235a7816180, 455;
v00000235a7816180_456 .array/port v00000235a7816180, 456;
E_00000235a785e560/114 .event anyedge, v00000235a7816180_453, v00000235a7816180_454, v00000235a7816180_455, v00000235a7816180_456;
v00000235a7816180_457 .array/port v00000235a7816180, 457;
v00000235a7816180_458 .array/port v00000235a7816180, 458;
v00000235a7816180_459 .array/port v00000235a7816180, 459;
v00000235a7816180_460 .array/port v00000235a7816180, 460;
E_00000235a785e560/115 .event anyedge, v00000235a7816180_457, v00000235a7816180_458, v00000235a7816180_459, v00000235a7816180_460;
v00000235a7816180_461 .array/port v00000235a7816180, 461;
v00000235a7816180_462 .array/port v00000235a7816180, 462;
v00000235a7816180_463 .array/port v00000235a7816180, 463;
v00000235a7816180_464 .array/port v00000235a7816180, 464;
E_00000235a785e560/116 .event anyedge, v00000235a7816180_461, v00000235a7816180_462, v00000235a7816180_463, v00000235a7816180_464;
v00000235a7816180_465 .array/port v00000235a7816180, 465;
v00000235a7816180_466 .array/port v00000235a7816180, 466;
v00000235a7816180_467 .array/port v00000235a7816180, 467;
v00000235a7816180_468 .array/port v00000235a7816180, 468;
E_00000235a785e560/117 .event anyedge, v00000235a7816180_465, v00000235a7816180_466, v00000235a7816180_467, v00000235a7816180_468;
v00000235a7816180_469 .array/port v00000235a7816180, 469;
v00000235a7816180_470 .array/port v00000235a7816180, 470;
v00000235a7816180_471 .array/port v00000235a7816180, 471;
v00000235a7816180_472 .array/port v00000235a7816180, 472;
E_00000235a785e560/118 .event anyedge, v00000235a7816180_469, v00000235a7816180_470, v00000235a7816180_471, v00000235a7816180_472;
v00000235a7816180_473 .array/port v00000235a7816180, 473;
v00000235a7816180_474 .array/port v00000235a7816180, 474;
v00000235a7816180_475 .array/port v00000235a7816180, 475;
v00000235a7816180_476 .array/port v00000235a7816180, 476;
E_00000235a785e560/119 .event anyedge, v00000235a7816180_473, v00000235a7816180_474, v00000235a7816180_475, v00000235a7816180_476;
v00000235a7816180_477 .array/port v00000235a7816180, 477;
v00000235a7816180_478 .array/port v00000235a7816180, 478;
v00000235a7816180_479 .array/port v00000235a7816180, 479;
v00000235a7816180_480 .array/port v00000235a7816180, 480;
E_00000235a785e560/120 .event anyedge, v00000235a7816180_477, v00000235a7816180_478, v00000235a7816180_479, v00000235a7816180_480;
v00000235a7816180_481 .array/port v00000235a7816180, 481;
v00000235a7816180_482 .array/port v00000235a7816180, 482;
v00000235a7816180_483 .array/port v00000235a7816180, 483;
v00000235a7816180_484 .array/port v00000235a7816180, 484;
E_00000235a785e560/121 .event anyedge, v00000235a7816180_481, v00000235a7816180_482, v00000235a7816180_483, v00000235a7816180_484;
v00000235a7816180_485 .array/port v00000235a7816180, 485;
v00000235a7816180_486 .array/port v00000235a7816180, 486;
v00000235a7816180_487 .array/port v00000235a7816180, 487;
v00000235a7816180_488 .array/port v00000235a7816180, 488;
E_00000235a785e560/122 .event anyedge, v00000235a7816180_485, v00000235a7816180_486, v00000235a7816180_487, v00000235a7816180_488;
v00000235a7816180_489 .array/port v00000235a7816180, 489;
v00000235a7816180_490 .array/port v00000235a7816180, 490;
v00000235a7816180_491 .array/port v00000235a7816180, 491;
v00000235a7816180_492 .array/port v00000235a7816180, 492;
E_00000235a785e560/123 .event anyedge, v00000235a7816180_489, v00000235a7816180_490, v00000235a7816180_491, v00000235a7816180_492;
v00000235a7816180_493 .array/port v00000235a7816180, 493;
v00000235a7816180_494 .array/port v00000235a7816180, 494;
v00000235a7816180_495 .array/port v00000235a7816180, 495;
v00000235a7816180_496 .array/port v00000235a7816180, 496;
E_00000235a785e560/124 .event anyedge, v00000235a7816180_493, v00000235a7816180_494, v00000235a7816180_495, v00000235a7816180_496;
v00000235a7816180_497 .array/port v00000235a7816180, 497;
v00000235a7816180_498 .array/port v00000235a7816180, 498;
v00000235a7816180_499 .array/port v00000235a7816180, 499;
v00000235a7816180_500 .array/port v00000235a7816180, 500;
E_00000235a785e560/125 .event anyedge, v00000235a7816180_497, v00000235a7816180_498, v00000235a7816180_499, v00000235a7816180_500;
v00000235a7816180_501 .array/port v00000235a7816180, 501;
v00000235a7816180_502 .array/port v00000235a7816180, 502;
v00000235a7816180_503 .array/port v00000235a7816180, 503;
v00000235a7816180_504 .array/port v00000235a7816180, 504;
E_00000235a785e560/126 .event anyedge, v00000235a7816180_501, v00000235a7816180_502, v00000235a7816180_503, v00000235a7816180_504;
v00000235a7816180_505 .array/port v00000235a7816180, 505;
v00000235a7816180_506 .array/port v00000235a7816180, 506;
v00000235a7816180_507 .array/port v00000235a7816180, 507;
v00000235a7816180_508 .array/port v00000235a7816180, 508;
E_00000235a785e560/127 .event anyedge, v00000235a7816180_505, v00000235a7816180_506, v00000235a7816180_507, v00000235a7816180_508;
v00000235a7816180_509 .array/port v00000235a7816180, 509;
v00000235a7816180_510 .array/port v00000235a7816180, 510;
v00000235a7816180_511 .array/port v00000235a7816180, 511;
v00000235a7816180_512 .array/port v00000235a7816180, 512;
E_00000235a785e560/128 .event anyedge, v00000235a7816180_509, v00000235a7816180_510, v00000235a7816180_511, v00000235a7816180_512;
v00000235a7816180_513 .array/port v00000235a7816180, 513;
v00000235a7816180_514 .array/port v00000235a7816180, 514;
v00000235a7816180_515 .array/port v00000235a7816180, 515;
v00000235a7816180_516 .array/port v00000235a7816180, 516;
E_00000235a785e560/129 .event anyedge, v00000235a7816180_513, v00000235a7816180_514, v00000235a7816180_515, v00000235a7816180_516;
v00000235a7816180_517 .array/port v00000235a7816180, 517;
v00000235a7816180_518 .array/port v00000235a7816180, 518;
v00000235a7816180_519 .array/port v00000235a7816180, 519;
v00000235a7816180_520 .array/port v00000235a7816180, 520;
E_00000235a785e560/130 .event anyedge, v00000235a7816180_517, v00000235a7816180_518, v00000235a7816180_519, v00000235a7816180_520;
v00000235a7816180_521 .array/port v00000235a7816180, 521;
v00000235a7816180_522 .array/port v00000235a7816180, 522;
v00000235a7816180_523 .array/port v00000235a7816180, 523;
v00000235a7816180_524 .array/port v00000235a7816180, 524;
E_00000235a785e560/131 .event anyedge, v00000235a7816180_521, v00000235a7816180_522, v00000235a7816180_523, v00000235a7816180_524;
v00000235a7816180_525 .array/port v00000235a7816180, 525;
v00000235a7816180_526 .array/port v00000235a7816180, 526;
v00000235a7816180_527 .array/port v00000235a7816180, 527;
v00000235a7816180_528 .array/port v00000235a7816180, 528;
E_00000235a785e560/132 .event anyedge, v00000235a7816180_525, v00000235a7816180_526, v00000235a7816180_527, v00000235a7816180_528;
v00000235a7816180_529 .array/port v00000235a7816180, 529;
v00000235a7816180_530 .array/port v00000235a7816180, 530;
v00000235a7816180_531 .array/port v00000235a7816180, 531;
v00000235a7816180_532 .array/port v00000235a7816180, 532;
E_00000235a785e560/133 .event anyedge, v00000235a7816180_529, v00000235a7816180_530, v00000235a7816180_531, v00000235a7816180_532;
v00000235a7816180_533 .array/port v00000235a7816180, 533;
v00000235a7816180_534 .array/port v00000235a7816180, 534;
v00000235a7816180_535 .array/port v00000235a7816180, 535;
v00000235a7816180_536 .array/port v00000235a7816180, 536;
E_00000235a785e560/134 .event anyedge, v00000235a7816180_533, v00000235a7816180_534, v00000235a7816180_535, v00000235a7816180_536;
v00000235a7816180_537 .array/port v00000235a7816180, 537;
v00000235a7816180_538 .array/port v00000235a7816180, 538;
v00000235a7816180_539 .array/port v00000235a7816180, 539;
v00000235a7816180_540 .array/port v00000235a7816180, 540;
E_00000235a785e560/135 .event anyedge, v00000235a7816180_537, v00000235a7816180_538, v00000235a7816180_539, v00000235a7816180_540;
v00000235a7816180_541 .array/port v00000235a7816180, 541;
v00000235a7816180_542 .array/port v00000235a7816180, 542;
v00000235a7816180_543 .array/port v00000235a7816180, 543;
v00000235a7816180_544 .array/port v00000235a7816180, 544;
E_00000235a785e560/136 .event anyedge, v00000235a7816180_541, v00000235a7816180_542, v00000235a7816180_543, v00000235a7816180_544;
v00000235a7816180_545 .array/port v00000235a7816180, 545;
v00000235a7816180_546 .array/port v00000235a7816180, 546;
v00000235a7816180_547 .array/port v00000235a7816180, 547;
v00000235a7816180_548 .array/port v00000235a7816180, 548;
E_00000235a785e560/137 .event anyedge, v00000235a7816180_545, v00000235a7816180_546, v00000235a7816180_547, v00000235a7816180_548;
v00000235a7816180_549 .array/port v00000235a7816180, 549;
v00000235a7816180_550 .array/port v00000235a7816180, 550;
v00000235a7816180_551 .array/port v00000235a7816180, 551;
v00000235a7816180_552 .array/port v00000235a7816180, 552;
E_00000235a785e560/138 .event anyedge, v00000235a7816180_549, v00000235a7816180_550, v00000235a7816180_551, v00000235a7816180_552;
v00000235a7816180_553 .array/port v00000235a7816180, 553;
v00000235a7816180_554 .array/port v00000235a7816180, 554;
v00000235a7816180_555 .array/port v00000235a7816180, 555;
v00000235a7816180_556 .array/port v00000235a7816180, 556;
E_00000235a785e560/139 .event anyedge, v00000235a7816180_553, v00000235a7816180_554, v00000235a7816180_555, v00000235a7816180_556;
v00000235a7816180_557 .array/port v00000235a7816180, 557;
v00000235a7816180_558 .array/port v00000235a7816180, 558;
v00000235a7816180_559 .array/port v00000235a7816180, 559;
v00000235a7816180_560 .array/port v00000235a7816180, 560;
E_00000235a785e560/140 .event anyedge, v00000235a7816180_557, v00000235a7816180_558, v00000235a7816180_559, v00000235a7816180_560;
v00000235a7816180_561 .array/port v00000235a7816180, 561;
v00000235a7816180_562 .array/port v00000235a7816180, 562;
v00000235a7816180_563 .array/port v00000235a7816180, 563;
v00000235a7816180_564 .array/port v00000235a7816180, 564;
E_00000235a785e560/141 .event anyedge, v00000235a7816180_561, v00000235a7816180_562, v00000235a7816180_563, v00000235a7816180_564;
v00000235a7816180_565 .array/port v00000235a7816180, 565;
v00000235a7816180_566 .array/port v00000235a7816180, 566;
v00000235a7816180_567 .array/port v00000235a7816180, 567;
v00000235a7816180_568 .array/port v00000235a7816180, 568;
E_00000235a785e560/142 .event anyedge, v00000235a7816180_565, v00000235a7816180_566, v00000235a7816180_567, v00000235a7816180_568;
v00000235a7816180_569 .array/port v00000235a7816180, 569;
v00000235a7816180_570 .array/port v00000235a7816180, 570;
v00000235a7816180_571 .array/port v00000235a7816180, 571;
v00000235a7816180_572 .array/port v00000235a7816180, 572;
E_00000235a785e560/143 .event anyedge, v00000235a7816180_569, v00000235a7816180_570, v00000235a7816180_571, v00000235a7816180_572;
v00000235a7816180_573 .array/port v00000235a7816180, 573;
v00000235a7816180_574 .array/port v00000235a7816180, 574;
v00000235a7816180_575 .array/port v00000235a7816180, 575;
v00000235a7816180_576 .array/port v00000235a7816180, 576;
E_00000235a785e560/144 .event anyedge, v00000235a7816180_573, v00000235a7816180_574, v00000235a7816180_575, v00000235a7816180_576;
v00000235a7816180_577 .array/port v00000235a7816180, 577;
v00000235a7816180_578 .array/port v00000235a7816180, 578;
v00000235a7816180_579 .array/port v00000235a7816180, 579;
v00000235a7816180_580 .array/port v00000235a7816180, 580;
E_00000235a785e560/145 .event anyedge, v00000235a7816180_577, v00000235a7816180_578, v00000235a7816180_579, v00000235a7816180_580;
v00000235a7816180_581 .array/port v00000235a7816180, 581;
v00000235a7816180_582 .array/port v00000235a7816180, 582;
v00000235a7816180_583 .array/port v00000235a7816180, 583;
v00000235a7816180_584 .array/port v00000235a7816180, 584;
E_00000235a785e560/146 .event anyedge, v00000235a7816180_581, v00000235a7816180_582, v00000235a7816180_583, v00000235a7816180_584;
v00000235a7816180_585 .array/port v00000235a7816180, 585;
v00000235a7816180_586 .array/port v00000235a7816180, 586;
v00000235a7816180_587 .array/port v00000235a7816180, 587;
v00000235a7816180_588 .array/port v00000235a7816180, 588;
E_00000235a785e560/147 .event anyedge, v00000235a7816180_585, v00000235a7816180_586, v00000235a7816180_587, v00000235a7816180_588;
v00000235a7816180_589 .array/port v00000235a7816180, 589;
v00000235a7816180_590 .array/port v00000235a7816180, 590;
v00000235a7816180_591 .array/port v00000235a7816180, 591;
v00000235a7816180_592 .array/port v00000235a7816180, 592;
E_00000235a785e560/148 .event anyedge, v00000235a7816180_589, v00000235a7816180_590, v00000235a7816180_591, v00000235a7816180_592;
v00000235a7816180_593 .array/port v00000235a7816180, 593;
v00000235a7816180_594 .array/port v00000235a7816180, 594;
v00000235a7816180_595 .array/port v00000235a7816180, 595;
v00000235a7816180_596 .array/port v00000235a7816180, 596;
E_00000235a785e560/149 .event anyedge, v00000235a7816180_593, v00000235a7816180_594, v00000235a7816180_595, v00000235a7816180_596;
v00000235a7816180_597 .array/port v00000235a7816180, 597;
v00000235a7816180_598 .array/port v00000235a7816180, 598;
v00000235a7816180_599 .array/port v00000235a7816180, 599;
v00000235a7816180_600 .array/port v00000235a7816180, 600;
E_00000235a785e560/150 .event anyedge, v00000235a7816180_597, v00000235a7816180_598, v00000235a7816180_599, v00000235a7816180_600;
v00000235a7816180_601 .array/port v00000235a7816180, 601;
v00000235a7816180_602 .array/port v00000235a7816180, 602;
v00000235a7816180_603 .array/port v00000235a7816180, 603;
v00000235a7816180_604 .array/port v00000235a7816180, 604;
E_00000235a785e560/151 .event anyedge, v00000235a7816180_601, v00000235a7816180_602, v00000235a7816180_603, v00000235a7816180_604;
v00000235a7816180_605 .array/port v00000235a7816180, 605;
v00000235a7816180_606 .array/port v00000235a7816180, 606;
v00000235a7816180_607 .array/port v00000235a7816180, 607;
v00000235a7816180_608 .array/port v00000235a7816180, 608;
E_00000235a785e560/152 .event anyedge, v00000235a7816180_605, v00000235a7816180_606, v00000235a7816180_607, v00000235a7816180_608;
v00000235a7816180_609 .array/port v00000235a7816180, 609;
v00000235a7816180_610 .array/port v00000235a7816180, 610;
v00000235a7816180_611 .array/port v00000235a7816180, 611;
v00000235a7816180_612 .array/port v00000235a7816180, 612;
E_00000235a785e560/153 .event anyedge, v00000235a7816180_609, v00000235a7816180_610, v00000235a7816180_611, v00000235a7816180_612;
v00000235a7816180_613 .array/port v00000235a7816180, 613;
v00000235a7816180_614 .array/port v00000235a7816180, 614;
v00000235a7816180_615 .array/port v00000235a7816180, 615;
v00000235a7816180_616 .array/port v00000235a7816180, 616;
E_00000235a785e560/154 .event anyedge, v00000235a7816180_613, v00000235a7816180_614, v00000235a7816180_615, v00000235a7816180_616;
v00000235a7816180_617 .array/port v00000235a7816180, 617;
v00000235a7816180_618 .array/port v00000235a7816180, 618;
v00000235a7816180_619 .array/port v00000235a7816180, 619;
v00000235a7816180_620 .array/port v00000235a7816180, 620;
E_00000235a785e560/155 .event anyedge, v00000235a7816180_617, v00000235a7816180_618, v00000235a7816180_619, v00000235a7816180_620;
v00000235a7816180_621 .array/port v00000235a7816180, 621;
v00000235a7816180_622 .array/port v00000235a7816180, 622;
v00000235a7816180_623 .array/port v00000235a7816180, 623;
v00000235a7816180_624 .array/port v00000235a7816180, 624;
E_00000235a785e560/156 .event anyedge, v00000235a7816180_621, v00000235a7816180_622, v00000235a7816180_623, v00000235a7816180_624;
v00000235a7816180_625 .array/port v00000235a7816180, 625;
v00000235a7816180_626 .array/port v00000235a7816180, 626;
v00000235a7816180_627 .array/port v00000235a7816180, 627;
v00000235a7816180_628 .array/port v00000235a7816180, 628;
E_00000235a785e560/157 .event anyedge, v00000235a7816180_625, v00000235a7816180_626, v00000235a7816180_627, v00000235a7816180_628;
v00000235a7816180_629 .array/port v00000235a7816180, 629;
v00000235a7816180_630 .array/port v00000235a7816180, 630;
v00000235a7816180_631 .array/port v00000235a7816180, 631;
v00000235a7816180_632 .array/port v00000235a7816180, 632;
E_00000235a785e560/158 .event anyedge, v00000235a7816180_629, v00000235a7816180_630, v00000235a7816180_631, v00000235a7816180_632;
v00000235a7816180_633 .array/port v00000235a7816180, 633;
v00000235a7816180_634 .array/port v00000235a7816180, 634;
v00000235a7816180_635 .array/port v00000235a7816180, 635;
v00000235a7816180_636 .array/port v00000235a7816180, 636;
E_00000235a785e560/159 .event anyedge, v00000235a7816180_633, v00000235a7816180_634, v00000235a7816180_635, v00000235a7816180_636;
v00000235a7816180_637 .array/port v00000235a7816180, 637;
v00000235a7816180_638 .array/port v00000235a7816180, 638;
v00000235a7816180_639 .array/port v00000235a7816180, 639;
v00000235a7816180_640 .array/port v00000235a7816180, 640;
E_00000235a785e560/160 .event anyedge, v00000235a7816180_637, v00000235a7816180_638, v00000235a7816180_639, v00000235a7816180_640;
v00000235a7816180_641 .array/port v00000235a7816180, 641;
v00000235a7816180_642 .array/port v00000235a7816180, 642;
v00000235a7816180_643 .array/port v00000235a7816180, 643;
v00000235a7816180_644 .array/port v00000235a7816180, 644;
E_00000235a785e560/161 .event anyedge, v00000235a7816180_641, v00000235a7816180_642, v00000235a7816180_643, v00000235a7816180_644;
v00000235a7816180_645 .array/port v00000235a7816180, 645;
v00000235a7816180_646 .array/port v00000235a7816180, 646;
v00000235a7816180_647 .array/port v00000235a7816180, 647;
v00000235a7816180_648 .array/port v00000235a7816180, 648;
E_00000235a785e560/162 .event anyedge, v00000235a7816180_645, v00000235a7816180_646, v00000235a7816180_647, v00000235a7816180_648;
v00000235a7816180_649 .array/port v00000235a7816180, 649;
v00000235a7816180_650 .array/port v00000235a7816180, 650;
v00000235a7816180_651 .array/port v00000235a7816180, 651;
v00000235a7816180_652 .array/port v00000235a7816180, 652;
E_00000235a785e560/163 .event anyedge, v00000235a7816180_649, v00000235a7816180_650, v00000235a7816180_651, v00000235a7816180_652;
v00000235a7816180_653 .array/port v00000235a7816180, 653;
v00000235a7816180_654 .array/port v00000235a7816180, 654;
v00000235a7816180_655 .array/port v00000235a7816180, 655;
v00000235a7816180_656 .array/port v00000235a7816180, 656;
E_00000235a785e560/164 .event anyedge, v00000235a7816180_653, v00000235a7816180_654, v00000235a7816180_655, v00000235a7816180_656;
v00000235a7816180_657 .array/port v00000235a7816180, 657;
v00000235a7816180_658 .array/port v00000235a7816180, 658;
v00000235a7816180_659 .array/port v00000235a7816180, 659;
v00000235a7816180_660 .array/port v00000235a7816180, 660;
E_00000235a785e560/165 .event anyedge, v00000235a7816180_657, v00000235a7816180_658, v00000235a7816180_659, v00000235a7816180_660;
v00000235a7816180_661 .array/port v00000235a7816180, 661;
v00000235a7816180_662 .array/port v00000235a7816180, 662;
v00000235a7816180_663 .array/port v00000235a7816180, 663;
v00000235a7816180_664 .array/port v00000235a7816180, 664;
E_00000235a785e560/166 .event anyedge, v00000235a7816180_661, v00000235a7816180_662, v00000235a7816180_663, v00000235a7816180_664;
v00000235a7816180_665 .array/port v00000235a7816180, 665;
v00000235a7816180_666 .array/port v00000235a7816180, 666;
v00000235a7816180_667 .array/port v00000235a7816180, 667;
v00000235a7816180_668 .array/port v00000235a7816180, 668;
E_00000235a785e560/167 .event anyedge, v00000235a7816180_665, v00000235a7816180_666, v00000235a7816180_667, v00000235a7816180_668;
v00000235a7816180_669 .array/port v00000235a7816180, 669;
v00000235a7816180_670 .array/port v00000235a7816180, 670;
v00000235a7816180_671 .array/port v00000235a7816180, 671;
v00000235a7816180_672 .array/port v00000235a7816180, 672;
E_00000235a785e560/168 .event anyedge, v00000235a7816180_669, v00000235a7816180_670, v00000235a7816180_671, v00000235a7816180_672;
v00000235a7816180_673 .array/port v00000235a7816180, 673;
v00000235a7816180_674 .array/port v00000235a7816180, 674;
v00000235a7816180_675 .array/port v00000235a7816180, 675;
v00000235a7816180_676 .array/port v00000235a7816180, 676;
E_00000235a785e560/169 .event anyedge, v00000235a7816180_673, v00000235a7816180_674, v00000235a7816180_675, v00000235a7816180_676;
v00000235a7816180_677 .array/port v00000235a7816180, 677;
v00000235a7816180_678 .array/port v00000235a7816180, 678;
v00000235a7816180_679 .array/port v00000235a7816180, 679;
v00000235a7816180_680 .array/port v00000235a7816180, 680;
E_00000235a785e560/170 .event anyedge, v00000235a7816180_677, v00000235a7816180_678, v00000235a7816180_679, v00000235a7816180_680;
v00000235a7816180_681 .array/port v00000235a7816180, 681;
v00000235a7816180_682 .array/port v00000235a7816180, 682;
v00000235a7816180_683 .array/port v00000235a7816180, 683;
v00000235a7816180_684 .array/port v00000235a7816180, 684;
E_00000235a785e560/171 .event anyedge, v00000235a7816180_681, v00000235a7816180_682, v00000235a7816180_683, v00000235a7816180_684;
v00000235a7816180_685 .array/port v00000235a7816180, 685;
v00000235a7816180_686 .array/port v00000235a7816180, 686;
v00000235a7816180_687 .array/port v00000235a7816180, 687;
v00000235a7816180_688 .array/port v00000235a7816180, 688;
E_00000235a785e560/172 .event anyedge, v00000235a7816180_685, v00000235a7816180_686, v00000235a7816180_687, v00000235a7816180_688;
v00000235a7816180_689 .array/port v00000235a7816180, 689;
v00000235a7816180_690 .array/port v00000235a7816180, 690;
v00000235a7816180_691 .array/port v00000235a7816180, 691;
v00000235a7816180_692 .array/port v00000235a7816180, 692;
E_00000235a785e560/173 .event anyedge, v00000235a7816180_689, v00000235a7816180_690, v00000235a7816180_691, v00000235a7816180_692;
v00000235a7816180_693 .array/port v00000235a7816180, 693;
v00000235a7816180_694 .array/port v00000235a7816180, 694;
v00000235a7816180_695 .array/port v00000235a7816180, 695;
v00000235a7816180_696 .array/port v00000235a7816180, 696;
E_00000235a785e560/174 .event anyedge, v00000235a7816180_693, v00000235a7816180_694, v00000235a7816180_695, v00000235a7816180_696;
v00000235a7816180_697 .array/port v00000235a7816180, 697;
v00000235a7816180_698 .array/port v00000235a7816180, 698;
v00000235a7816180_699 .array/port v00000235a7816180, 699;
v00000235a7816180_700 .array/port v00000235a7816180, 700;
E_00000235a785e560/175 .event anyedge, v00000235a7816180_697, v00000235a7816180_698, v00000235a7816180_699, v00000235a7816180_700;
v00000235a7816180_701 .array/port v00000235a7816180, 701;
v00000235a7816180_702 .array/port v00000235a7816180, 702;
v00000235a7816180_703 .array/port v00000235a7816180, 703;
v00000235a7816180_704 .array/port v00000235a7816180, 704;
E_00000235a785e560/176 .event anyedge, v00000235a7816180_701, v00000235a7816180_702, v00000235a7816180_703, v00000235a7816180_704;
v00000235a7816180_705 .array/port v00000235a7816180, 705;
v00000235a7816180_706 .array/port v00000235a7816180, 706;
v00000235a7816180_707 .array/port v00000235a7816180, 707;
v00000235a7816180_708 .array/port v00000235a7816180, 708;
E_00000235a785e560/177 .event anyedge, v00000235a7816180_705, v00000235a7816180_706, v00000235a7816180_707, v00000235a7816180_708;
v00000235a7816180_709 .array/port v00000235a7816180, 709;
v00000235a7816180_710 .array/port v00000235a7816180, 710;
v00000235a7816180_711 .array/port v00000235a7816180, 711;
v00000235a7816180_712 .array/port v00000235a7816180, 712;
E_00000235a785e560/178 .event anyedge, v00000235a7816180_709, v00000235a7816180_710, v00000235a7816180_711, v00000235a7816180_712;
v00000235a7816180_713 .array/port v00000235a7816180, 713;
v00000235a7816180_714 .array/port v00000235a7816180, 714;
v00000235a7816180_715 .array/port v00000235a7816180, 715;
v00000235a7816180_716 .array/port v00000235a7816180, 716;
E_00000235a785e560/179 .event anyedge, v00000235a7816180_713, v00000235a7816180_714, v00000235a7816180_715, v00000235a7816180_716;
v00000235a7816180_717 .array/port v00000235a7816180, 717;
v00000235a7816180_718 .array/port v00000235a7816180, 718;
v00000235a7816180_719 .array/port v00000235a7816180, 719;
v00000235a7816180_720 .array/port v00000235a7816180, 720;
E_00000235a785e560/180 .event anyedge, v00000235a7816180_717, v00000235a7816180_718, v00000235a7816180_719, v00000235a7816180_720;
v00000235a7816180_721 .array/port v00000235a7816180, 721;
v00000235a7816180_722 .array/port v00000235a7816180, 722;
v00000235a7816180_723 .array/port v00000235a7816180, 723;
v00000235a7816180_724 .array/port v00000235a7816180, 724;
E_00000235a785e560/181 .event anyedge, v00000235a7816180_721, v00000235a7816180_722, v00000235a7816180_723, v00000235a7816180_724;
v00000235a7816180_725 .array/port v00000235a7816180, 725;
v00000235a7816180_726 .array/port v00000235a7816180, 726;
v00000235a7816180_727 .array/port v00000235a7816180, 727;
v00000235a7816180_728 .array/port v00000235a7816180, 728;
E_00000235a785e560/182 .event anyedge, v00000235a7816180_725, v00000235a7816180_726, v00000235a7816180_727, v00000235a7816180_728;
v00000235a7816180_729 .array/port v00000235a7816180, 729;
v00000235a7816180_730 .array/port v00000235a7816180, 730;
v00000235a7816180_731 .array/port v00000235a7816180, 731;
v00000235a7816180_732 .array/port v00000235a7816180, 732;
E_00000235a785e560/183 .event anyedge, v00000235a7816180_729, v00000235a7816180_730, v00000235a7816180_731, v00000235a7816180_732;
v00000235a7816180_733 .array/port v00000235a7816180, 733;
v00000235a7816180_734 .array/port v00000235a7816180, 734;
v00000235a7816180_735 .array/port v00000235a7816180, 735;
v00000235a7816180_736 .array/port v00000235a7816180, 736;
E_00000235a785e560/184 .event anyedge, v00000235a7816180_733, v00000235a7816180_734, v00000235a7816180_735, v00000235a7816180_736;
v00000235a7816180_737 .array/port v00000235a7816180, 737;
v00000235a7816180_738 .array/port v00000235a7816180, 738;
v00000235a7816180_739 .array/port v00000235a7816180, 739;
v00000235a7816180_740 .array/port v00000235a7816180, 740;
E_00000235a785e560/185 .event anyedge, v00000235a7816180_737, v00000235a7816180_738, v00000235a7816180_739, v00000235a7816180_740;
v00000235a7816180_741 .array/port v00000235a7816180, 741;
v00000235a7816180_742 .array/port v00000235a7816180, 742;
v00000235a7816180_743 .array/port v00000235a7816180, 743;
v00000235a7816180_744 .array/port v00000235a7816180, 744;
E_00000235a785e560/186 .event anyedge, v00000235a7816180_741, v00000235a7816180_742, v00000235a7816180_743, v00000235a7816180_744;
v00000235a7816180_745 .array/port v00000235a7816180, 745;
v00000235a7816180_746 .array/port v00000235a7816180, 746;
v00000235a7816180_747 .array/port v00000235a7816180, 747;
v00000235a7816180_748 .array/port v00000235a7816180, 748;
E_00000235a785e560/187 .event anyedge, v00000235a7816180_745, v00000235a7816180_746, v00000235a7816180_747, v00000235a7816180_748;
v00000235a7816180_749 .array/port v00000235a7816180, 749;
v00000235a7816180_750 .array/port v00000235a7816180, 750;
v00000235a7816180_751 .array/port v00000235a7816180, 751;
v00000235a7816180_752 .array/port v00000235a7816180, 752;
E_00000235a785e560/188 .event anyedge, v00000235a7816180_749, v00000235a7816180_750, v00000235a7816180_751, v00000235a7816180_752;
v00000235a7816180_753 .array/port v00000235a7816180, 753;
v00000235a7816180_754 .array/port v00000235a7816180, 754;
v00000235a7816180_755 .array/port v00000235a7816180, 755;
v00000235a7816180_756 .array/port v00000235a7816180, 756;
E_00000235a785e560/189 .event anyedge, v00000235a7816180_753, v00000235a7816180_754, v00000235a7816180_755, v00000235a7816180_756;
v00000235a7816180_757 .array/port v00000235a7816180, 757;
v00000235a7816180_758 .array/port v00000235a7816180, 758;
v00000235a7816180_759 .array/port v00000235a7816180, 759;
v00000235a7816180_760 .array/port v00000235a7816180, 760;
E_00000235a785e560/190 .event anyedge, v00000235a7816180_757, v00000235a7816180_758, v00000235a7816180_759, v00000235a7816180_760;
v00000235a7816180_761 .array/port v00000235a7816180, 761;
v00000235a7816180_762 .array/port v00000235a7816180, 762;
v00000235a7816180_763 .array/port v00000235a7816180, 763;
v00000235a7816180_764 .array/port v00000235a7816180, 764;
E_00000235a785e560/191 .event anyedge, v00000235a7816180_761, v00000235a7816180_762, v00000235a7816180_763, v00000235a7816180_764;
v00000235a7816180_765 .array/port v00000235a7816180, 765;
v00000235a7816180_766 .array/port v00000235a7816180, 766;
v00000235a7816180_767 .array/port v00000235a7816180, 767;
v00000235a7816180_768 .array/port v00000235a7816180, 768;
E_00000235a785e560/192 .event anyedge, v00000235a7816180_765, v00000235a7816180_766, v00000235a7816180_767, v00000235a7816180_768;
v00000235a7816180_769 .array/port v00000235a7816180, 769;
v00000235a7816180_770 .array/port v00000235a7816180, 770;
v00000235a7816180_771 .array/port v00000235a7816180, 771;
v00000235a7816180_772 .array/port v00000235a7816180, 772;
E_00000235a785e560/193 .event anyedge, v00000235a7816180_769, v00000235a7816180_770, v00000235a7816180_771, v00000235a7816180_772;
v00000235a7816180_773 .array/port v00000235a7816180, 773;
v00000235a7816180_774 .array/port v00000235a7816180, 774;
v00000235a7816180_775 .array/port v00000235a7816180, 775;
v00000235a7816180_776 .array/port v00000235a7816180, 776;
E_00000235a785e560/194 .event anyedge, v00000235a7816180_773, v00000235a7816180_774, v00000235a7816180_775, v00000235a7816180_776;
v00000235a7816180_777 .array/port v00000235a7816180, 777;
v00000235a7816180_778 .array/port v00000235a7816180, 778;
v00000235a7816180_779 .array/port v00000235a7816180, 779;
v00000235a7816180_780 .array/port v00000235a7816180, 780;
E_00000235a785e560/195 .event anyedge, v00000235a7816180_777, v00000235a7816180_778, v00000235a7816180_779, v00000235a7816180_780;
v00000235a7816180_781 .array/port v00000235a7816180, 781;
v00000235a7816180_782 .array/port v00000235a7816180, 782;
v00000235a7816180_783 .array/port v00000235a7816180, 783;
v00000235a7816180_784 .array/port v00000235a7816180, 784;
E_00000235a785e560/196 .event anyedge, v00000235a7816180_781, v00000235a7816180_782, v00000235a7816180_783, v00000235a7816180_784;
v00000235a7816180_785 .array/port v00000235a7816180, 785;
v00000235a7816180_786 .array/port v00000235a7816180, 786;
v00000235a7816180_787 .array/port v00000235a7816180, 787;
v00000235a7816180_788 .array/port v00000235a7816180, 788;
E_00000235a785e560/197 .event anyedge, v00000235a7816180_785, v00000235a7816180_786, v00000235a7816180_787, v00000235a7816180_788;
v00000235a7816180_789 .array/port v00000235a7816180, 789;
v00000235a7816180_790 .array/port v00000235a7816180, 790;
v00000235a7816180_791 .array/port v00000235a7816180, 791;
v00000235a7816180_792 .array/port v00000235a7816180, 792;
E_00000235a785e560/198 .event anyedge, v00000235a7816180_789, v00000235a7816180_790, v00000235a7816180_791, v00000235a7816180_792;
v00000235a7816180_793 .array/port v00000235a7816180, 793;
v00000235a7816180_794 .array/port v00000235a7816180, 794;
v00000235a7816180_795 .array/port v00000235a7816180, 795;
v00000235a7816180_796 .array/port v00000235a7816180, 796;
E_00000235a785e560/199 .event anyedge, v00000235a7816180_793, v00000235a7816180_794, v00000235a7816180_795, v00000235a7816180_796;
v00000235a7816180_797 .array/port v00000235a7816180, 797;
v00000235a7816180_798 .array/port v00000235a7816180, 798;
v00000235a7816180_799 .array/port v00000235a7816180, 799;
v00000235a7816180_800 .array/port v00000235a7816180, 800;
E_00000235a785e560/200 .event anyedge, v00000235a7816180_797, v00000235a7816180_798, v00000235a7816180_799, v00000235a7816180_800;
v00000235a7816180_801 .array/port v00000235a7816180, 801;
v00000235a7816180_802 .array/port v00000235a7816180, 802;
v00000235a7816180_803 .array/port v00000235a7816180, 803;
v00000235a7816180_804 .array/port v00000235a7816180, 804;
E_00000235a785e560/201 .event anyedge, v00000235a7816180_801, v00000235a7816180_802, v00000235a7816180_803, v00000235a7816180_804;
v00000235a7816180_805 .array/port v00000235a7816180, 805;
v00000235a7816180_806 .array/port v00000235a7816180, 806;
v00000235a7816180_807 .array/port v00000235a7816180, 807;
v00000235a7816180_808 .array/port v00000235a7816180, 808;
E_00000235a785e560/202 .event anyedge, v00000235a7816180_805, v00000235a7816180_806, v00000235a7816180_807, v00000235a7816180_808;
v00000235a7816180_809 .array/port v00000235a7816180, 809;
v00000235a7816180_810 .array/port v00000235a7816180, 810;
v00000235a7816180_811 .array/port v00000235a7816180, 811;
v00000235a7816180_812 .array/port v00000235a7816180, 812;
E_00000235a785e560/203 .event anyedge, v00000235a7816180_809, v00000235a7816180_810, v00000235a7816180_811, v00000235a7816180_812;
v00000235a7816180_813 .array/port v00000235a7816180, 813;
v00000235a7816180_814 .array/port v00000235a7816180, 814;
v00000235a7816180_815 .array/port v00000235a7816180, 815;
v00000235a7816180_816 .array/port v00000235a7816180, 816;
E_00000235a785e560/204 .event anyedge, v00000235a7816180_813, v00000235a7816180_814, v00000235a7816180_815, v00000235a7816180_816;
v00000235a7816180_817 .array/port v00000235a7816180, 817;
v00000235a7816180_818 .array/port v00000235a7816180, 818;
v00000235a7816180_819 .array/port v00000235a7816180, 819;
v00000235a7816180_820 .array/port v00000235a7816180, 820;
E_00000235a785e560/205 .event anyedge, v00000235a7816180_817, v00000235a7816180_818, v00000235a7816180_819, v00000235a7816180_820;
v00000235a7816180_821 .array/port v00000235a7816180, 821;
v00000235a7816180_822 .array/port v00000235a7816180, 822;
v00000235a7816180_823 .array/port v00000235a7816180, 823;
v00000235a7816180_824 .array/port v00000235a7816180, 824;
E_00000235a785e560/206 .event anyedge, v00000235a7816180_821, v00000235a7816180_822, v00000235a7816180_823, v00000235a7816180_824;
v00000235a7816180_825 .array/port v00000235a7816180, 825;
v00000235a7816180_826 .array/port v00000235a7816180, 826;
v00000235a7816180_827 .array/port v00000235a7816180, 827;
v00000235a7816180_828 .array/port v00000235a7816180, 828;
E_00000235a785e560/207 .event anyedge, v00000235a7816180_825, v00000235a7816180_826, v00000235a7816180_827, v00000235a7816180_828;
v00000235a7816180_829 .array/port v00000235a7816180, 829;
v00000235a7816180_830 .array/port v00000235a7816180, 830;
v00000235a7816180_831 .array/port v00000235a7816180, 831;
v00000235a7816180_832 .array/port v00000235a7816180, 832;
E_00000235a785e560/208 .event anyedge, v00000235a7816180_829, v00000235a7816180_830, v00000235a7816180_831, v00000235a7816180_832;
v00000235a7816180_833 .array/port v00000235a7816180, 833;
v00000235a7816180_834 .array/port v00000235a7816180, 834;
v00000235a7816180_835 .array/port v00000235a7816180, 835;
v00000235a7816180_836 .array/port v00000235a7816180, 836;
E_00000235a785e560/209 .event anyedge, v00000235a7816180_833, v00000235a7816180_834, v00000235a7816180_835, v00000235a7816180_836;
v00000235a7816180_837 .array/port v00000235a7816180, 837;
v00000235a7816180_838 .array/port v00000235a7816180, 838;
v00000235a7816180_839 .array/port v00000235a7816180, 839;
v00000235a7816180_840 .array/port v00000235a7816180, 840;
E_00000235a785e560/210 .event anyedge, v00000235a7816180_837, v00000235a7816180_838, v00000235a7816180_839, v00000235a7816180_840;
v00000235a7816180_841 .array/port v00000235a7816180, 841;
v00000235a7816180_842 .array/port v00000235a7816180, 842;
v00000235a7816180_843 .array/port v00000235a7816180, 843;
v00000235a7816180_844 .array/port v00000235a7816180, 844;
E_00000235a785e560/211 .event anyedge, v00000235a7816180_841, v00000235a7816180_842, v00000235a7816180_843, v00000235a7816180_844;
v00000235a7816180_845 .array/port v00000235a7816180, 845;
v00000235a7816180_846 .array/port v00000235a7816180, 846;
v00000235a7816180_847 .array/port v00000235a7816180, 847;
v00000235a7816180_848 .array/port v00000235a7816180, 848;
E_00000235a785e560/212 .event anyedge, v00000235a7816180_845, v00000235a7816180_846, v00000235a7816180_847, v00000235a7816180_848;
v00000235a7816180_849 .array/port v00000235a7816180, 849;
v00000235a7816180_850 .array/port v00000235a7816180, 850;
v00000235a7816180_851 .array/port v00000235a7816180, 851;
v00000235a7816180_852 .array/port v00000235a7816180, 852;
E_00000235a785e560/213 .event anyedge, v00000235a7816180_849, v00000235a7816180_850, v00000235a7816180_851, v00000235a7816180_852;
v00000235a7816180_853 .array/port v00000235a7816180, 853;
v00000235a7816180_854 .array/port v00000235a7816180, 854;
v00000235a7816180_855 .array/port v00000235a7816180, 855;
v00000235a7816180_856 .array/port v00000235a7816180, 856;
E_00000235a785e560/214 .event anyedge, v00000235a7816180_853, v00000235a7816180_854, v00000235a7816180_855, v00000235a7816180_856;
v00000235a7816180_857 .array/port v00000235a7816180, 857;
v00000235a7816180_858 .array/port v00000235a7816180, 858;
v00000235a7816180_859 .array/port v00000235a7816180, 859;
v00000235a7816180_860 .array/port v00000235a7816180, 860;
E_00000235a785e560/215 .event anyedge, v00000235a7816180_857, v00000235a7816180_858, v00000235a7816180_859, v00000235a7816180_860;
v00000235a7816180_861 .array/port v00000235a7816180, 861;
v00000235a7816180_862 .array/port v00000235a7816180, 862;
v00000235a7816180_863 .array/port v00000235a7816180, 863;
v00000235a7816180_864 .array/port v00000235a7816180, 864;
E_00000235a785e560/216 .event anyedge, v00000235a7816180_861, v00000235a7816180_862, v00000235a7816180_863, v00000235a7816180_864;
v00000235a7816180_865 .array/port v00000235a7816180, 865;
v00000235a7816180_866 .array/port v00000235a7816180, 866;
v00000235a7816180_867 .array/port v00000235a7816180, 867;
v00000235a7816180_868 .array/port v00000235a7816180, 868;
E_00000235a785e560/217 .event anyedge, v00000235a7816180_865, v00000235a7816180_866, v00000235a7816180_867, v00000235a7816180_868;
v00000235a7816180_869 .array/port v00000235a7816180, 869;
v00000235a7816180_870 .array/port v00000235a7816180, 870;
v00000235a7816180_871 .array/port v00000235a7816180, 871;
v00000235a7816180_872 .array/port v00000235a7816180, 872;
E_00000235a785e560/218 .event anyedge, v00000235a7816180_869, v00000235a7816180_870, v00000235a7816180_871, v00000235a7816180_872;
v00000235a7816180_873 .array/port v00000235a7816180, 873;
v00000235a7816180_874 .array/port v00000235a7816180, 874;
v00000235a7816180_875 .array/port v00000235a7816180, 875;
v00000235a7816180_876 .array/port v00000235a7816180, 876;
E_00000235a785e560/219 .event anyedge, v00000235a7816180_873, v00000235a7816180_874, v00000235a7816180_875, v00000235a7816180_876;
v00000235a7816180_877 .array/port v00000235a7816180, 877;
v00000235a7816180_878 .array/port v00000235a7816180, 878;
v00000235a7816180_879 .array/port v00000235a7816180, 879;
v00000235a7816180_880 .array/port v00000235a7816180, 880;
E_00000235a785e560/220 .event anyedge, v00000235a7816180_877, v00000235a7816180_878, v00000235a7816180_879, v00000235a7816180_880;
v00000235a7816180_881 .array/port v00000235a7816180, 881;
v00000235a7816180_882 .array/port v00000235a7816180, 882;
v00000235a7816180_883 .array/port v00000235a7816180, 883;
v00000235a7816180_884 .array/port v00000235a7816180, 884;
E_00000235a785e560/221 .event anyedge, v00000235a7816180_881, v00000235a7816180_882, v00000235a7816180_883, v00000235a7816180_884;
v00000235a7816180_885 .array/port v00000235a7816180, 885;
v00000235a7816180_886 .array/port v00000235a7816180, 886;
v00000235a7816180_887 .array/port v00000235a7816180, 887;
v00000235a7816180_888 .array/port v00000235a7816180, 888;
E_00000235a785e560/222 .event anyedge, v00000235a7816180_885, v00000235a7816180_886, v00000235a7816180_887, v00000235a7816180_888;
v00000235a7816180_889 .array/port v00000235a7816180, 889;
v00000235a7816180_890 .array/port v00000235a7816180, 890;
v00000235a7816180_891 .array/port v00000235a7816180, 891;
v00000235a7816180_892 .array/port v00000235a7816180, 892;
E_00000235a785e560/223 .event anyedge, v00000235a7816180_889, v00000235a7816180_890, v00000235a7816180_891, v00000235a7816180_892;
v00000235a7816180_893 .array/port v00000235a7816180, 893;
v00000235a7816180_894 .array/port v00000235a7816180, 894;
v00000235a7816180_895 .array/port v00000235a7816180, 895;
v00000235a7816180_896 .array/port v00000235a7816180, 896;
E_00000235a785e560/224 .event anyedge, v00000235a7816180_893, v00000235a7816180_894, v00000235a7816180_895, v00000235a7816180_896;
v00000235a7816180_897 .array/port v00000235a7816180, 897;
v00000235a7816180_898 .array/port v00000235a7816180, 898;
v00000235a7816180_899 .array/port v00000235a7816180, 899;
v00000235a7816180_900 .array/port v00000235a7816180, 900;
E_00000235a785e560/225 .event anyedge, v00000235a7816180_897, v00000235a7816180_898, v00000235a7816180_899, v00000235a7816180_900;
v00000235a7816180_901 .array/port v00000235a7816180, 901;
v00000235a7816180_902 .array/port v00000235a7816180, 902;
v00000235a7816180_903 .array/port v00000235a7816180, 903;
v00000235a7816180_904 .array/port v00000235a7816180, 904;
E_00000235a785e560/226 .event anyedge, v00000235a7816180_901, v00000235a7816180_902, v00000235a7816180_903, v00000235a7816180_904;
v00000235a7816180_905 .array/port v00000235a7816180, 905;
v00000235a7816180_906 .array/port v00000235a7816180, 906;
v00000235a7816180_907 .array/port v00000235a7816180, 907;
v00000235a7816180_908 .array/port v00000235a7816180, 908;
E_00000235a785e560/227 .event anyedge, v00000235a7816180_905, v00000235a7816180_906, v00000235a7816180_907, v00000235a7816180_908;
v00000235a7816180_909 .array/port v00000235a7816180, 909;
v00000235a7816180_910 .array/port v00000235a7816180, 910;
v00000235a7816180_911 .array/port v00000235a7816180, 911;
v00000235a7816180_912 .array/port v00000235a7816180, 912;
E_00000235a785e560/228 .event anyedge, v00000235a7816180_909, v00000235a7816180_910, v00000235a7816180_911, v00000235a7816180_912;
v00000235a7816180_913 .array/port v00000235a7816180, 913;
v00000235a7816180_914 .array/port v00000235a7816180, 914;
v00000235a7816180_915 .array/port v00000235a7816180, 915;
v00000235a7816180_916 .array/port v00000235a7816180, 916;
E_00000235a785e560/229 .event anyedge, v00000235a7816180_913, v00000235a7816180_914, v00000235a7816180_915, v00000235a7816180_916;
v00000235a7816180_917 .array/port v00000235a7816180, 917;
v00000235a7816180_918 .array/port v00000235a7816180, 918;
v00000235a7816180_919 .array/port v00000235a7816180, 919;
v00000235a7816180_920 .array/port v00000235a7816180, 920;
E_00000235a785e560/230 .event anyedge, v00000235a7816180_917, v00000235a7816180_918, v00000235a7816180_919, v00000235a7816180_920;
v00000235a7816180_921 .array/port v00000235a7816180, 921;
v00000235a7816180_922 .array/port v00000235a7816180, 922;
v00000235a7816180_923 .array/port v00000235a7816180, 923;
v00000235a7816180_924 .array/port v00000235a7816180, 924;
E_00000235a785e560/231 .event anyedge, v00000235a7816180_921, v00000235a7816180_922, v00000235a7816180_923, v00000235a7816180_924;
v00000235a7816180_925 .array/port v00000235a7816180, 925;
v00000235a7816180_926 .array/port v00000235a7816180, 926;
v00000235a7816180_927 .array/port v00000235a7816180, 927;
v00000235a7816180_928 .array/port v00000235a7816180, 928;
E_00000235a785e560/232 .event anyedge, v00000235a7816180_925, v00000235a7816180_926, v00000235a7816180_927, v00000235a7816180_928;
v00000235a7816180_929 .array/port v00000235a7816180, 929;
v00000235a7816180_930 .array/port v00000235a7816180, 930;
v00000235a7816180_931 .array/port v00000235a7816180, 931;
v00000235a7816180_932 .array/port v00000235a7816180, 932;
E_00000235a785e560/233 .event anyedge, v00000235a7816180_929, v00000235a7816180_930, v00000235a7816180_931, v00000235a7816180_932;
v00000235a7816180_933 .array/port v00000235a7816180, 933;
v00000235a7816180_934 .array/port v00000235a7816180, 934;
v00000235a7816180_935 .array/port v00000235a7816180, 935;
v00000235a7816180_936 .array/port v00000235a7816180, 936;
E_00000235a785e560/234 .event anyedge, v00000235a7816180_933, v00000235a7816180_934, v00000235a7816180_935, v00000235a7816180_936;
v00000235a7816180_937 .array/port v00000235a7816180, 937;
v00000235a7816180_938 .array/port v00000235a7816180, 938;
v00000235a7816180_939 .array/port v00000235a7816180, 939;
v00000235a7816180_940 .array/port v00000235a7816180, 940;
E_00000235a785e560/235 .event anyedge, v00000235a7816180_937, v00000235a7816180_938, v00000235a7816180_939, v00000235a7816180_940;
v00000235a7816180_941 .array/port v00000235a7816180, 941;
v00000235a7816180_942 .array/port v00000235a7816180, 942;
v00000235a7816180_943 .array/port v00000235a7816180, 943;
v00000235a7816180_944 .array/port v00000235a7816180, 944;
E_00000235a785e560/236 .event anyedge, v00000235a7816180_941, v00000235a7816180_942, v00000235a7816180_943, v00000235a7816180_944;
v00000235a7816180_945 .array/port v00000235a7816180, 945;
v00000235a7816180_946 .array/port v00000235a7816180, 946;
v00000235a7816180_947 .array/port v00000235a7816180, 947;
v00000235a7816180_948 .array/port v00000235a7816180, 948;
E_00000235a785e560/237 .event anyedge, v00000235a7816180_945, v00000235a7816180_946, v00000235a7816180_947, v00000235a7816180_948;
v00000235a7816180_949 .array/port v00000235a7816180, 949;
v00000235a7816180_950 .array/port v00000235a7816180, 950;
v00000235a7816180_951 .array/port v00000235a7816180, 951;
v00000235a7816180_952 .array/port v00000235a7816180, 952;
E_00000235a785e560/238 .event anyedge, v00000235a7816180_949, v00000235a7816180_950, v00000235a7816180_951, v00000235a7816180_952;
v00000235a7816180_953 .array/port v00000235a7816180, 953;
v00000235a7816180_954 .array/port v00000235a7816180, 954;
v00000235a7816180_955 .array/port v00000235a7816180, 955;
v00000235a7816180_956 .array/port v00000235a7816180, 956;
E_00000235a785e560/239 .event anyedge, v00000235a7816180_953, v00000235a7816180_954, v00000235a7816180_955, v00000235a7816180_956;
v00000235a7816180_957 .array/port v00000235a7816180, 957;
v00000235a7816180_958 .array/port v00000235a7816180, 958;
v00000235a7816180_959 .array/port v00000235a7816180, 959;
v00000235a7816180_960 .array/port v00000235a7816180, 960;
E_00000235a785e560/240 .event anyedge, v00000235a7816180_957, v00000235a7816180_958, v00000235a7816180_959, v00000235a7816180_960;
v00000235a7816180_961 .array/port v00000235a7816180, 961;
v00000235a7816180_962 .array/port v00000235a7816180, 962;
v00000235a7816180_963 .array/port v00000235a7816180, 963;
v00000235a7816180_964 .array/port v00000235a7816180, 964;
E_00000235a785e560/241 .event anyedge, v00000235a7816180_961, v00000235a7816180_962, v00000235a7816180_963, v00000235a7816180_964;
v00000235a7816180_965 .array/port v00000235a7816180, 965;
v00000235a7816180_966 .array/port v00000235a7816180, 966;
v00000235a7816180_967 .array/port v00000235a7816180, 967;
v00000235a7816180_968 .array/port v00000235a7816180, 968;
E_00000235a785e560/242 .event anyedge, v00000235a7816180_965, v00000235a7816180_966, v00000235a7816180_967, v00000235a7816180_968;
v00000235a7816180_969 .array/port v00000235a7816180, 969;
v00000235a7816180_970 .array/port v00000235a7816180, 970;
v00000235a7816180_971 .array/port v00000235a7816180, 971;
v00000235a7816180_972 .array/port v00000235a7816180, 972;
E_00000235a785e560/243 .event anyedge, v00000235a7816180_969, v00000235a7816180_970, v00000235a7816180_971, v00000235a7816180_972;
v00000235a7816180_973 .array/port v00000235a7816180, 973;
v00000235a7816180_974 .array/port v00000235a7816180, 974;
v00000235a7816180_975 .array/port v00000235a7816180, 975;
v00000235a7816180_976 .array/port v00000235a7816180, 976;
E_00000235a785e560/244 .event anyedge, v00000235a7816180_973, v00000235a7816180_974, v00000235a7816180_975, v00000235a7816180_976;
v00000235a7816180_977 .array/port v00000235a7816180, 977;
v00000235a7816180_978 .array/port v00000235a7816180, 978;
v00000235a7816180_979 .array/port v00000235a7816180, 979;
v00000235a7816180_980 .array/port v00000235a7816180, 980;
E_00000235a785e560/245 .event anyedge, v00000235a7816180_977, v00000235a7816180_978, v00000235a7816180_979, v00000235a7816180_980;
v00000235a7816180_981 .array/port v00000235a7816180, 981;
v00000235a7816180_982 .array/port v00000235a7816180, 982;
v00000235a7816180_983 .array/port v00000235a7816180, 983;
v00000235a7816180_984 .array/port v00000235a7816180, 984;
E_00000235a785e560/246 .event anyedge, v00000235a7816180_981, v00000235a7816180_982, v00000235a7816180_983, v00000235a7816180_984;
v00000235a7816180_985 .array/port v00000235a7816180, 985;
v00000235a7816180_986 .array/port v00000235a7816180, 986;
v00000235a7816180_987 .array/port v00000235a7816180, 987;
v00000235a7816180_988 .array/port v00000235a7816180, 988;
E_00000235a785e560/247 .event anyedge, v00000235a7816180_985, v00000235a7816180_986, v00000235a7816180_987, v00000235a7816180_988;
v00000235a7816180_989 .array/port v00000235a7816180, 989;
v00000235a7816180_990 .array/port v00000235a7816180, 990;
v00000235a7816180_991 .array/port v00000235a7816180, 991;
v00000235a7816180_992 .array/port v00000235a7816180, 992;
E_00000235a785e560/248 .event anyedge, v00000235a7816180_989, v00000235a7816180_990, v00000235a7816180_991, v00000235a7816180_992;
v00000235a7816180_993 .array/port v00000235a7816180, 993;
v00000235a7816180_994 .array/port v00000235a7816180, 994;
v00000235a7816180_995 .array/port v00000235a7816180, 995;
v00000235a7816180_996 .array/port v00000235a7816180, 996;
E_00000235a785e560/249 .event anyedge, v00000235a7816180_993, v00000235a7816180_994, v00000235a7816180_995, v00000235a7816180_996;
v00000235a7816180_997 .array/port v00000235a7816180, 997;
v00000235a7816180_998 .array/port v00000235a7816180, 998;
v00000235a7816180_999 .array/port v00000235a7816180, 999;
v00000235a7816180_1000 .array/port v00000235a7816180, 1000;
E_00000235a785e560/250 .event anyedge, v00000235a7816180_997, v00000235a7816180_998, v00000235a7816180_999, v00000235a7816180_1000;
v00000235a7816180_1001 .array/port v00000235a7816180, 1001;
v00000235a7816180_1002 .array/port v00000235a7816180, 1002;
v00000235a7816180_1003 .array/port v00000235a7816180, 1003;
v00000235a7816180_1004 .array/port v00000235a7816180, 1004;
E_00000235a785e560/251 .event anyedge, v00000235a7816180_1001, v00000235a7816180_1002, v00000235a7816180_1003, v00000235a7816180_1004;
v00000235a7816180_1005 .array/port v00000235a7816180, 1005;
v00000235a7816180_1006 .array/port v00000235a7816180, 1006;
v00000235a7816180_1007 .array/port v00000235a7816180, 1007;
v00000235a7816180_1008 .array/port v00000235a7816180, 1008;
E_00000235a785e560/252 .event anyedge, v00000235a7816180_1005, v00000235a7816180_1006, v00000235a7816180_1007, v00000235a7816180_1008;
v00000235a7816180_1009 .array/port v00000235a7816180, 1009;
v00000235a7816180_1010 .array/port v00000235a7816180, 1010;
v00000235a7816180_1011 .array/port v00000235a7816180, 1011;
v00000235a7816180_1012 .array/port v00000235a7816180, 1012;
E_00000235a785e560/253 .event anyedge, v00000235a7816180_1009, v00000235a7816180_1010, v00000235a7816180_1011, v00000235a7816180_1012;
v00000235a7816180_1013 .array/port v00000235a7816180, 1013;
v00000235a7816180_1014 .array/port v00000235a7816180, 1014;
v00000235a7816180_1015 .array/port v00000235a7816180, 1015;
v00000235a7816180_1016 .array/port v00000235a7816180, 1016;
E_00000235a785e560/254 .event anyedge, v00000235a7816180_1013, v00000235a7816180_1014, v00000235a7816180_1015, v00000235a7816180_1016;
v00000235a7816180_1017 .array/port v00000235a7816180, 1017;
v00000235a7816180_1018 .array/port v00000235a7816180, 1018;
v00000235a7816180_1019 .array/port v00000235a7816180, 1019;
v00000235a7816180_1020 .array/port v00000235a7816180, 1020;
E_00000235a785e560/255 .event anyedge, v00000235a7816180_1017, v00000235a7816180_1018, v00000235a7816180_1019, v00000235a7816180_1020;
v00000235a7816180_1021 .array/port v00000235a7816180, 1021;
v00000235a7816180_1022 .array/port v00000235a7816180, 1022;
v00000235a7816180_1023 .array/port v00000235a7816180, 1023;
E_00000235a785e560/256 .event anyedge, v00000235a7816180_1021, v00000235a7816180_1022, v00000235a7816180_1023;
E_00000235a785e560 .event/or E_00000235a785e560/0, E_00000235a785e560/1, E_00000235a785e560/2, E_00000235a785e560/3, E_00000235a785e560/4, E_00000235a785e560/5, E_00000235a785e560/6, E_00000235a785e560/7, E_00000235a785e560/8, E_00000235a785e560/9, E_00000235a785e560/10, E_00000235a785e560/11, E_00000235a785e560/12, E_00000235a785e560/13, E_00000235a785e560/14, E_00000235a785e560/15, E_00000235a785e560/16, E_00000235a785e560/17, E_00000235a785e560/18, E_00000235a785e560/19, E_00000235a785e560/20, E_00000235a785e560/21, E_00000235a785e560/22, E_00000235a785e560/23, E_00000235a785e560/24, E_00000235a785e560/25, E_00000235a785e560/26, E_00000235a785e560/27, E_00000235a785e560/28, E_00000235a785e560/29, E_00000235a785e560/30, E_00000235a785e560/31, E_00000235a785e560/32, E_00000235a785e560/33, E_00000235a785e560/34, E_00000235a785e560/35, E_00000235a785e560/36, E_00000235a785e560/37, E_00000235a785e560/38, E_00000235a785e560/39, E_00000235a785e560/40, E_00000235a785e560/41, E_00000235a785e560/42, E_00000235a785e560/43, E_00000235a785e560/44, E_00000235a785e560/45, E_00000235a785e560/46, E_00000235a785e560/47, E_00000235a785e560/48, E_00000235a785e560/49, E_00000235a785e560/50, E_00000235a785e560/51, E_00000235a785e560/52, E_00000235a785e560/53, E_00000235a785e560/54, E_00000235a785e560/55, E_00000235a785e560/56, E_00000235a785e560/57, E_00000235a785e560/58, E_00000235a785e560/59, E_00000235a785e560/60, E_00000235a785e560/61, E_00000235a785e560/62, E_00000235a785e560/63, E_00000235a785e560/64, E_00000235a785e560/65, E_00000235a785e560/66, E_00000235a785e560/67, E_00000235a785e560/68, E_00000235a785e560/69, E_00000235a785e560/70, E_00000235a785e560/71, E_00000235a785e560/72, E_00000235a785e560/73, E_00000235a785e560/74, E_00000235a785e560/75, E_00000235a785e560/76, E_00000235a785e560/77, E_00000235a785e560/78, E_00000235a785e560/79, E_00000235a785e560/80, E_00000235a785e560/81, E_00000235a785e560/82, E_00000235a785e560/83, E_00000235a785e560/84, E_00000235a785e560/85, E_00000235a785e560/86, E_00000235a785e560/87, E_00000235a785e560/88, E_00000235a785e560/89, E_00000235a785e560/90, E_00000235a785e560/91, E_00000235a785e560/92, E_00000235a785e560/93, E_00000235a785e560/94, E_00000235a785e560/95, E_00000235a785e560/96, E_00000235a785e560/97, E_00000235a785e560/98, E_00000235a785e560/99, E_00000235a785e560/100, E_00000235a785e560/101, E_00000235a785e560/102, E_00000235a785e560/103, E_00000235a785e560/104, E_00000235a785e560/105, E_00000235a785e560/106, E_00000235a785e560/107, E_00000235a785e560/108, E_00000235a785e560/109, E_00000235a785e560/110, E_00000235a785e560/111, E_00000235a785e560/112, E_00000235a785e560/113, E_00000235a785e560/114, E_00000235a785e560/115, E_00000235a785e560/116, E_00000235a785e560/117, E_00000235a785e560/118, E_00000235a785e560/119, E_00000235a785e560/120, E_00000235a785e560/121, E_00000235a785e560/122, E_00000235a785e560/123, E_00000235a785e560/124, E_00000235a785e560/125, E_00000235a785e560/126, E_00000235a785e560/127, E_00000235a785e560/128, E_00000235a785e560/129, E_00000235a785e560/130, E_00000235a785e560/131, E_00000235a785e560/132, E_00000235a785e560/133, E_00000235a785e560/134, E_00000235a785e560/135, E_00000235a785e560/136, E_00000235a785e560/137, E_00000235a785e560/138, E_00000235a785e560/139, E_00000235a785e560/140, E_00000235a785e560/141, E_00000235a785e560/142, E_00000235a785e560/143, E_00000235a785e560/144, E_00000235a785e560/145, E_00000235a785e560/146, E_00000235a785e560/147, E_00000235a785e560/148, E_00000235a785e560/149, E_00000235a785e560/150, E_00000235a785e560/151, E_00000235a785e560/152, E_00000235a785e560/153, E_00000235a785e560/154, E_00000235a785e560/155, E_00000235a785e560/156, E_00000235a785e560/157, E_00000235a785e560/158, E_00000235a785e560/159, E_00000235a785e560/160, E_00000235a785e560/161, E_00000235a785e560/162, E_00000235a785e560/163, E_00000235a785e560/164, E_00000235a785e560/165, E_00000235a785e560/166, E_00000235a785e560/167, E_00000235a785e560/168, E_00000235a785e560/169, E_00000235a785e560/170, E_00000235a785e560/171, E_00000235a785e560/172, E_00000235a785e560/173, E_00000235a785e560/174, E_00000235a785e560/175, E_00000235a785e560/176, E_00000235a785e560/177, E_00000235a785e560/178, E_00000235a785e560/179, E_00000235a785e560/180, E_00000235a785e560/181, E_00000235a785e560/182, E_00000235a785e560/183, E_00000235a785e560/184, E_00000235a785e560/185, E_00000235a785e560/186, E_00000235a785e560/187, E_00000235a785e560/188, E_00000235a785e560/189, E_00000235a785e560/190, E_00000235a785e560/191, E_00000235a785e560/192, E_00000235a785e560/193, E_00000235a785e560/194, E_00000235a785e560/195, E_00000235a785e560/196, E_00000235a785e560/197, E_00000235a785e560/198, E_00000235a785e560/199, E_00000235a785e560/200, E_00000235a785e560/201, E_00000235a785e560/202, E_00000235a785e560/203, E_00000235a785e560/204, E_00000235a785e560/205, E_00000235a785e560/206, E_00000235a785e560/207, E_00000235a785e560/208, E_00000235a785e560/209, E_00000235a785e560/210, E_00000235a785e560/211, E_00000235a785e560/212, E_00000235a785e560/213, E_00000235a785e560/214, E_00000235a785e560/215, E_00000235a785e560/216, E_00000235a785e560/217, E_00000235a785e560/218, E_00000235a785e560/219, E_00000235a785e560/220, E_00000235a785e560/221, E_00000235a785e560/222, E_00000235a785e560/223, E_00000235a785e560/224, E_00000235a785e560/225, E_00000235a785e560/226, E_00000235a785e560/227, E_00000235a785e560/228, E_00000235a785e560/229, E_00000235a785e560/230, E_00000235a785e560/231, E_00000235a785e560/232, E_00000235a785e560/233, E_00000235a785e560/234, E_00000235a785e560/235, E_00000235a785e560/236, E_00000235a785e560/237, E_00000235a785e560/238, E_00000235a785e560/239, E_00000235a785e560/240, E_00000235a785e560/241, E_00000235a785e560/242, E_00000235a785e560/243, E_00000235a785e560/244, E_00000235a785e560/245, E_00000235a785e560/246, E_00000235a785e560/247, E_00000235a785e560/248, E_00000235a785e560/249, E_00000235a785e560/250, E_00000235a785e560/251, E_00000235a785e560/252, E_00000235a785e560/253, E_00000235a785e560/254, E_00000235a785e560/255, E_00000235a785e560/256;
E_00000235a785e660 .event posedge, v00000235a7815be0_0;
S_00000235a78ece10 .scope module, "u_instruction_memory" "instruction_memory" 3 156, 7 20 0, S_00000235a782f010;
 .timescale 0 0;
    .port_info 0 /INPUT 32 "address";
    .port_info 1 /OUTPUT 32 "instruction";
P_00000235a7763e50 .param/l "DATA_WIDTH" 0 7 21, +C4<00000000000000000000000000100000>;
P_00000235a7763e88 .param/str "INIT_FILE" 0 7 23, "programs/program.hex";
P_00000235a7763ec0 .param/l "MEM_DEPTH" 0 7 22, +C4<00000000000000000000010000000000>;
L_00000235a7803ad0 .functor BUFZ 32, L_00000235a78f6620, C4<00000000000000000000000000000000>, C4<00000000000000000000000000000000>, C4<00000000000000000000000000000000>;
v00000235a78149c0_0 .net *"_ivl_2", 31 0, L_00000235a78f6620;  1 drivers
v00000235a7814b00_0 .net "address", 31 0, v00000235a78ed450_0;  alias, 1 drivers
v00000235a7814ba0_0 .net "instruction", 31 0, L_00000235a7803ad0;  alias, 1 drivers
v00000235a78151e0 .array "instruction_mem", 1023 0, 31 0;
v00000235a77ce4c0_0 .net "word_address", 29 0, L_00000235a78f6bc0;  1 drivers
L_00000235a78f6bc0 .part v00000235a78ed450_0, 2, 30;
L_00000235a78f6620 .array/port v00000235a78151e0, L_00000235a78f6bc0;
S_00000235a7762970 .scope module, "u_memory_interconnect" "memory_interconnect" 3 242, 8 22 0, S_00000235a782f010;
 .timescale 0 0;
    .port_info 0 /INPUT 32 "cpu_address";
    .port_info 1 /INPUT 32 "cpu_write_data";
    .port_info 2 /INPUT 1 "cpu_read";
    .port_info 3 /INPUT 1 "cpu_write";
    .port_info 4 /INPUT 3 "cpu_funct3";
    .port_info 5 /OUTPUT 32 "cpu_read_data";
    .port_info 6 /OUTPUT 1 "ram_read";
    .port_info 7 /OUTPUT 1 "ram_write";
    .port_info 8 /OUTPUT 32 "ram_address";
    .port_info 9 /OUTPUT 32 "ram_write_data";
    .port_info 10 /OUTPUT 3 "ram_funct3";
    .port_info 11 /INPUT 32 "ram_read_data";
    .port_info 12 /OUTPUT 1 "sha_read";
    .port_info 13 /OUTPUT 1 "sha_write";
    .port_info 14 /OUTPUT 32 "sha_address";
    .port_info 15 /OUTPUT 32 "sha_write_data";
    .port_info 16 /OUTPUT 3 "sha_funct3";
    .port_info 17 /INPUT 32 "sha_read_data";
P_00000235a7817b50 .param/l "DATA_WIDTH" 0 8 23, +C4<00000000000000000000000000100000>;
P_00000235a7817b88 .param/l "RAM_BASE" 1 8 66, C4<00000000000000000000000000000000>;
P_00000235a7817bc0 .param/l "RAM_END" 1 8 69, C4<00000000000000000000111111111111>;
P_00000235a7817bf8 .param/l "SHA_BASE" 1 8 72, C4<00010000000000000000000000000000>;
P_00000235a7817c30 .param/l "SHA_END" 1 8 75, C4<00010000000000000000000011111111>;
L_00000235a77c4c50 .functor AND 1, L_00000235a78f6120, L_00000235a78f61c0, C4<1>, C4<1>;
L_00000235a7951e10 .functor AND 1, L_00000235a78f6260, L_00000235a7950010, C4<1>, C4<1>;
L_00000235a7951550 .functor AND 1, L_00000235a7802e90, L_00000235a77c4c50, C4<1>, C4<1>;
L_00000235a7951160 .functor AND 1, L_00000235a7802f00, L_00000235a77c4c50, C4<1>, C4<1>;
L_00000235a79516a0 .functor BUFZ 32, L_00000235a7803280, C4<00000000000000000000000000000000>, C4<00000000000000000000000000000000>, C4<00000000000000000000000000000000>;
L_00000235a7951940 .functor BUFZ 32, L_00000235a7802e20, C4<00000000000000000000000000000000>, C4<00000000000000000000000000000000>, C4<00000000000000000000000000000000>;
L_00000235a7951780 .functor BUFZ 3, L_00000235a78f5cc0, C4<000>, C4<000>, C4<000>;
L_00000235a7951470 .functor AND 1, L_00000235a7802e90, L_00000235a7951e10, C4<1>, C4<1>;
L_00000235a79515c0 .functor AND 1, L_00000235a7802f00, L_00000235a7951e10, C4<1>, C4<1>;
L_00000235a79518d0 .functor BUFZ 32, L_00000235a7803280, C4<00000000000000000000000000000000>, C4<00000000000000000000000000000000>, C4<00000000000000000000000000000000>;
L_00000235a79510f0 .functor BUFZ 32, L_00000235a7802e20, C4<00000000000000000000000000000000>, C4<00000000000000000000000000000000>, C4<00000000000000000000000000000000>;
L_00000235a7951630 .functor BUFZ 3, L_00000235a78f5cc0, C4<000>, C4<000>, C4<000>;
L_00000235a78f72d8 .functor BUFT 1, C4<00000000000000000000000000000000>, C4<0>, C4<0>, C4<0>;
v00000235a77cece0_0 .net/2u *"_ivl_0", 31 0, L_00000235a78f72d8;  1 drivers
L_00000235a78f7368 .functor BUFT 1, C4<00010000000000000000000000000000>, C4<0>, C4<0>, C4<0>;
v00000235a7771390_0 .net/2u *"_ivl_10", 31 0, L_00000235a78f7368;  1 drivers
v00000235a78ee5d0_0 .net *"_ivl_12", 0 0, L_00000235a78f6260;  1 drivers
L_00000235a78f73b0 .functor BUFT 1, C4<00010000000000000000000011111111>, C4<0>, C4<0>, C4<0>;
v00000235a78ee530_0 .net/2u *"_ivl_14", 31 0, L_00000235a78f73b0;  1 drivers
v00000235a78ed9f0_0 .net *"_ivl_16", 0 0, L_00000235a7950010;  1 drivers
v00000235a78edf90_0 .net *"_ivl_2", 0 0, L_00000235a78f6120;  1 drivers
L_00000235a78f7320 .functor BUFT 1, C4<00000000000000000000111111111111>, C4<0>, C4<0>, C4<0>;
v00000235a78ed1d0_0 .net/2u *"_ivl_4", 31 0, L_00000235a78f7320;  1 drivers
L_00000235a78f73f8 .functor BUFT 1, C4<00000000000000000000000000000000>, C4<0>, C4<0>, C4<0>;
v00000235a78eecb0_0 .net/2u *"_ivl_40", 31 0, L_00000235a78f73f8;  1 drivers
v00000235a78ed270_0 .net *"_ivl_42", 31 0, L_00000235a7950d30;  1 drivers
v00000235a78eec10_0 .net *"_ivl_6", 0 0, L_00000235a78f61c0;  1 drivers
v00000235a78edc70_0 .net "cpu_address", 31 0, L_00000235a7803280;  alias, 1 drivers
v00000235a78ee670_0 .net "cpu_funct3", 2 0, L_00000235a78f5cc0;  alias, 1 drivers
v00000235a78ed310_0 .net "cpu_read", 0 0, L_00000235a7802e90;  alias, 1 drivers
v00000235a78eda90_0 .net "cpu_read_data", 31 0, L_00000235a794fc50;  alias, 1 drivers
v00000235a78ee030_0 .net "cpu_write", 0 0, L_00000235a7802f00;  alias, 1 drivers
v00000235a78eeb70_0 .net "cpu_write_data", 31 0, L_00000235a7802e20;  alias, 1 drivers
v00000235a78ee210_0 .net "ram_address", 31 0, L_00000235a79516a0;  alias, 1 drivers
v00000235a78eed50_0 .net "ram_funct3", 2 0, L_00000235a7951780;  alias, 1 drivers
v00000235a78edb30_0 .net "ram_read", 0 0, L_00000235a7951550;  alias, 1 drivers
v00000235a78ee0d0_0 .net "ram_read_data", 31 0, v00000235a78162c0_0;  alias, 1 drivers
v00000235a78eedf0_0 .net "ram_select", 0 0, L_00000235a77c4c50;  1 drivers
v00000235a78ee2b0_0 .net "ram_write", 0 0, L_00000235a7951160;  alias, 1 drivers
v00000235a78ed130_0 .net "ram_write_data", 31 0, L_00000235a7951940;  alias, 1 drivers
v00000235a78edbd0_0 .net "sha_address", 31 0, L_00000235a79518d0;  alias, 1 drivers
v00000235a78ee170_0 .net "sha_funct3", 2 0, L_00000235a7951630;  alias, 1 drivers
v00000235a78eee90_0 .net "sha_read", 0 0, L_00000235a7951470;  alias, 1 drivers
v00000235a78ed4f0_0 .net "sha_read_data", 31 0, L_00000235a78f7440;  alias, 1 drivers
v00000235a78eead0_0 .net "sha_select", 0 0, L_00000235a7951e10;  1 drivers
v00000235a78ee350_0 .net "sha_write", 0 0, L_00000235a79515c0;  alias, 1 drivers
v00000235a78ed950_0 .net "sha_write_data", 31 0, L_00000235a79510f0;  alias, 1 drivers
L_00000235a78f6120 .cmp/ge 32, L_00000235a7803280, L_00000235a78f72d8;
L_00000235a78f61c0 .cmp/ge 32, L_00000235a78f7320, L_00000235a7803280;
L_00000235a78f6260 .cmp/ge 32, L_00000235a7803280, L_00000235a78f7368;
L_00000235a7950010 .cmp/ge 32, L_00000235a78f73b0, L_00000235a7803280;
L_00000235a7950d30 .functor MUXZ 32, L_00000235a78f73f8, L_00000235a78f7440, L_00000235a7951e10, C4<>;
L_00000235a794fc50 .functor MUXZ 32, L_00000235a7950d30, v00000235a78162c0_0, L_00000235a77c4c50, C4<>;
S_00000235a77c5ca0 .scope module, "u_program_counter" "program_counter" 3 141, 9 26 0, S_00000235a782f010;
 .timescale 0 0;
    .port_info 0 /INPUT 1 "clk";
    .port_info 1 /INPUT 1 "rst";
    .port_info 2 /INPUT 1 "pc_write";
    .port_info 3 /INPUT 32 "pc_next";
    .port_info 4 /OUTPUT 32 "pc";
P_00000235a785e6e0 .param/l "DATA_WIDTH" 0 9 27, +C4<00000000000000000000000000100000>;
v00000235a78ee3f0_0 .net "clk", 0 0, v00000235a78f5540_0;  alias, 1 drivers
v00000235a78ed450_0 .var "pc", 31 0;
v00000235a78ecff0_0 .net "pc_next", 31 0, v00000235a78ef8c0_0;  alias, 1 drivers
L_00000235a78f7008 .functor BUFT 1, C4<1>, C4<0>, C4<0>, C4<0>;
v00000235a78ed3b0_0 .net "pc_write", 0 0, L_00000235a78f7008;  1 drivers
v00000235a78ed590_0 .net "rst", 0 0, v00000235a78f55e0_0;  alias, 1 drivers
S_00000235a77c5e30 .scope module, "u_rv32i_datapath" "rv32i_datapath" 3 195, 10 30 0, S_00000235a782f010;
 .timescale 0 0;
    .port_info 0 /INPUT 1 "clk";
    .port_info 1 /INPUT 1 "rst";
    .port_info 2 /INPUT 32 "pc";
    .port_info 3 /INPUT 32 "instruction";
    .port_info 4 /INPUT 1 "RegWrite";
    .port_info 5 /INPUT 1 "MemRead";
    .port_info 6 /INPUT 1 "MemWrite";
    .port_info 7 /INPUT 1 "MemToReg";
    .port_info 8 /INPUT 1 "ALUSrc";
    .port_info 9 /INPUT 1 "Branch";
    .port_info 10 /INPUT 1 "Jump";
    .port_info 11 /INPUT 2 "ALUOp";
    .port_info 12 /INPUT 4 "alu_control";
    .port_info 13 /OUTPUT 32 "next_pc";
    .port_info 14 /OUTPUT 32 "rd_data";
    .port_info 15 /OUTPUT 32 "alu_result";
    .port_info 16 /OUTPUT 1 "branch_taken";
    .port_info 17 /OUTPUT 32 "mem_address";
    .port_info 18 /OUTPUT 32 "mem_write_data";
    .port_info 19 /OUTPUT 1 "mem_read";
    .port_info 20 /OUTPUT 1 "mem_write";
    .port_info 21 /OUTPUT 3 "mem_funct3";
    .port_info 22 /INPUT 32 "mem_read_data";
P_00000235a785d860 .param/l "DATA_WIDTH" 0 10 31, +C4<00000000000000000000000000100000>;
L_00000235a7803280 .functor BUFZ 32, v00000235a78ed090_0, C4<00000000000000000000000000000000>, C4<00000000000000000000000000000000>, C4<00000000000000000000000000000000>;
L_00000235a7802e20 .functor BUFZ 32, L_00000235a78f5e00, C4<00000000000000000000000000000000>, C4<00000000000000000000000000000000>, C4<00000000000000000000000000000000>;
L_00000235a7802e90 .functor BUFZ 1, v00000235a7816040_0, C4<0>, C4<0>, C4<0>;
L_00000235a7802f00 .functor BUFZ 1, v00000235a7815820_0, C4<0>, C4<0>, C4<0>;
L_00000235a7803050 .functor BUFZ 1, v00000235a78ed770_0, C4<0>, C4<0>, C4<0>;
L_00000235a78f7290 .functor BUFT 1, C4<11111111111111111111111111111110>, C4<0>, C4<0>, C4<0>;
L_00000235a7803130 .functor AND 32, L_00000235a78f5fe0, L_00000235a78f7290, C4<11111111111111111111111111111111>, C4<11111111111111111111111111111111>;
v00000235a78f0ae0_0 .net "ALUOp", 1 0, v00000235a7814e20_0;  alias, 1 drivers
v00000235a78f0040_0 .net "ALUSrc", 0 0, v00000235a7815b40_0;  alias, 1 drivers
v00000235a78ef780_0 .net "Branch", 0 0, v00000235a7815140_0;  alias, 1 drivers
v00000235a78ef960_0 .net "Jump", 0 0, v00000235a7815460_0;  alias, 1 drivers
v00000235a78efa00_0 .net "MemRead", 0 0, v00000235a7816040_0;  alias, 1 drivers
v00000235a78f0d60_0 .net "MemToReg", 0 0, v00000235a7814f60_0;  alias, 1 drivers
v00000235a78efaa0_0 .net "MemWrite", 0 0, v00000235a7815820_0;  alias, 1 drivers
v00000235a78efbe0_0 .net "RegWrite", 0 0, v00000235a78160e0_0;  alias, 1 drivers
L_00000235a78f7248 .functor BUFT 1, C4<00000000000000000000000000000100>, C4<0>, C4<0>, C4<0>;
v00000235a78f0860_0 .net/2u *"_ivl_26", 31 0, L_00000235a78f7248;  1 drivers
v00000235a78f0b80_0 .net/2u *"_ivl_36", 31 0, L_00000235a78f7290;  1 drivers
v00000235a78efc80_0 .var "alu_a_src", 1 0;
v00000235a78eff00_0 .net "alu_control", 3 0, v00000235a7815f00_0;  alias, 1 drivers
v00000235a78f0180_0 .var "alu_operand_a", 31 0;
v00000235a78f0220_0 .net "alu_operand_b", 31 0, L_00000235a78f6ee0;  1 drivers
v00000235a78f02c0_0 .net "alu_result", 31 0, v00000235a78ed090_0;  alias, 1 drivers
v00000235a78f0c20_0 .net "alu_zero", 0 0, L_00000235a78f5ae0;  1 drivers
v00000235a78f0e00_0 .net "branch_condition", 0 0, v00000235a78ed770_0;  1 drivers
v00000235a78f0ea0_0 .net "branch_taken", 0 0, L_00000235a7803050;  alias, 1 drivers
v00000235a78f4070_0 .net "branch_target", 31 0, L_00000235a78f6080;  1 drivers
v00000235a78f4ed0_0 .net "clk", 0 0, v00000235a78f5540_0;  alias, 1 drivers
v00000235a78f42f0_0 .net "funct3", 2 0, L_00000235a78f6c60;  1 drivers
v00000235a78f4e30_0 .net "funct7", 6 0, L_00000235a78f5c20;  1 drivers
v00000235a78f4750_0 .net "immediate", 31 0, v00000235a78ee850_0;  1 drivers
v00000235a78f3e90_0 .net "instruction", 31 0, L_00000235a7803ad0;  alias, 1 drivers
v00000235a78f4390_0 .net "jal_target", 31 0, L_00000235a78f5f40;  1 drivers
v00000235a78f4bb0_0 .net "jalr_target", 31 0, L_00000235a7803130;  1 drivers
v00000235a78f4110_0 .net "jalr_target_raw", 31 0, L_00000235a78f5fe0;  1 drivers
v00000235a78f4c50_0 .net "mem_address", 31 0, L_00000235a7803280;  alias, 1 drivers
v00000235a78f4d90_0 .net "mem_funct3", 2 0, L_00000235a78f5cc0;  alias, 1 drivers
v00000235a78f4a70_0 .net "mem_read", 0 0, L_00000235a7802e90;  alias, 1 drivers
v00000235a78f44d0_0 .net "mem_read_data", 31 0, L_00000235a794fc50;  alias, 1 drivers
v00000235a78f37b0_0 .net "mem_write", 0 0, L_00000235a7802f00;  alias, 1 drivers
v00000235a78f3f30_0 .net "mem_write_data", 31 0, L_00000235a7802e20;  alias, 1 drivers
v00000235a78f49d0_0 .net "next_pc", 31 0, v00000235a78ef8c0_0;  alias, 1 drivers
v00000235a78f3ad0_0 .net "opcode", 6 0, L_00000235a78f5680;  1 drivers
v00000235a78f3030_0 .net "pc", 31 0, v00000235a78ed450_0;  alias, 1 drivers
v00000235a78f30d0_0 .net "pc_plus_4", 31 0, L_00000235a78f5d60;  1 drivers
v00000235a78f47f0_0 .var "pc_src", 1 0;
v00000235a78f4cf0_0 .net "rd_addr", 4 0, L_00000235a78f59a0;  1 drivers
v00000235a78f41b0_0 .net "rd_data", 31 0, v00000235a78f0a40_0;  alias, 1 drivers
v00000235a78f38f0_0 .net "rs1_addr", 4 0, L_00000235a78f5860;  1 drivers
v00000235a78f3210_0 .net "rs1_data", 31 0, L_00000235a78f5040;  1 drivers
v00000235a78f35d0_0 .net "rs2_addr", 4 0, L_00000235a78f6d00;  1 drivers
v00000235a78f3350_0 .net "rs2_data", 31 0, L_00000235a78f5e00;  1 drivers
v00000235a78f3170_0 .net "rst", 0 0, v00000235a78f55e0_0;  alias, 1 drivers
v00000235a78f3fd0_0 .var "wb_src", 1 0;
E_00000235a785e5a0 .event anyedge, v00000235a7814f60_0, v00000235a7815460_0;
E_00000235a785d720 .event anyedge, v00000235a78f3ad0_0;
E_00000235a785e4a0 .event anyedge, v00000235a78f3ad0_0, v00000235a78efc80_0, v00000235a78ed810_0, v00000235a7814b00_0;
L_00000235a78f5680 .part L_00000235a7803ad0, 0, 7;
L_00000235a78f59a0 .part L_00000235a7803ad0, 7, 5;
L_00000235a78f6c60 .part L_00000235a7803ad0, 12, 3;
L_00000235a78f5860 .part L_00000235a7803ad0, 15, 5;
L_00000235a78f6d00 .part L_00000235a7803ad0, 20, 5;
L_00000235a78f5c20 .part L_00000235a7803ad0, 25, 7;
L_00000235a78f6ee0 .functor MUXZ 32, L_00000235a78f5e00, v00000235a78ee850_0, v00000235a7815b40_0, C4<>;
L_00000235a78f5cc0 .part L_00000235a7803ad0, 12, 3;
L_00000235a78f5d60 .arith/sum 32, v00000235a78ed450_0, L_00000235a78f7248;
L_00000235a78f6080 .arith/sum 32, v00000235a78ed450_0, v00000235a78ee850_0;
L_00000235a78f5f40 .arith/sum 32, v00000235a78ed450_0, v00000235a78ee850_0;
L_00000235a78f5fe0 .arith/sum 32, L_00000235a78f5040, v00000235a78ee850_0;
S_00000235a77830c0 .scope module, "u_alu" "alu" 10 261, 11 35 0, S_00000235a77c5e30;
 .timescale 0 0;
    .port_info 0 /INPUT 32 "operand_a";
    .port_info 1 /INPUT 32 "operand_b";
    .port_info 2 /INPUT 4 "alu_op";
    .port_info 3 /OUTPUT 32 "result";
    .port_info 4 /OUTPUT 1 "zero";
P_00000235a785db20 .param/l "DATA_WIDTH" 0 11 36, +C4<00000000000000000000000000100000>;
L_00000235a78f7200 .functor BUFT 1, C4<00000000000000000000000000000000>, C4<0>, C4<0>, C4<0>;
v00000235a78ed630_0 .net/2u *"_ivl_0", 31 0, L_00000235a78f7200;  1 drivers
v00000235a78edef0_0 .net "alu_op", 3 0, v00000235a7815f00_0;  alias, 1 drivers
v00000235a78ed6d0_0 .net "operand_a", 31 0, v00000235a78f0180_0;  1 drivers
v00000235a78ee7b0_0 .net "operand_b", 31 0, L_00000235a78f6ee0;  alias, 1 drivers
v00000235a78ed090_0 .var "result", 31 0;
v00000235a78eea30_0 .net "zero", 0 0, L_00000235a78f5ae0;  alias, 1 drivers
E_00000235a785e220 .event anyedge, v00000235a7815f00_0, v00000235a78ed6d0_0, v00000235a78ee7b0_0;
L_00000235a78f5ae0 .cmp/eq 32, v00000235a78ed090_0, L_00000235a78f7200;
S_00000235a7783250 .scope module, "u_branch_unit" "branch_unit" 10 308, 12 33 0, S_00000235a77c5e30;
 .timescale 0 0;
    .port_info 0 /INPUT 3 "funct3";
    .port_info 1 /INPUT 32 "rs1_data";
    .port_info 2 /INPUT 32 "rs2_data";
    .port_info 3 /OUTPUT 1 "branch_taken";
P_00000235a785d760 .param/l "DATA_WIDTH" 0 12 34, +C4<00000000000000000000000000100000>;
v00000235a78ed770_0 .var "branch_taken", 0 0;
v00000235a78ee490_0 .net "funct3", 2 0, L_00000235a78f6c60;  alias, 1 drivers
v00000235a78ed810_0 .net "rs1_data", 31 0, L_00000235a78f5040;  alias, 1 drivers
v00000235a78ed8b0_0 .net "rs2_data", 31 0, L_00000235a78f5e00;  alias, 1 drivers
E_00000235a785dfe0 .event anyedge, v00000235a78ee490_0, v00000235a78ed810_0, v00000235a78ed8b0_0;
S_00000235a77833e0 .scope module, "u_immediate_generator" "immediate_generator" 10 149, 13 27 0, S_00000235a77c5e30;
 .timescale 0 0;
    .port_info 0 /INPUT 32 "instruction";
    .port_info 1 /OUTPUT 32 "immediate";
P_00000235a785df20 .param/l "DATA_WIDTH" 0 13 28, +C4<00000000000000000000000000100000>;
v00000235a78ee850_0 .var "immediate", 31 0;
v00000235a78edd10_0 .net "instruction", 31 0, L_00000235a7803ad0;  alias, 1 drivers
v00000235a78ee8f0_0 .net "opcode", 6 0, L_00000235a78f5a40;  1 drivers
E_00000235a785d8a0 .event anyedge, v00000235a78ee8f0_0, v00000235a7814ba0_0;
L_00000235a78f5a40 .part L_00000235a7803ad0, 0, 7;
S_00000235a77bd060 .scope module, "u_next_pc" "next_pc" 10 442, 14 21 0, S_00000235a77c5e30;
 .timescale 0 0;
    .port_info 0 /INPUT 32 "pc";
    .port_info 1 /INPUT 32 "branch_target";
    .port_info 2 /INPUT 32 "jal_target";
    .port_info 3 /INPUT 32 "jalr_target";
    .port_info 4 /INPUT 1 "branch_taken";
    .port_info 5 /INPUT 2 "pc_src";
    .port_info 6 /OUTPUT 32 "next_pc";
P_00000235a785e3e0 .param/l "DATA_WIDTH" 0 14 22, +C4<00000000000000000000000000100000>;
v00000235a78eddb0_0 .net "branch_taken", 0 0, L_00000235a7803050;  alias, 1 drivers
v00000235a78ede50_0 .net "branch_target", 31 0, L_00000235a78f6080;  alias, 1 drivers
v00000235a78ee990_0 .net "jal_target", 31 0, L_00000235a78f5f40;  alias, 1 drivers
v00000235a77cfb40_0 .net "jalr_target", 31 0, L_00000235a7803130;  alias, 1 drivers
v00000235a78ef8c0_0 .var "next_pc", 31 0;
v00000235a78efb40_0 .net "pc", 31 0, v00000235a78ed450_0;  alias, 1 drivers
v00000235a78f07c0_0 .net "pc_src", 1 0, v00000235a78f47f0_0;  1 drivers
E_00000235a785e260/0 .event anyedge, v00000235a78f07c0_0, v00000235a7814b00_0, v00000235a78eddb0_0, v00000235a78ede50_0;
E_00000235a785e260/1 .event anyedge, v00000235a78ee990_0, v00000235a77cfb40_0;
E_00000235a785e260 .event/or E_00000235a785e260/0, E_00000235a785e260/1;
S_00000235a78f14c0 .scope module, "u_register_file" "register_file" 10 122, 15 17 0, S_00000235a77c5e30;
 .timescale 0 0;
    .port_info 0 /INPUT 1 "clk";
    .port_info 1 /INPUT 1 "rst";
    .port_info 2 /INPUT 1 "reg_write";
    .port_info 3 /INPUT 5 "rs1_addr";
    .port_info 4 /INPUT 5 "rs2_addr";
    .port_info 5 /OUTPUT 32 "rs1_data";
    .port_info 6 /OUTPUT 32 "rs2_data";
    .port_info 7 /INPUT 5 "rd_addr";
    .port_info 8 /INPUT 32 "rd_data";
P_00000235a782f1a0 .param/l "ADDR_WIDTH" 0 15 20, +C4<00000000000000000000000000000101>;
P_00000235a782f1d8 .param/l "DATA_WIDTH" 0 15 18, +C4<00000000000000000000000000100000>;
P_00000235a782f210 .param/l "REG_COUNT" 0 15 19, +C4<00000000000000000000000000100000>;
P_00000235a782f248 .param/l "ZERO_REG" 1 15 41, C4<00000>;
L_00000235a78f7050 .functor BUFT 1, C4<00000>, C4<0>, C4<0>, C4<0>;
v00000235a78efe60_0 .net/2u *"_ivl_0", 4 0, L_00000235a78f7050;  1 drivers
L_00000235a78f70e0 .functor BUFT 1, C4<00>, C4<0>, C4<0>, C4<0>;
v00000235a78efd20_0 .net *"_ivl_11", 1 0, L_00000235a78f70e0;  1 drivers
L_00000235a78f7128 .functor BUFT 1, C4<00000>, C4<0>, C4<0>, C4<0>;
v00000235a78ef280_0 .net/2u *"_ivl_14", 4 0, L_00000235a78f7128;  1 drivers
v00000235a78ef140_0 .net *"_ivl_16", 0 0, L_00000235a78f6da0;  1 drivers
L_00000235a78f7170 .functor BUFT 1, C4<00000000000000000000000000000000>, C4<0>, C4<0>, C4<0>;
v00000235a78f0540_0 .net/2u *"_ivl_18", 31 0, L_00000235a78f7170;  1 drivers
v00000235a78ef000_0 .net *"_ivl_2", 0 0, L_00000235a78f5ea0;  1 drivers
v00000235a78ef0a0_0 .net *"_ivl_20", 31 0, L_00000235a78f5720;  1 drivers
v00000235a78f0680_0 .net *"_ivl_22", 6 0, L_00000235a78f6760;  1 drivers
L_00000235a78f71b8 .functor BUFT 1, C4<00>, C4<0>, C4<0>, C4<0>;
v00000235a78f0360_0 .net *"_ivl_25", 1 0, L_00000235a78f71b8;  1 drivers
L_00000235a78f7098 .functor BUFT 1, C4<00000000000000000000000000000000>, C4<0>, C4<0>, C4<0>;
v00000235a78ef460_0 .net/2u *"_ivl_4", 31 0, L_00000235a78f7098;  1 drivers
v00000235a78f0720_0 .net *"_ivl_6", 31 0, L_00000235a78f66c0;  1 drivers
v00000235a78ef1e0_0 .net *"_ivl_8", 6 0, L_00000235a78f5400;  1 drivers
v00000235a78efdc0_0 .net "clk", 0 0, v00000235a78f5540_0;  alias, 1 drivers
v00000235a78f05e0_0 .var/i "i", 31 0;
v00000235a78f0900_0 .net "rd_addr", 4 0, L_00000235a78f59a0;  alias, 1 drivers
v00000235a78ef320_0 .net "rd_data", 31 0, v00000235a78f0a40_0;  alias, 1 drivers
v00000235a78ef3c0_0 .net "reg_write", 0 0, v00000235a78160e0_0;  alias, 1 drivers
v00000235a78ef500 .array "registers", 31 0, 31 0;
v00000235a78ef640_0 .net "rs1_addr", 4 0, L_00000235a78f5860;  alias, 1 drivers
v00000235a78f0400_0 .net "rs1_data", 31 0, L_00000235a78f5040;  alias, 1 drivers
v00000235a78ef820_0 .net "rs2_addr", 4 0, L_00000235a78f6d00;  alias, 1 drivers
v00000235a78f0cc0_0 .net "rs2_data", 31 0, L_00000235a78f5e00;  alias, 1 drivers
v00000235a78effa0_0 .net "rst", 0 0, v00000235a78f55e0_0;  alias, 1 drivers
L_00000235a78f5ea0 .cmp/eq 5, L_00000235a78f5860, L_00000235a78f7050;
L_00000235a78f66c0 .array/port v00000235a78ef500, L_00000235a78f5400;
L_00000235a78f5400 .concat [ 5 2 0 0], L_00000235a78f5860, L_00000235a78f70e0;
L_00000235a78f5040 .functor MUXZ 32, L_00000235a78f66c0, L_00000235a78f7098, L_00000235a78f5ea0, C4<>;
L_00000235a78f6da0 .cmp/eq 5, L_00000235a78f6d00, L_00000235a78f7128;
L_00000235a78f5720 .array/port v00000235a78ef500, L_00000235a78f6760;
L_00000235a78f6760 .concat [ 5 2 0 0], L_00000235a78f6d00, L_00000235a78f71b8;
L_00000235a78f5e00 .functor MUXZ 32, L_00000235a78f5720, L_00000235a78f7170, L_00000235a78f6da0, C4<>;
S_00000235a78f11a0 .scope module, "u_write_back" "write_back" 10 510, 16 20 0, S_00000235a77c5e30;
 .timescale 0 0;
    .port_info 0 /INPUT 32 "alu_result";
    .port_info 1 /INPUT 32 "memory_data";
    .port_info 2 /INPUT 32 "pc_plus_4";
    .port_info 3 /INPUT 2 "wb_src";
    .port_info 4 /OUTPUT 32 "rd_data";
P_00000235a785e020 .param/l "DATA_WIDTH" 0 16 21, +C4<00000000000000000000000000100000>;
v00000235a78ef5a0_0 .net "alu_result", 31 0, v00000235a78ed090_0;  alias, 1 drivers
v00000235a78f00e0_0 .net "memory_data", 31 0, L_00000235a794fc50;  alias, 1 drivers
v00000235a78f09a0_0 .net "pc_plus_4", 31 0, L_00000235a78f5d60;  alias, 1 drivers
v00000235a78f0a40_0 .var "rd_data", 31 0;
v00000235a78ef6e0_0 .net "wb_src", 1 0, v00000235a78f3fd0_0;  1 drivers
E_00000235a785e060 .event anyedge, v00000235a78ef6e0_0, v00000235a78ed090_0, v00000235a78eda90_0, v00000235a78f09a0_0;
    .scope S_00000235a77c5ca0;
T_2 ;
    %wait E_00000235a785e660;
    %load/vec4 v00000235a78ed590_0;
    %flag_set/vec4 8;
    %jmp/0xz  T_2.0, 8;
    %pushi/vec4 0, 0, 32;
    %assign/vec4 v00000235a78ed450_0, 0;
    %jmp T_2.1;
T_2.0 ;
    %load/vec4 v00000235a78ed3b0_0;
    %flag_set/vec4 8;
    %jmp/0xz  T_2.2, 8;
    %load/vec4 v00000235a78ecff0_0;
    %assign/vec4 v00000235a78ed450_0, 0;
T_2.2 ;
T_2.1 ;
    %jmp T_2;
    .thread T_2;
    .scope S_00000235a78ece10;
T_3 ;
    %vpi_call 7 52 "$readmemh", P_00000235a7763e88, v00000235a78151e0 {0 0 0};
    %end;
    .thread T_3;
    .scope S_00000235a77c1f70;
T_4 ;
    %wait E_00000235a785e160;
    %pushi/vec4 0, 0, 1;
    %store/vec4 v00000235a78160e0_0, 0, 1;
    %pushi/vec4 0, 0, 1;
    %store/vec4 v00000235a7816040_0, 0, 1;
    %pushi/vec4 0, 0, 1;
    %store/vec4 v00000235a7815820_0, 0, 1;
    %pushi/vec4 0, 0, 1;
    %store/vec4 v00000235a7814f60_0, 0, 1;
    %pushi/vec4 0, 0, 1;
    %store/vec4 v00000235a7815b40_0, 0, 1;
    %pushi/vec4 0, 0, 1;
    %store/vec4 v00000235a7815140_0, 0, 1;
    %pushi/vec4 0, 0, 1;
    %store/vec4 v00000235a7815460_0, 0, 1;
    %pushi/vec4 0, 0, 2;
    %store/vec4 v00000235a7814e20_0, 0, 2;
    %load/vec4 v00000235a7814a60_0;
    %dup/vec4;
    %pushi/vec4 51, 0, 7;
    %cmp/u;
    %jmp/1 T_4.0, 6;
    %dup/vec4;
    %pushi/vec4 19, 0, 7;
    %cmp/u;
    %jmp/1 T_4.1, 6;
    %dup/vec4;
    %pushi/vec4 3, 0, 7;
    %cmp/u;
    %jmp/1 T_4.2, 6;
    %dup/vec4;
    %pushi/vec4 35, 0, 7;
    %cmp/u;
    %jmp/1 T_4.3, 6;
    %dup/vec4;
    %pushi/vec4 99, 0, 7;
    %cmp/u;
    %jmp/1 T_4.4, 6;
    %dup/vec4;
    %pushi/vec4 55, 0, 7;
    %cmp/u;
    %jmp/1 T_4.5, 6;
    %dup/vec4;
    %pushi/vec4 23, 0, 7;
    %cmp/u;
    %jmp/1 T_4.6, 6;
    %dup/vec4;
    %pushi/vec4 111, 0, 7;
    %cmp/u;
    %jmp/1 T_4.7, 6;
    %dup/vec4;
    %pushi/vec4 103, 0, 7;
    %cmp/u;
    %jmp/1 T_4.8, 6;
    %jmp T_4.10;
T_4.0 ;
    %pushi/vec4 1, 0, 1;
    %store/vec4 v00000235a78160e0_0, 0, 1;
    %pushi/vec4 0, 0, 1;
    %store/vec4 v00000235a7815b40_0, 0, 1;
    %pushi/vec4 2, 0, 2;
    %store/vec4 v00000235a7814e20_0, 0, 2;
    %jmp T_4.10;
T_4.1 ;
    %pushi/vec4 1, 0, 1;
    %store/vec4 v00000235a78160e0_0, 0, 1;
    %pushi/vec4 1, 0, 1;
    %store/vec4 v00000235a7815b40_0, 0, 1;
    %pushi/vec4 2, 0, 2;
    %store/vec4 v00000235a7814e20_0, 0, 2;
    %jmp T_4.10;
T_4.2 ;
    %pushi/vec4 1, 0, 1;
    %store/vec4 v00000235a78160e0_0, 0, 1;
    %pushi/vec4 1, 0, 1;
    %store/vec4 v00000235a7816040_0, 0, 1;
    %pushi/vec4 1, 0, 1;
    %store/vec4 v00000235a7814f60_0, 0, 1;
    %pushi/vec4 1, 0, 1;
    %store/vec4 v00000235a7815b40_0, 0, 1;
    %pushi/vec4 0, 0, 2;
    %store/vec4 v00000235a7814e20_0, 0, 2;
    %jmp T_4.10;
T_4.3 ;
    %pushi/vec4 1, 0, 1;
    %store/vec4 v00000235a7815820_0, 0, 1;
    %pushi/vec4 1, 0, 1;
    %store/vec4 v00000235a7815b40_0, 0, 1;
    %pushi/vec4 0, 0, 2;
    %store/vec4 v00000235a7814e20_0, 0, 2;
    %jmp T_4.10;
T_4.4 ;
    %pushi/vec4 1, 0, 1;
    %store/vec4 v00000235a7815140_0, 0, 1;
    %pushi/vec4 0, 0, 1;
    %store/vec4 v00000235a7815b40_0, 0, 1;
    %pushi/vec4 1, 0, 2;
    %store/vec4 v00000235a7814e20_0, 0, 2;
    %jmp T_4.10;
T_4.5 ;
    %pushi/vec4 1, 0, 1;
    %store/vec4 v00000235a78160e0_0, 0, 1;
    %pushi/vec4 1, 0, 1;
    %store/vec4 v00000235a7815b40_0, 0, 1;
    %pushi/vec4 0, 0, 2;
    %store/vec4 v00000235a7814e20_0, 0, 2;
    %jmp T_4.10;
T_4.6 ;
    %pushi/vec4 1, 0, 1;
    %store/vec4 v00000235a78160e0_0, 0, 1;
    %pushi/vec4 1, 0, 1;
    %store/vec4 v00000235a7815b40_0, 0, 1;
    %pushi/vec4 0, 0, 2;
    %store/vec4 v00000235a7814e20_0, 0, 2;
    %jmp T_4.10;
T_4.7 ;
    %pushi/vec4 1, 0, 1;
    %store/vec4 v00000235a78160e0_0, 0, 1;
    %pushi/vec4 1, 0, 1;
    %store/vec4 v00000235a7815460_0, 0, 1;
    %jmp T_4.10;
T_4.8 ;
    %pushi/vec4 1, 0, 1;
    %store/vec4 v00000235a78160e0_0, 0, 1;
    %pushi/vec4 1, 0, 1;
    %store/vec4 v00000235a7815b40_0, 0, 1;
    %pushi/vec4 1, 0, 1;
    %store/vec4 v00000235a7815460_0, 0, 1;
    %pushi/vec4 0, 0, 2;
    %store/vec4 v00000235a7814e20_0, 0, 2;
    %jmp T_4.10;
T_4.10 ;
    %pop/vec4 1;
    %jmp T_4;
    .thread T_4, $push;
    .scope S_00000235a77c1de0;
T_5 ;
    %wait E_00000235a785e6a0;
    %pushi/vec4 0, 0, 4;
    %store/vec4 v00000235a7815f00_0, 0, 4;
    %load/vec4 v00000235a78155a0_0;
    %dup/vec4;
    %pushi/vec4 0, 0, 2;
    %cmp/u;
    %jmp/1 T_5.0, 6;
    %dup/vec4;
    %pushi/vec4 1, 0, 2;
    %cmp/u;
    %jmp/1 T_5.1, 6;
    %dup/vec4;
    %pushi/vec4 2, 0, 2;
    %cmp/u;
    %jmp/1 T_5.2, 6;
    %pushi/vec4 0, 0, 4;
    %store/vec4 v00000235a7815f00_0, 0, 4;
    %jmp T_5.4;
T_5.0 ;
    %pushi/vec4 0, 0, 4;
    %store/vec4 v00000235a7815f00_0, 0, 4;
    %jmp T_5.4;
T_5.1 ;
    %pushi/vec4 1, 0, 4;
    %store/vec4 v00000235a7815f00_0, 0, 4;
    %jmp T_5.4;
T_5.2 ;
    %load/vec4 v00000235a7815320_0;
    %dup/vec4;
    %pushi/vec4 0, 0, 3;
    %cmp/u;
    %jmp/1 T_5.5, 6;
    %dup/vec4;
    %pushi/vec4 1, 0, 3;
    %cmp/u;
    %jmp/1 T_5.6, 6;
    %dup/vec4;
    %pushi/vec4 2, 0, 3;
    %cmp/u;
    %jmp/1 T_5.7, 6;
    %dup/vec4;
    %pushi/vec4 3, 0, 3;
    %cmp/u;
    %jmp/1 T_5.8, 6;
    %dup/vec4;
    %pushi/vec4 4, 0, 3;
    %cmp/u;
    %jmp/1 T_5.9, 6;
    %dup/vec4;
    %pushi/vec4 5, 0, 3;
    %cmp/u;
    %jmp/1 T_5.10, 6;
    %dup/vec4;
    %pushi/vec4 6, 0, 3;
    %cmp/u;
    %jmp/1 T_5.11, 6;
    %dup/vec4;
    %pushi/vec4 7, 0, 3;
    %cmp/u;
    %jmp/1 T_5.12, 6;
    %pushi/vec4 0, 0, 4;
    %store/vec4 v00000235a7815f00_0, 0, 4;
    %jmp T_5.14;
T_5.5 ;
    %load/vec4 v00000235a7815d20_0;
    %cmpi/e 32, 0, 7;
    %jmp/0xz  T_5.15, 4;
    %pushi/vec4 1, 0, 4;
    %store/vec4 v00000235a7815f00_0, 0, 4;
    %jmp T_5.16;
T_5.15 ;
    %pushi/vec4 0, 0, 4;
    %store/vec4 v00000235a7815f00_0, 0, 4;
T_5.16 ;
    %jmp T_5.14;
T_5.6 ;
    %pushi/vec4 5, 0, 4;
    %store/vec4 v00000235a7815f00_0, 0, 4;
    %jmp T_5.14;
T_5.7 ;
    %pushi/vec4 8, 0, 4;
    %store/vec4 v00000235a7815f00_0, 0, 4;
    %jmp T_5.14;
T_5.8 ;
    %pushi/vec4 9, 0, 4;
    %store/vec4 v00000235a7815f00_0, 0, 4;
    %jmp T_5.14;
T_5.9 ;
    %pushi/vec4 4, 0, 4;
    %store/vec4 v00000235a7815f00_0, 0, 4;
    %jmp T_5.14;
T_5.10 ;
    %load/vec4 v00000235a7815d20_0;
    %cmpi/e 32, 0, 7;
    %jmp/0xz  T_5.17, 4;
    %pushi/vec4 7, 0, 4;
    %store/vec4 v00000235a7815f00_0, 0, 4;
    %jmp T_5.18;
T_5.17 ;
    %pushi/vec4 6, 0, 4;
    %store/vec4 v00000235a7815f00_0, 0, 4;
T_5.18 ;
    %jmp T_5.14;
T_5.11 ;
    %pushi/vec4 3, 0, 4;
    %store/vec4 v00000235a7815f00_0, 0, 4;
    %jmp T_5.14;
T_5.12 ;
    %pushi/vec4 2, 0, 4;
    %store/vec4 v00000235a7815f00_0, 0, 4;
    %jmp T_5.14;
T_5.14 ;
    %pop/vec4 1;
    %jmp T_5.4;
T_5.4 ;
    %pop/vec4 1;
    %jmp T_5;
    .thread T_5, $push;
    .scope S_00000235a78f14c0;
T_6 ;
    %wait E_00000235a785e660;
    %load/vec4 v00000235a78effa0_0;
    %flag_set/vec4 8;
    %jmp/0xz  T_6.0, 8;
    %pushi/vec4 0, 0, 32;
    %store/vec4 v00000235a78f05e0_0, 0, 32;
T_6.2 ;
    %load/vec4 v00000235a78f05e0_0;
    %cmpi/s 32, 0, 32;
    %jmp/0xz T_6.3, 5;
    %pushi/vec4 0, 0, 32;
    %ix/getv/s 3, v00000235a78f05e0_0;
    %ix/load 4, 0, 0; Constant delay
    %assign/vec4/a/d v00000235a78ef500, 0, 4;
    %load/vec4 v00000235a78f05e0_0;
    %addi 1, 0, 32;
    %store/vec4 v00000235a78f05e0_0, 0, 32;
    %jmp T_6.2;
T_6.3 ;
    %jmp T_6.1;
T_6.0 ;
    %load/vec4 v00000235a78ef3c0_0;
    %load/vec4 v00000235a78f0900_0;
    %pushi/vec4 0, 0, 5;
    %cmp/ne;
    %flag_get/vec4 4;
    %and;
    %flag_set/vec4 8;
    %jmp/0xz  T_6.4, 8;
    %load/vec4 v00000235a78ef320_0;
    %load/vec4 v00000235a78f0900_0;
    %pad/u 7;
    %ix/vec4 3;
    %ix/load 4, 0, 0; Constant delay
    %assign/vec4/a/d v00000235a78ef500, 0, 4;
T_6.4 ;
T_6.1 ;
    %jmp T_6;
    .thread T_6;
    .scope S_00000235a77833e0;
T_7 ;
    %wait E_00000235a785d8a0;
    %load/vec4 v00000235a78ee8f0_0;
    %dup/vec4;
    %pushi/vec4 19, 0, 7;
    %cmp/u;
    %jmp/1 T_7.0, 6;
    %dup/vec4;
    %pushi/vec4 3, 0, 7;
    %cmp/u;
    %jmp/1 T_7.1, 6;
    %dup/vec4;
    %pushi/vec4 103, 0, 7;
    %cmp/u;
    %jmp/1 T_7.2, 6;
    %dup/vec4;
    %pushi/vec4 35, 0, 7;
    %cmp/u;
    %jmp/1 T_7.3, 6;
    %dup/vec4;
    %pushi/vec4 99, 0, 7;
    %cmp/u;
    %jmp/1 T_7.4, 6;
    %dup/vec4;
    %pushi/vec4 55, 0, 7;
    %cmp/u;
    %jmp/1 T_7.5, 6;
    %dup/vec4;
    %pushi/vec4 23, 0, 7;
    %cmp/u;
    %jmp/1 T_7.6, 6;
    %dup/vec4;
    %pushi/vec4 111, 0, 7;
    %cmp/u;
    %jmp/1 T_7.7, 6;
    %pushi/vec4 0, 0, 32;
    %store/vec4 v00000235a78ee850_0, 0, 32;
    %jmp T_7.9;
T_7.0 ;
    %load/vec4 v00000235a78edd10_0;
    %parti/s 1, 31, 6;
    %replicate 20;
    %load/vec4 v00000235a78edd10_0;
    %parti/s 12, 20, 6;
    %concat/vec4; draw_concat_vec4
    %store/vec4 v00000235a78ee850_0, 0, 32;
    %jmp T_7.9;
T_7.1 ;
    %load/vec4 v00000235a78edd10_0;
    %parti/s 1, 31, 6;
    %replicate 20;
    %load/vec4 v00000235a78edd10_0;
    %parti/s 12, 20, 6;
    %concat/vec4; draw_concat_vec4
    %store/vec4 v00000235a78ee850_0, 0, 32;
    %jmp T_7.9;
T_7.2 ;
    %load/vec4 v00000235a78edd10_0;
    %parti/s 1, 31, 6;
    %replicate 20;
    %load/vec4 v00000235a78edd10_0;
    %parti/s 12, 20, 6;
    %concat/vec4; draw_concat_vec4
    %store/vec4 v00000235a78ee850_0, 0, 32;
    %jmp T_7.9;
T_7.3 ;
    %load/vec4 v00000235a78edd10_0;
    %parti/s 1, 31, 6;
    %replicate 20;
    %load/vec4 v00000235a78edd10_0;
    %parti/s 7, 25, 6;
    %concat/vec4; draw_concat_vec4
    %load/vec4 v00000235a78edd10_0;
    %parti/s 5, 7, 4;
    %concat/vec4; draw_concat_vec4
    %store/vec4 v00000235a78ee850_0, 0, 32;
    %jmp T_7.9;
T_7.4 ;
    %load/vec4 v00000235a78edd10_0;
    %parti/s 1, 31, 6;
    %replicate 19;
    %load/vec4 v00000235a78edd10_0;
    %parti/s 1, 31, 6;
    %concat/vec4; draw_concat_vec4
    %load/vec4 v00000235a78edd10_0;
    %parti/s 1, 7, 4;
    %concat/vec4; draw_concat_vec4
    %load/vec4 v00000235a78edd10_0;
    %parti/s 6, 25, 6;
    %concat/vec4; draw_concat_vec4
    %load/vec4 v00000235a78edd10_0;
    %parti/s 4, 8, 5;
    %concat/vec4; draw_concat_vec4
    %concati/vec4 0, 0, 1;
    %store/vec4 v00000235a78ee850_0, 0, 32;
    %jmp T_7.9;
T_7.5 ;
    %load/vec4 v00000235a78edd10_0;
    %parti/s 20, 12, 5;
    %concati/vec4 0, 0, 12;
    %store/vec4 v00000235a78ee850_0, 0, 32;
    %jmp T_7.9;
T_7.6 ;
    %load/vec4 v00000235a78edd10_0;
    %parti/s 20, 12, 5;
    %concati/vec4 0, 0, 12;
    %store/vec4 v00000235a78ee850_0, 0, 32;
    %jmp T_7.9;
T_7.7 ;
    %load/vec4 v00000235a78edd10_0;
    %parti/s 1, 31, 6;
    %replicate 11;
    %load/vec4 v00000235a78edd10_0;
    %parti/s 1, 31, 6;
    %concat/vec4; draw_concat_vec4
    %load/vec4 v00000235a78edd10_0;
    %parti/s 8, 12, 5;
    %concat/vec4; draw_concat_vec4
    %load/vec4 v00000235a78edd10_0;
    %parti/s 1, 20, 6;
    %concat/vec4; draw_concat_vec4
    %load/vec4 v00000235a78edd10_0;
    %parti/s 10, 21, 6;
    %concat/vec4; draw_concat_vec4
    %concati/vec4 0, 0, 1;
    %store/vec4 v00000235a78ee850_0, 0, 32;
    %jmp T_7.9;
T_7.9 ;
    %pop/vec4 1;
    %jmp T_7;
    .thread T_7, $push;
    .scope S_00000235a77830c0;
T_8 ;
    %wait E_00000235a785e220;
    %pushi/vec4 0, 0, 32;
    %store/vec4 v00000235a78ed090_0, 0, 32;
    %load/vec4 v00000235a78edef0_0;
    %dup/vec4;
    %pushi/vec4 0, 0, 4;
    %cmp/u;
    %jmp/1 T_8.0, 6;
    %dup/vec4;
    %pushi/vec4 1, 0, 4;
    %cmp/u;
    %jmp/1 T_8.1, 6;
    %dup/vec4;
    %pushi/vec4 2, 0, 4;
    %cmp/u;
    %jmp/1 T_8.2, 6;
    %dup/vec4;
    %pushi/vec4 3, 0, 4;
    %cmp/u;
    %jmp/1 T_8.3, 6;
    %dup/vec4;
    %pushi/vec4 4, 0, 4;
    %cmp/u;
    %jmp/1 T_8.4, 6;
    %dup/vec4;
    %pushi/vec4 5, 0, 4;
    %cmp/u;
    %jmp/1 T_8.5, 6;
    %dup/vec4;
    %pushi/vec4 6, 0, 4;
    %cmp/u;
    %jmp/1 T_8.6, 6;
    %dup/vec4;
    %pushi/vec4 7, 0, 4;
    %cmp/u;
    %jmp/1 T_8.7, 6;
    %dup/vec4;
    %pushi/vec4 8, 0, 4;
    %cmp/u;
    %jmp/1 T_8.8, 6;
    %dup/vec4;
    %pushi/vec4 9, 0, 4;
    %cmp/u;
    %jmp/1 T_8.9, 6;
    %dup/vec4;
    %pushi/vec4 10, 0, 4;
    %cmp/u;
    %jmp/1 T_8.10, 6;
    %pushi/vec4 0, 0, 32;
    %store/vec4 v00000235a78ed090_0, 0, 32;
    %jmp T_8.12;
T_8.0 ;
    %load/vec4 v00000235a78ed6d0_0;
    %load/vec4 v00000235a78ee7b0_0;
    %add;
    %store/vec4 v00000235a78ed090_0, 0, 32;
    %jmp T_8.12;
T_8.1 ;
    %load/vec4 v00000235a78ed6d0_0;
    %load/vec4 v00000235a78ee7b0_0;
    %sub;
    %store/vec4 v00000235a78ed090_0, 0, 32;
    %jmp T_8.12;
T_8.2 ;
    %load/vec4 v00000235a78ed6d0_0;
    %load/vec4 v00000235a78ee7b0_0;
    %and;
    %store/vec4 v00000235a78ed090_0, 0, 32;
    %jmp T_8.12;
T_8.3 ;
    %load/vec4 v00000235a78ed6d0_0;
    %load/vec4 v00000235a78ee7b0_0;
    %or;
    %store/vec4 v00000235a78ed090_0, 0, 32;
    %jmp T_8.12;
T_8.4 ;
    %load/vec4 v00000235a78ed6d0_0;
    %load/vec4 v00000235a78ee7b0_0;
    %xor;
    %store/vec4 v00000235a78ed090_0, 0, 32;
    %jmp T_8.12;
T_8.5 ;
    %load/vec4 v00000235a78ed6d0_0;
    %load/vec4 v00000235a78ee7b0_0;
    %parti/s 5, 0, 2;
    %ix/vec4 4;
    %shiftl 4;
    %store/vec4 v00000235a78ed090_0, 0, 32;
    %jmp T_8.12;
T_8.6 ;
    %load/vec4 v00000235a78ed6d0_0;
    %load/vec4 v00000235a78ee7b0_0;
    %parti/s 5, 0, 2;
    %ix/vec4 4;
    %shiftr 4;
    %store/vec4 v00000235a78ed090_0, 0, 32;
    %jmp T_8.12;
T_8.7 ;
    %load/vec4 v00000235a78ed6d0_0;
    %load/vec4 v00000235a78ee7b0_0;
    %parti/s 5, 0, 2;
    %ix/vec4 4;
    %shiftr/s 4;
    %store/vec4 v00000235a78ed090_0, 0, 32;
    %jmp T_8.12;
T_8.8 ;
    %load/vec4 v00000235a78ed6d0_0;
    %load/vec4 v00000235a78ee7b0_0;
    %cmp/s;
    %flag_mov 8, 5;
    %jmp/0 T_8.13, 8;
    %pushi/vec4 1, 0, 32;
    %jmp/1 T_8.14, 8;
T_8.13 ; End of true expr.
    %pushi/vec4 0, 0, 32;
    %jmp/0 T_8.14, 8;
 ; End of false expr.
    %blend;
T_8.14;
    %store/vec4 v00000235a78ed090_0, 0, 32;
    %jmp T_8.12;
T_8.9 ;
    %load/vec4 v00000235a78ed6d0_0;
    %load/vec4 v00000235a78ee7b0_0;
    %cmp/u;
    %flag_mov 8, 5;
    %jmp/0 T_8.15, 8;
    %pushi/vec4 1, 0, 32;
    %jmp/1 T_8.16, 8;
T_8.15 ; End of true expr.
    %pushi/vec4 0, 0, 32;
    %jmp/0 T_8.16, 8;
 ; End of false expr.
    %blend;
T_8.16;
    %store/vec4 v00000235a78ed090_0, 0, 32;
    %jmp T_8.12;
T_8.10 ;
    %load/vec4 v00000235a78ee7b0_0;
    %store/vec4 v00000235a78ed090_0, 0, 32;
    %jmp T_8.12;
T_8.12 ;
    %pop/vec4 1;
    %jmp T_8;
    .thread T_8, $push;
    .scope S_00000235a7783250;
T_9 ;
    %wait E_00000235a785dfe0;
    %pushi/vec4 0, 0, 1;
    %store/vec4 v00000235a78ed770_0, 0, 1;
    %load/vec4 v00000235a78ee490_0;
    %dup/vec4;
    %pushi/vec4 0, 0, 3;
    %cmp/u;
    %jmp/1 T_9.0, 6;
    %dup/vec4;
    %pushi/vec4 1, 0, 3;
    %cmp/u;
    %jmp/1 T_9.1, 6;
    %dup/vec4;
    %pushi/vec4 4, 0, 3;
    %cmp/u;
    %jmp/1 T_9.2, 6;
    %dup/vec4;
    %pushi/vec4 5, 0, 3;
    %cmp/u;
    %jmp/1 T_9.3, 6;
    %dup/vec4;
    %pushi/vec4 6, 0, 3;
    %cmp/u;
    %jmp/1 T_9.4, 6;
    %dup/vec4;
    %pushi/vec4 7, 0, 3;
    %cmp/u;
    %jmp/1 T_9.5, 6;
    %pushi/vec4 0, 0, 1;
    %store/vec4 v00000235a78ed770_0, 0, 1;
    %jmp T_9.7;
T_9.0 ;
    %load/vec4 v00000235a78ed810_0;
    %load/vec4 v00000235a78ed8b0_0;
    %cmp/e;
    %jmp/0xz  T_9.8, 4;
    %pushi/vec4 1, 0, 1;
    %store/vec4 v00000235a78ed770_0, 0, 1;
T_9.8 ;
    %jmp T_9.7;
T_9.1 ;
    %load/vec4 v00000235a78ed810_0;
    %load/vec4 v00000235a78ed8b0_0;
    %cmp/ne;
    %jmp/0xz  T_9.10, 4;
    %pushi/vec4 1, 0, 1;
    %store/vec4 v00000235a78ed770_0, 0, 1;
T_9.10 ;
    %jmp T_9.7;
T_9.2 ;
    %load/vec4 v00000235a78ed810_0;
    %load/vec4 v00000235a78ed8b0_0;
    %cmp/s;
    %jmp/0xz  T_9.12, 5;
    %pushi/vec4 1, 0, 1;
    %store/vec4 v00000235a78ed770_0, 0, 1;
T_9.12 ;
    %jmp T_9.7;
T_9.3 ;
    %load/vec4 v00000235a78ed8b0_0;
    %load/vec4 v00000235a78ed810_0;
    %cmp/s;
    %flag_or 5, 4;
    %jmp/0xz  T_9.14, 5;
    %pushi/vec4 1, 0, 1;
    %store/vec4 v00000235a78ed770_0, 0, 1;
T_9.14 ;
    %jmp T_9.7;
T_9.4 ;
    %load/vec4 v00000235a78ed810_0;
    %load/vec4 v00000235a78ed8b0_0;
    %cmp/u;
    %jmp/0xz  T_9.16, 5;
    %pushi/vec4 1, 0, 1;
    %store/vec4 v00000235a78ed770_0, 0, 1;
T_9.16 ;
    %jmp T_9.7;
T_9.5 ;
    %load/vec4 v00000235a78ed8b0_0;
    %load/vec4 v00000235a78ed810_0;
    %cmp/u;
    %flag_or 5, 4;
    %jmp/0xz  T_9.18, 5;
    %pushi/vec4 1, 0, 1;
    %store/vec4 v00000235a78ed770_0, 0, 1;
T_9.18 ;
    %jmp T_9.7;
T_9.7 ;
    %pop/vec4 1;
    %jmp T_9;
    .thread T_9, $push;
    .scope S_00000235a77bd060;
T_10 ;
    %wait E_00000235a785e260;
    %load/vec4 v00000235a78f07c0_0;
    %dup/vec4;
    %pushi/vec4 0, 0, 2;
    %cmp/u;
    %jmp/1 T_10.0, 6;
    %dup/vec4;
    %pushi/vec4 1, 0, 2;
    %cmp/u;
    %jmp/1 T_10.1, 6;
    %dup/vec4;
    %pushi/vec4 2, 0, 2;
    %cmp/u;
    %jmp/1 T_10.2, 6;
    %dup/vec4;
    %pushi/vec4 3, 0, 2;
    %cmp/u;
    %jmp/1 T_10.3, 6;
    %load/vec4 v00000235a78efb40_0;
    %addi 4, 0, 32;
    %store/vec4 v00000235a78ef8c0_0, 0, 32;
    %jmp T_10.5;
T_10.0 ;
    %load/vec4 v00000235a78efb40_0;
    %addi 4, 0, 32;
    %store/vec4 v00000235a78ef8c0_0, 0, 32;
    %jmp T_10.5;
T_10.1 ;
    %load/vec4 v00000235a78eddb0_0;
    %flag_set/vec4 8;
    %jmp/0xz  T_10.6, 8;
    %load/vec4 v00000235a78ede50_0;
    %store/vec4 v00000235a78ef8c0_0, 0, 32;
    %jmp T_10.7;
T_10.6 ;
    %load/vec4 v00000235a78efb40_0;
    %addi 4, 0, 32;
    %store/vec4 v00000235a78ef8c0_0, 0, 32;
T_10.7 ;
    %jmp T_10.5;
T_10.2 ;
    %load/vec4 v00000235a78ee990_0;
    %store/vec4 v00000235a78ef8c0_0, 0, 32;
    %jmp T_10.5;
T_10.3 ;
    %load/vec4 v00000235a77cfb40_0;
    %store/vec4 v00000235a78ef8c0_0, 0, 32;
    %jmp T_10.5;
T_10.5 ;
    %pop/vec4 1;
    %jmp T_10;
    .thread T_10, $push;
    .scope S_00000235a78f11a0;
T_11 ;
    %wait E_00000235a785e060;
    %load/vec4 v00000235a78ef6e0_0;
    %dup/vec4;
    %pushi/vec4 0, 0, 2;
    %cmp/u;
    %jmp/1 T_11.0, 6;
    %dup/vec4;
    %pushi/vec4 1, 0, 2;
    %cmp/u;
    %jmp/1 T_11.1, 6;
    %dup/vec4;
    %pushi/vec4 2, 0, 2;
    %cmp/u;
    %jmp/1 T_11.2, 6;
    %dup/vec4;
    %pushi/vec4 3, 0, 2;
    %cmp/u;
    %jmp/1 T_11.3, 6;
    %pushi/vec4 0, 0, 32;
    %store/vec4 v00000235a78f0a40_0, 0, 32;
    %jmp T_11.5;
T_11.0 ;
    %load/vec4 v00000235a78ef5a0_0;
    %store/vec4 v00000235a78f0a40_0, 0, 32;
    %jmp T_11.5;
T_11.1 ;
    %load/vec4 v00000235a78f00e0_0;
    %store/vec4 v00000235a78f0a40_0, 0, 32;
    %jmp T_11.5;
T_11.2 ;
    %load/vec4 v00000235a78f09a0_0;
    %store/vec4 v00000235a78f0a40_0, 0, 32;
    %jmp T_11.5;
T_11.3 ;
    %pushi/vec4 0, 0, 32;
    %store/vec4 v00000235a78f0a40_0, 0, 32;
    %jmp T_11.5;
T_11.5 ;
    %pop/vec4 1;
    %jmp T_11;
    .thread T_11, $push;
    .scope S_00000235a77c5e30;
T_12 ;
    %wait E_00000235a785e4a0;
    %load/vec4 v00000235a78f3ad0_0;
    %cmpi/e 23, 0, 7;
    %jmp/0xz  T_12.0, 4;
    %pushi/vec4 1, 0, 2;
    %store/vec4 v00000235a78efc80_0, 0, 2;
    %jmp T_12.1;
T_12.0 ;
    %load/vec4 v00000235a78f3ad0_0;
    %cmpi/e 55, 0, 7;
    %jmp/0xz  T_12.2, 4;
    %pushi/vec4 2, 0, 2;
    %store/vec4 v00000235a78efc80_0, 0, 2;
    %jmp T_12.3;
T_12.2 ;
    %pushi/vec4 0, 0, 2;
    %store/vec4 v00000235a78efc80_0, 0, 2;
T_12.3 ;
T_12.1 ;
    %load/vec4 v00000235a78efc80_0;
    %dup/vec4;
    %pushi/vec4 0, 0, 2;
    %cmp/u;
    %jmp/1 T_12.4, 6;
    %dup/vec4;
    %pushi/vec4 1, 0, 2;
    %cmp/u;
    %jmp/1 T_12.5, 6;
    %dup/vec4;
    %pushi/vec4 2, 0, 2;
    %cmp/u;
    %jmp/1 T_12.6, 6;
    %pushi/vec4 0, 0, 32;
    %store/vec4 v00000235a78f0180_0, 0, 32;
    %jmp T_12.8;
T_12.4 ;
    %load/vec4 v00000235a78f3210_0;
    %store/vec4 v00000235a78f0180_0, 0, 32;
    %jmp T_12.8;
T_12.5 ;
    %load/vec4 v00000235a78f3030_0;
    %store/vec4 v00000235a78f0180_0, 0, 32;
    %jmp T_12.8;
T_12.6 ;
    %pushi/vec4 0, 0, 32;
    %store/vec4 v00000235a78f0180_0, 0, 32;
    %jmp T_12.8;
T_12.8 ;
    %pop/vec4 1;
    %jmp T_12;
    .thread T_12, $push;
    .scope S_00000235a77c5e30;
T_13 ;
    %wait E_00000235a785d720;
    %load/vec4 v00000235a78f3ad0_0;
    %cmpi/e 99, 0, 7;
    %jmp/0xz  T_13.0, 4;
    %pushi/vec4 1, 0, 2;
    %store/vec4 v00000235a78f47f0_0, 0, 2;
    %jmp T_13.1;
T_13.0 ;
    %load/vec4 v00000235a78f3ad0_0;
    %cmpi/e 111, 0, 7;
    %jmp/0xz  T_13.2, 4;
    %pushi/vec4 2, 0, 2;
    %store/vec4 v00000235a78f47f0_0, 0, 2;
    %jmp T_13.3;
T_13.2 ;
    %load/vec4 v00000235a78f3ad0_0;
    %cmpi/e 103, 0, 7;
    %jmp/0xz  T_13.4, 4;
    %pushi/vec4 3, 0, 2;
    %store/vec4 v00000235a78f47f0_0, 0, 2;
    %jmp T_13.5;
T_13.4 ;
    %pushi/vec4 0, 0, 2;
    %store/vec4 v00000235a78f47f0_0, 0, 2;
T_13.5 ;
T_13.3 ;
T_13.1 ;
    %jmp T_13;
    .thread T_13, $push;
    .scope S_00000235a77c5e30;
T_14 ;
    %wait E_00000235a785e5a0;
    %load/vec4 v00000235a78f0d60_0;
    %flag_set/vec4 8;
    %jmp/0xz  T_14.0, 8;
    %pushi/vec4 1, 0, 2;
    %store/vec4 v00000235a78f3fd0_0, 0, 2;
    %jmp T_14.1;
T_14.0 ;
    %load/vec4 v00000235a78ef960_0;
    %flag_set/vec4 8;
    %jmp/0xz  T_14.2, 8;
    %pushi/vec4 2, 0, 2;
    %store/vec4 v00000235a78f3fd0_0, 0, 2;
    %jmp T_14.3;
T_14.2 ;
    %pushi/vec4 0, 0, 2;
    %store/vec4 v00000235a78f3fd0_0, 0, 2;
T_14.3 ;
T_14.1 ;
    %jmp T_14;
    .thread T_14, $push;
    .scope S_00000235a77c2100;
T_15 ;
    %wait E_00000235a785e660;
    %load/vec4 v00000235a7814880_0;
    %flag_set/vec4 8;
    %jmp/0xz  T_15.0, 8;
    %pushi/vec4 0, 0, 32;
    %store/vec4 v00000235a78147e0_0, 0, 32;
T_15.2 ;
    %load/vec4 v00000235a78147e0_0;
    %pad/s 42;
    %cmpi/s 1024, 0, 42;
    %jmp/0xz T_15.3, 5;
    %pushi/vec4 0, 0, 8;
    %ix/getv/s 3, v00000235a78147e0_0;
    %ix/load 4, 0, 0; Constant delay
    %assign/vec4/a/d v00000235a7816180, 0, 4;
    %load/vec4 v00000235a78147e0_0;
    %addi 1, 0, 32;
    %store/vec4 v00000235a78147e0_0, 0, 32;
    %jmp T_15.2;
T_15.3 ;
    %jmp T_15.1;
T_15.0 ;
    %load/vec4 v00000235a7815aa0_0;
    %flag_set/vec4 8;
    %jmp/0xz  T_15.4, 8;
    %load/vec4 v00000235a7815960_0;
    %dup/vec4;
    %pushi/vec4 0, 0, 3;
    %cmp/u;
    %jmp/1 T_15.6, 6;
    %dup/vec4;
    %pushi/vec4 1, 0, 3;
    %cmp/u;
    %jmp/1 T_15.7, 6;
    %dup/vec4;
    %pushi/vec4 2, 0, 3;
    %cmp/u;
    %jmp/1 T_15.8, 6;
    %jmp T_15.10;
T_15.6 ;
    %load/vec4 v00000235a7814920_0;
    %parti/s 8, 0, 2;
    %load/vec4 v00000235a7815280_0;
    %parti/s 10, 0, 2;
    %pad/u 12;
    %ix/vec4 3;
    %ix/load 4, 0, 0; Constant delay
    %assign/vec4/a/d v00000235a7816180, 0, 4;
    %jmp T_15.10;
T_15.7 ;
    %load/vec4 v00000235a7814920_0;
    %parti/s 8, 0, 2;
    %load/vec4 v00000235a7815280_0;
    %parti/s 10, 0, 2;
    %pad/u 12;
    %ix/vec4 3;
    %ix/load 4, 0, 0; Constant delay
    %assign/vec4/a/d v00000235a7816180, 0, 4;
    %load/vec4 v00000235a7814920_0;
    %parti/s 8, 8, 5;
    %load/vec4 v00000235a7815280_0;
    %parti/s 10, 0, 2;
    %pad/u 33;
    %addi 1, 0, 33;
    %ix/vec4 3;
    %ix/load 4, 0, 0; Constant delay
    %assign/vec4/a/d v00000235a7816180, 0, 4;
    %jmp T_15.10;
T_15.8 ;
    %load/vec4 v00000235a7814920_0;
    %parti/s 8, 0, 2;
    %load/vec4 v00000235a7815280_0;
    %parti/s 10, 0, 2;
    %pad/u 12;
    %ix/vec4 3;
    %ix/load 4, 0, 0; Constant delay
    %assign/vec4/a/d v00000235a7816180, 0, 4;
    %load/vec4 v00000235a7814920_0;
    %parti/s 8, 8, 5;
    %load/vec4 v00000235a7815280_0;
    %parti/s 10, 0, 2;
    %pad/u 33;
    %addi 1, 0, 33;
    %ix/vec4 3;
    %ix/load 4, 0, 0; Constant delay
    %assign/vec4/a/d v00000235a7816180, 0, 4;
    %load/vec4 v00000235a7814920_0;
    %parti/s 8, 16, 6;
    %load/vec4 v00000235a7815280_0;
    %parti/s 10, 0, 2;
    %pad/u 33;
    %addi 2, 0, 33;
    %ix/vec4 3;
    %ix/load 4, 0, 0; Constant delay
    %assign/vec4/a/d v00000235a7816180, 0, 4;
    %load/vec4 v00000235a7814920_0;
    %parti/s 8, 24, 6;
    %load/vec4 v00000235a7815280_0;
    %parti/s 10, 0, 2;
    %pad/u 33;
    %addi 3, 0, 33;
    %ix/vec4 3;
    %ix/load 4, 0, 0; Constant delay
    %assign/vec4/a/d v00000235a7816180, 0, 4;
    %jmp T_15.10;
T_15.10 ;
    %pop/vec4 1;
T_15.4 ;
T_15.1 ;
    %jmp T_15;
    .thread T_15;
    .scope S_00000235a77c2100;
T_16 ;
    %wait E_00000235a785e560;
    %pushi/vec4 0, 0, 32;
    %store/vec4 v00000235a78162c0_0, 0, 32;
    %load/vec4 v00000235a7815a00_0;
    %flag_set/vec4 8;
    %jmp/0xz  T_16.0, 8;
    %load/vec4 v00000235a7815960_0;
    %dup/vec4;
    %pushi/vec4 0, 0, 3;
    %cmp/u;
    %jmp/1 T_16.2, 6;
    %dup/vec4;
    %pushi/vec4 1, 0, 3;
    %cmp/u;
    %jmp/1 T_16.3, 6;
    %dup/vec4;
    %pushi/vec4 2, 0, 3;
    %cmp/u;
    %jmp/1 T_16.4, 6;
    %dup/vec4;
    %pushi/vec4 4, 0, 3;
    %cmp/u;
    %jmp/1 T_16.5, 6;
    %dup/vec4;
    %pushi/vec4 5, 0, 3;
    %cmp/u;
    %jmp/1 T_16.6, 6;
    %pushi/vec4 0, 0, 32;
    %store/vec4 v00000235a78162c0_0, 0, 32;
    %jmp T_16.8;
T_16.2 ;
    %load/vec4 v00000235a7815280_0;
    %parti/s 10, 0, 2;
    %pad/u 12;
    %ix/vec4 4;
    %load/vec4a v00000235a7816180, 4;
    %parti/s 1, 7, 4;
    %replicate 24;
    %load/vec4 v00000235a7815280_0;
    %parti/s 10, 0, 2;
    %pad/u 12;
    %ix/vec4 4;
    %load/vec4a v00000235a7816180, 4;
    %concat/vec4; draw_concat_vec4
    %store/vec4 v00000235a78162c0_0, 0, 32;
    %jmp T_16.8;
T_16.3 ;
    %load/vec4 v00000235a7815280_0;
    %parti/s 10, 0, 2;
    %pad/u 33;
    %addi 1, 0, 33;
    %ix/vec4 4;
    %load/vec4a v00000235a7816180, 4;
    %parti/s 1, 7, 4;
    %replicate 16;
    %load/vec4 v00000235a7815280_0;
    %parti/s 10, 0, 2;
    %pad/u 33;
    %addi 1, 0, 33;
    %ix/vec4 4;
    %load/vec4a v00000235a7816180, 4;
    %concat/vec4; draw_concat_vec4
    %load/vec4 v00000235a7815280_0;
    %parti/s 10, 0, 2;
    %pad/u 12;
    %ix/vec4 4;
    %load/vec4a v00000235a7816180, 4;
    %concat/vec4; draw_concat_vec4
    %store/vec4 v00000235a78162c0_0, 0, 32;
    %jmp T_16.8;
T_16.4 ;
    %load/vec4 v00000235a7815280_0;
    %parti/s 10, 0, 2;
    %pad/u 33;
    %addi 3, 0, 33;
    %ix/vec4 4;
    %load/vec4a v00000235a7816180, 4;
    %load/vec4 v00000235a7815280_0;
    %parti/s 10, 0, 2;
    %pad/u 33;
    %addi 2, 0, 33;
    %ix/vec4 4;
    %load/vec4a v00000235a7816180, 4;
    %concat/vec4; draw_concat_vec4
    %load/vec4 v00000235a7815280_0;
    %parti/s 10, 0, 2;
    %pad/u 33;
    %addi 1, 0, 33;
    %ix/vec4 4;
    %load/vec4a v00000235a7816180, 4;
    %concat/vec4; draw_concat_vec4
    %load/vec4 v00000235a7815280_0;
    %parti/s 10, 0, 2;
    %pad/u 12;
    %ix/vec4 4;
    %load/vec4a v00000235a7816180, 4;
    %concat/vec4; draw_concat_vec4
    %store/vec4 v00000235a78162c0_0, 0, 32;
    %jmp T_16.8;
T_16.5 ;
    %pushi/vec4 0, 0, 24;
    %load/vec4 v00000235a7815280_0;
    %parti/s 10, 0, 2;
    %pad/u 12;
    %ix/vec4 4;
    %load/vec4a v00000235a7816180, 4;
    %concat/vec4; draw_concat_vec4
    %store/vec4 v00000235a78162c0_0, 0, 32;
    %jmp T_16.8;
T_16.6 ;
    %pushi/vec4 0, 0, 16;
    %load/vec4 v00000235a7815280_0;
    %parti/s 10, 0, 2;
    %pad/u 33;
    %addi 1, 0, 33;
    %ix/vec4 4;
    %load/vec4a v00000235a7816180, 4;
    %concat/vec4; draw_concat_vec4
    %load/vec4 v00000235a7815280_0;
    %parti/s 10, 0, 2;
    %pad/u 12;
    %ix/vec4 4;
    %load/vec4a v00000235a7816180, 4;
    %concat/vec4; draw_concat_vec4
    %store/vec4 v00000235a78162c0_0, 0, 32;
    %jmp T_16.8;
T_16.8 ;
    %pop/vec4 1;
T_16.0 ;
    %jmp T_16;
    .thread T_16, $push;
    .scope S_00000235a782f6a0;
T_17 ;
    %pushi/vec4 0, 0, 1;
    %store/vec4 v00000235a78f5540_0, 0, 1;
T_17.0 ;
    %delay 5000, 0;
    %load/vec4 v00000235a78f5540_0;
    %inv;
    %store/vec4 v00000235a78f5540_0, 0, 1;
    %jmp T_17.0;
    %end;
    .thread T_17;
    .scope S_00000235a782f6a0;
T_18 ;
    %pushi/vec4 0, 0, 32;
    %store/vec4 v00000235a78f52c0_0, 0, 32;
    %pushi/vec4 0, 0, 32;
    %store/vec4 v00000235a78f68a0_0, 0, 32;
    %pushi/vec4 1, 0, 1;
    %store/vec4 v00000235a78f55e0_0, 0, 1;
    %delay 20000, 0;
    %pushi/vec4 0, 0, 1;
    %store/vec4 v00000235a78f55e0_0, 0, 1;
    %vpi_call 2 164 "$display", "\000" {0 0 0};
    %vpi_call 2 165 "$display", "=================================================" {0 0 0};
    %vpi_call 2 166 "$display", "             RV32I CPU VERIFICATION" {0 0 0};
    %vpi_call 2 167 "$display", "=================================================" {0 0 0};
    %vpi_call 2 168 "$display", "\000" {0 0 0};
    %pushi/vec4 100, 0, 32;
T_18.0 %dup/vec4;
    %pushi/vec4 0, 0, 32;
    %cmp/s;
    %jmp/1xz T_18.1, 5;
    %jmp/1 T_18.1, 4;
    %pushi/vec4 1, 0, 32;
    %sub;
    %wait E_00000235a785e660;
    %jmp T_18.0;
T_18.1 ;
    %pop/vec4 1;
    %delay 1000, 0;
    %pushi/vec4 1, 0, 32;
    %store/vec4 v00000235a7815c80_0, 0, 32;
    %pushi/vec4 10, 0, 32;
    %store/vec4 v00000235a7816220_0, 0, 32;
    %pushi/vec4 0, 0, 32; draw_string_vec4
    %pushi/vec4 0, 0, 32; draw_string_vec4
    %concat/vec4; draw_string_vec4
    %pushi/vec4 0, 0, 32; draw_string_vec4
    %concat/vec4; draw_string_vec4
    %pushi/vec4 0, 0, 32; draw_string_vec4
    %concat/vec4; draw_string_vec4
    %pushi/vec4 4277316, 0, 32; draw_string_vec4
    %concat/vec4; draw_string_vec4
    %pushi/vec4 1226864689, 0, 32; draw_string_vec4
    %concat/vec4; draw_string_vec4
    %pushi/vec4 740325424, 0, 32; draw_string_vec4
    %concat/vec4; draw_string_vec4
    %pushi/vec4 740307248, 0, 32; draw_string_vec4
    %concat/vec4; draw_string_vec4
    %store/vec4 v00000235a78158c0_0, 0, 256;
    %fork TD_rv32i_cpu_tb.check_register, S_00000235a782ee80;
    %join;
    %pushi/vec4 2, 0, 32;
    %store/vec4 v00000235a7815c80_0, 0, 32;
    %pushi/vec4 20, 0, 32;
    %store/vec4 v00000235a7816220_0, 0, 32;
    %pushi/vec4 0, 0, 32; draw_string_vec4
    %pushi/vec4 0, 0, 32; draw_string_vec4
    %concat/vec4; draw_string_vec4
    %pushi/vec4 0, 0, 32; draw_string_vec4
    %concat/vec4; draw_string_vec4
    %pushi/vec4 0, 0, 32; draw_string_vec4
    %concat/vec4; draw_string_vec4
    %pushi/vec4 4277316, 0, 32; draw_string_vec4
    %concat/vec4; draw_string_vec4
    %pushi/vec4 1226864690, 0, 32; draw_string_vec4
    %concat/vec4; draw_string_vec4
    %pushi/vec4 740325424, 0, 32; draw_string_vec4
    %concat/vec4; draw_string_vec4
    %pushi/vec4 740307504, 0, 32; draw_string_vec4
    %concat/vec4; draw_string_vec4
    %store/vec4 v00000235a78158c0_0, 0, 256;
    %fork TD_rv32i_cpu_tb.check_register, S_00000235a782ee80;
    %join;
    %pushi/vec4 3, 0, 32;
    %store/vec4 v00000235a7815c80_0, 0, 32;
    %pushi/vec4 30, 0, 32;
    %store/vec4 v00000235a7816220_0, 0, 32;
    %pushi/vec4 0, 0, 32; draw_string_vec4
    %pushi/vec4 0, 0, 32; draw_string_vec4
    %concat/vec4; draw_string_vec4
    %pushi/vec4 0, 0, 32; draw_string_vec4
    %concat/vec4; draw_string_vec4
    %pushi/vec4 0, 0, 32; draw_string_vec4
    %concat/vec4; draw_string_vec4
    %pushi/vec4 16708, 0, 32; draw_string_vec4
    %concat/vec4; draw_string_vec4
    %pushi/vec4 1142978611, 0, 32; draw_string_vec4
    %concat/vec4; draw_string_vec4
    %pushi/vec4 740325425, 0, 32; draw_string_vec4
    %concat/vec4; draw_string_vec4
    %pushi/vec4 740325426, 0, 32; draw_string_vec4
    %concat/vec4; draw_string_vec4
    %store/vec4 v00000235a78158c0_0, 0, 256;
    %fork TD_rv32i_cpu_tb.check_register, S_00000235a782ee80;
    %join;
    %pushi/vec4 4, 0, 32;
    %store/vec4 v00000235a7815c80_0, 0, 32;
    %pushi/vec4 10, 0, 32;
    %store/vec4 v00000235a7816220_0, 0, 32;
    %pushi/vec4 0, 0, 32; draw_string_vec4
    %pushi/vec4 0, 0, 32; draw_string_vec4
    %concat/vec4; draw_string_vec4
    %pushi/vec4 0, 0, 32; draw_string_vec4
    %concat/vec4; draw_string_vec4
    %pushi/vec4 0, 0, 32; draw_string_vec4
    %concat/vec4; draw_string_vec4
    %pushi/vec4 21333, 0, 32; draw_string_vec4
    %concat/vec4; draw_string_vec4
    %pushi/vec4 1109424180, 0, 32; draw_string_vec4
    %concat/vec4; draw_string_vec4
    %pushi/vec4 740325426, 0, 32; draw_string_vec4
    %concat/vec4; draw_string_vec4
    %pushi/vec4 740325425, 0, 32; draw_string_vec4
    %concat/vec4; draw_string_vec4
    %store/vec4 v00000235a78158c0_0, 0, 256;
    %fork TD_rv32i_cpu_tb.check_register, S_00000235a782ee80;
    %join;
    %pushi/vec4 5, 0, 32;
    %store/vec4 v00000235a7815c80_0, 0, 32;
    %pushi/vec4 0, 0, 32;
    %store/vec4 v00000235a7816220_0, 0, 32;
    %pushi/vec4 0, 0, 32; draw_string_vec4
    %pushi/vec4 0, 0, 32; draw_string_vec4
    %concat/vec4; draw_string_vec4
    %pushi/vec4 0, 0, 32; draw_string_vec4
    %concat/vec4; draw_string_vec4
    %pushi/vec4 0, 0, 32; draw_string_vec4
    %concat/vec4; draw_string_vec4
    %pushi/vec4 16718, 0, 32; draw_string_vec4
    %concat/vec4; draw_string_vec4
    %pushi/vec4 1142978613, 0, 32; draw_string_vec4
    %concat/vec4; draw_string_vec4
    %pushi/vec4 740325425, 0, 32; draw_string_vec4
    %concat/vec4; draw_string_vec4
    %pushi/vec4 740325426, 0, 32; draw_string_vec4
    %concat/vec4; draw_string_vec4
    %store/vec4 v00000235a78158c0_0, 0, 256;
    %fork TD_rv32i_cpu_tb.check_register, S_00000235a782ee80;
    %join;
    %pushi/vec4 6, 0, 32;
    %store/vec4 v00000235a7815c80_0, 0, 32;
    %pushi/vec4 30, 0, 32;
    %store/vec4 v00000235a7816220_0, 0, 32;
    %pushi/vec4 0, 0, 32; draw_string_vec4
    %pushi/vec4 0, 0, 32; draw_string_vec4
    %concat/vec4; draw_string_vec4
    %pushi/vec4 0, 0, 32; draw_string_vec4
    %concat/vec4; draw_string_vec4
    %pushi/vec4 0, 0, 32; draw_string_vec4
    %concat/vec4; draw_string_vec4
    %pushi/vec4 79, 0, 32; draw_string_vec4
    %concat/vec4; draw_string_vec4
    %pushi/vec4 1377859638, 0, 32; draw_string_vec4
    %concat/vec4; draw_string_vec4
    %pushi/vec4 740325425, 0, 32; draw_string_vec4
    %concat/vec4; draw_string_vec4
    %pushi/vec4 740325426, 0, 32; draw_string_vec4
    %concat/vec4; draw_string_vec4
    %store/vec4 v00000235a78158c0_0, 0, 256;
    %fork TD_rv32i_cpu_tb.check_register, S_00000235a782ee80;
    %join;
    %pushi/vec4 7, 0, 32;
    %store/vec4 v00000235a7815c80_0, 0, 32;
    %pushi/vec4 30, 0, 32;
    %store/vec4 v00000235a7816220_0, 0, 32;
    %pushi/vec4 0, 0, 32; draw_string_vec4
    %pushi/vec4 0, 0, 32; draw_string_vec4
    %concat/vec4; draw_string_vec4
    %pushi/vec4 0, 0, 32; draw_string_vec4
    %concat/vec4; draw_string_vec4
    %pushi/vec4 0, 0, 32; draw_string_vec4
    %concat/vec4; draw_string_vec4
    %pushi/vec4 22607, 0, 32; draw_string_vec4
    %concat/vec4; draw_string_vec4
    %pushi/vec4 1377859639, 0, 32; draw_string_vec4
    %concat/vec4; draw_string_vec4
    %pushi/vec4 740325425, 0, 32; draw_string_vec4
    %concat/vec4; draw_string_vec4
    %pushi/vec4 740325426, 0, 32; draw_string_vec4
    %concat/vec4; draw_string_vec4
    %store/vec4 v00000235a78158c0_0, 0, 256;
    %fork TD_rv32i_cpu_tb.check_register, S_00000235a782ee80;
    %join;
    %pushi/vec4 8, 0, 32;
    %store/vec4 v00000235a7815c80_0, 0, 32;
    %pushi/vec4 40, 0, 32;
    %store/vec4 v00000235a7816220_0, 0, 32;
    %pushi/vec4 0, 0, 32; draw_string_vec4
    %pushi/vec4 0, 0, 32; draw_string_vec4
    %concat/vec4; draw_string_vec4
    %pushi/vec4 0, 0, 32; draw_string_vec4
    %concat/vec4; draw_string_vec4
    %pushi/vec4 0, 0, 32; draw_string_vec4
    %concat/vec4; draw_string_vec4
    %pushi/vec4 5459020, 0, 32; draw_string_vec4
    %concat/vec4; draw_string_vec4
    %pushi/vec4 544749612, 0, 32; draw_string_vec4
    %concat/vec4; draw_string_vec4
    %pushi/vec4 544747820, 0, 32; draw_string_vec4
    %concat/vec4; draw_string_vec4
    %pushi/vec4 544747832, 0, 32; draw_string_vec4
    %concat/vec4; draw_string_vec4
    %store/vec4 v00000235a78158c0_0, 0, 256;
    %fork TD_rv32i_cpu_tb.check_register, S_00000235a782ee80;
    %join;
    %pushi/vec4 9, 0, 32;
    %store/vec4 v00000235a7815c80_0, 0, 32;
    %pushi/vec4 10, 0, 32;
    %store/vec4 v00000235a7816220_0, 0, 32;
    %pushi/vec4 0, 0, 32; draw_string_vec4
    %pushi/vec4 0, 0, 32; draw_string_vec4
    %concat/vec4; draw_string_vec4
    %pushi/vec4 0, 0, 32; draw_string_vec4
    %concat/vec4; draw_string_vec4
    %pushi/vec4 0, 0, 32; draw_string_vec4
    %concat/vec4; draw_string_vec4
    %pushi/vec4 5460556, 0, 32; draw_string_vec4
    %concat/vec4; draw_string_vec4
    %pushi/vec4 544749868, 0, 32; draw_string_vec4
    %concat/vec4; draw_string_vec4
    %pushi/vec4 544749612, 0, 32; draw_string_vec4
    %concat/vec4; draw_string_vec4
    %pushi/vec4 544747832, 0, 32; draw_string_vec4
    %concat/vec4; draw_string_vec4
    %store/vec4 v00000235a78158c0_0, 0, 256;
    %fork TD_rv32i_cpu_tb.check_register, S_00000235a782ee80;
    %join;
    %pushi/vec4 10, 0, 32;
    %store/vec4 v00000235a7815c80_0, 0, 32;
    %pushi/vec4 10, 0, 32;
    %store/vec4 v00000235a7816220_0, 0, 32;
    %pushi/vec4 0, 0, 32; draw_string_vec4
    %pushi/vec4 0, 0, 32; draw_string_vec4
    %concat/vec4; draw_string_vec4
    %pushi/vec4 0, 0, 32; draw_string_vec4
    %concat/vec4; draw_string_vec4
    %pushi/vec4 0, 0, 32; draw_string_vec4
    %concat/vec4; draw_string_vec4
    %pushi/vec4 1397899552, 0, 32; draw_string_vec4
    %concat/vec4; draw_string_vec4
    %pushi/vec4 2016489516, 0, 32; draw_string_vec4
    %concat/vec4; draw_string_vec4
    %pushi/vec4 544749612, 0, 32; draw_string_vec4
    %concat/vec4; draw_string_vec4
    %pushi/vec4 544747832, 0, 32; draw_string_vec4
    %concat/vec4; draw_string_vec4
    %store/vec4 v00000235a78158c0_0, 0, 256;
    %fork TD_rv32i_cpu_tb.check_register, S_00000235a782ee80;
    %join;
    %pushi/vec4 11, 0, 32;
    %store/vec4 v00000235a7815c80_0, 0, 32;
    %pushi/vec4 1, 0, 32;
    %store/vec4 v00000235a7816220_0, 0, 32;
    %pushi/vec4 0, 0, 32; draw_string_vec4
    %pushi/vec4 0, 0, 32; draw_string_vec4
    %concat/vec4; draw_string_vec4
    %pushi/vec4 0, 0, 32; draw_string_vec4
    %concat/vec4; draw_string_vec4
    %pushi/vec4 0, 0, 32; draw_string_vec4
    %concat/vec4; draw_string_vec4
    %pushi/vec4 5459028, 0, 32; draw_string_vec4
    %concat/vec4; draw_string_vec4
    %pushi/vec4 544747825, 0, 32; draw_string_vec4
    %concat/vec4; draw_string_vec4
    %pushi/vec4 740325425, 0, 32; draw_string_vec4
    %concat/vec4; draw_string_vec4
    %pushi/vec4 740325426, 0, 32; draw_string_vec4
    %concat/vec4; draw_string_vec4
    %store/vec4 v00000235a78158c0_0, 0, 256;
    %fork TD_rv32i_cpu_tb.check_register, S_00000235a782ee80;
    %join;
    %pushi/vec4 12, 0, 32;
    %store/vec4 v00000235a7815c80_0, 0, 32;
    %pushi/vec4 1, 0, 32;
    %store/vec4 v00000235a7816220_0, 0, 32;
    %pushi/vec4 0, 0, 32; draw_string_vec4
    %pushi/vec4 0, 0, 32; draw_string_vec4
    %concat/vec4; draw_string_vec4
    %pushi/vec4 0, 0, 32; draw_string_vec4
    %concat/vec4; draw_string_vec4
    %pushi/vec4 0, 0, 32; draw_string_vec4
    %concat/vec4; draw_string_vec4
    %pushi/vec4 1397511253, 0, 32; draw_string_vec4
    %concat/vec4; draw_string_vec4
    %pushi/vec4 544747826, 0, 32; draw_string_vec4
    %concat/vec4; draw_string_vec4
    %pushi/vec4 740325425, 0, 32; draw_string_vec4
    %concat/vec4; draw_string_vec4
    %pushi/vec4 740325426, 0, 32; draw_string_vec4
    %concat/vec4; draw_string_vec4
    %store/vec4 v00000235a78158c0_0, 0, 256;
    %fork TD_rv32i_cpu_tb.check_register, S_00000235a782ee80;
    %join;
    %pushi/vec4 13, 0, 32;
    %store/vec4 v00000235a7815c80_0, 0, 32;
    %pushi/vec4 1, 0, 32;
    %store/vec4 v00000235a7816220_0, 0, 32;
    %pushi/vec4 21324, 0, 32; draw_string_vec4
    %pushi/vec4 1411412841, 0, 32; draw_string_vec4
    %concat/vec4; draw_string_vec4
    %pushi/vec4 1735288164, 0, 32; draw_string_vec4
    %concat/vec4; draw_string_vec4
    %pushi/vec4 544105831, 0, 32; draw_string_vec4
    %concat/vec4; draw_string_vec4
    %pushi/vec4 1635019126, 0, 32; draw_string_vec4
    %concat/vec4; draw_string_vec4
    %pushi/vec4 1696621423, 0, 32; draw_string_vec4
    %concat/vec4; draw_string_vec4
    %pushi/vec4 1836081522, 0, 32; draw_string_vec4
    %concat/vec4; draw_string_vec4
    %pushi/vec4 1769172846, 0, 32; draw_string_vec4
    %concat/vec4; draw_string_vec4
    %store/vec4 v00000235a78158c0_0, 0, 256;
    %fork TD_rv32i_cpu_tb.check_register, S_00000235a782ee80;
    %join;
    %pushi/vec4 14, 0, 32;
    %store/vec4 v00000235a7815c80_0, 0, 32;
    %pushi/vec4 0, 0, 32;
    %store/vec4 v00000235a7816220_0, 0, 32;
    %pushi/vec4 2829730022, 0, 33;
    %concati/vec4 3536772298, 0, 32;
    %concati/vec4 3361391826, 0, 32;
    %concati/vec4 3898269890, 0, 32;
    %concati/vec4 3907570404, 0, 32;
    %concati/vec4 3695232734, 0, 32;
    %concati/vec4 3672163044, 0, 32;
    %concati/vec4 1769172846, 0, 31;
    %store/vec4 v00000235a78158c0_0, 0, 256;
    %fork TD_rv32i_cpu_tb.check_register, S_00000235a782ee80;
    %join;
    %pushi/vec4 15, 0, 32;
    %store/vec4 v00000235a7815c80_0, 0, 32;
    %pushi/vec4 40, 0, 32;
    %store/vec4 v00000235a7816220_0, 0, 32;
    %pushi/vec4 0, 0, 32; draw_string_vec4
    %pushi/vec4 0, 0, 32; draw_string_vec4
    %concat/vec4; draw_string_vec4
    %pushi/vec4 0, 0, 32; draw_string_vec4
    %concat/vec4; draw_string_vec4
    %pushi/vec4 0, 0, 32; draw_string_vec4
    %concat/vec4; draw_string_vec4
    %pushi/vec4 0, 0, 32; draw_string_vec4
    %concat/vec4; draw_string_vec4
    %pushi/vec4 0, 0, 32; draw_string_vec4
    %concat/vec4; draw_string_vec4
    %pushi/vec4 1397509193, 0, 32; draw_string_vec4
    %concat/vec4; draw_string_vec4
    %pushi/vec4 544747829, 0, 32; draw_string_vec4
    %concat/vec4; draw_string_vec4
    %store/vec4 v00000235a78158c0_0, 0, 256;
    %fork TD_rv32i_cpu_tb.check_register, S_00000235a782ee80;
    %join;
    %pushi/vec4 16, 0, 32;
    %store/vec4 v00000235a7815c80_0, 0, 32;
    %pushi/vec4 10, 0, 32;
    %store/vec4 v00000235a7816220_0, 0, 32;
    %pushi/vec4 0, 0, 32; draw_string_vec4
    %pushi/vec4 0, 0, 32; draw_string_vec4
    %concat/vec4; draw_string_vec4
    %pushi/vec4 0, 0, 32; draw_string_vec4
    %concat/vec4; draw_string_vec4
    %pushi/vec4 0, 0, 32; draw_string_vec4
    %concat/vec4; draw_string_vec4
    %pushi/vec4 0, 0, 32; draw_string_vec4
    %concat/vec4; draw_string_vec4
    %pushi/vec4 0, 0, 32; draw_string_vec4
    %concat/vec4; draw_string_vec4
    %pushi/vec4 1397902409, 0, 32; draw_string_vec4
    %concat/vec4; draw_string_vec4
    %pushi/vec4 544747830, 0, 32; draw_string_vec4
    %concat/vec4; draw_string_vec4
    %store/vec4 v00000235a78158c0_0, 0, 256;
    %fork TD_rv32i_cpu_tb.check_register, S_00000235a782ee80;
    %join;
    %pushi/vec4 17, 0, 32;
    %store/vec4 v00000235a7815c80_0, 0, 32;
    %pushi/vec4 4294967295, 0, 32;
    %store/vec4 v00000235a7816220_0, 0, 32;
    %pushi/vec4 0, 0, 32; draw_string_vec4
    %pushi/vec4 0, 0, 32; draw_string_vec4
    %concat/vec4; draw_string_vec4
    %pushi/vec4 0, 0, 32; draw_string_vec4
    %concat/vec4; draw_string_vec4
    %pushi/vec4 0, 0, 32; draw_string_vec4
    %concat/vec4; draw_string_vec4
    %pushi/vec4 0, 0, 32; draw_string_vec4
    %concat/vec4; draw_string_vec4
    %pushi/vec4 0, 0, 32; draw_string_vec4
    %concat/vec4; draw_string_vec4
    %pushi/vec4 1397899593, 0, 32; draw_string_vec4
    %concat/vec4; draw_string_vec4
    %pushi/vec4 544747831, 0, 32; draw_string_vec4
    %concat/vec4; draw_string_vec4
    %store/vec4 v00000235a78158c0_0, 0, 256;
    %fork TD_rv32i_cpu_tb.check_register, S_00000235a782ee80;
    %join;
    %pushi/vec4 20, 0, 32;
    %store/vec4 v00000235a7815c80_0, 0, 32;
    %pushi/vec4 4, 0, 32;
    %store/vec4 v00000235a7816220_0, 0, 32;
    %pushi/vec4 0, 0, 32; draw_string_vec4
    %pushi/vec4 0, 0, 32; draw_string_vec4
    %concat/vec4; draw_string_vec4
    %pushi/vec4 0, 0, 32; draw_string_vec4
    %concat/vec4; draw_string_vec4
    %pushi/vec4 0, 0, 32; draw_string_vec4
    %concat/vec4; draw_string_vec4
    %pushi/vec4 0, 0, 32; draw_string_vec4
    %concat/vec4; draw_string_vec4
    %pushi/vec4 0, 0, 32; draw_string_vec4
    %concat/vec4; draw_string_vec4
    %pushi/vec4 1095648329, 0, 32; draw_string_vec4
    %concat/vec4; draw_string_vec4
    %pushi/vec4 544748080, 0, 32; draw_string_vec4
    %concat/vec4; draw_string_vec4
    %store/vec4 v00000235a78158c0_0, 0, 256;
    %fork TD_rv32i_cpu_tb.check_register, S_00000235a782ee80;
    %join;
    %pushi/vec4 21, 0, 32;
    %store/vec4 v00000235a7815c80_0, 0, 32;
    %pushi/vec4 30, 0, 32;
    %store/vec4 v00000235a7816220_0, 0, 32;
    %pushi/vec4 0, 0, 32; draw_string_vec4
    %pushi/vec4 0, 0, 32; draw_string_vec4
    %concat/vec4; draw_string_vec4
    %pushi/vec4 0, 0, 32; draw_string_vec4
    %concat/vec4; draw_string_vec4
    %pushi/vec4 0, 0, 32; draw_string_vec4
    %concat/vec4; draw_string_vec4
    %pushi/vec4 0, 0, 32; draw_string_vec4
    %concat/vec4; draw_string_vec4
    %pushi/vec4 0, 0, 32; draw_string_vec4
    %concat/vec4; draw_string_vec4
    %pushi/vec4 5198409, 0, 32; draw_string_vec4
    %concat/vec4; draw_string_vec4
    %pushi/vec4 544748081, 0, 32; draw_string_vec4
    %concat/vec4; draw_string_vec4
    %store/vec4 v00000235a78158c0_0, 0, 256;
    %fork TD_rv32i_cpu_tb.check_register, S_00000235a782ee80;
    %join;
    %pushi/vec4 22, 0, 32;
    %store/vec4 v00000235a7815c80_0, 0, 32;
    %pushi/vec4 27, 0, 32;
    %store/vec4 v00000235a7816220_0, 0, 32;
    %pushi/vec4 0, 0, 32; draw_string_vec4
    %pushi/vec4 0, 0, 32; draw_string_vec4
    %concat/vec4; draw_string_vec4
    %pushi/vec4 0, 0, 32; draw_string_vec4
    %concat/vec4; draw_string_vec4
    %pushi/vec4 0, 0, 32; draw_string_vec4
    %concat/vec4; draw_string_vec4
    %pushi/vec4 0, 0, 32; draw_string_vec4
    %concat/vec4; draw_string_vec4
    %pushi/vec4 0, 0, 32; draw_string_vec4
    %concat/vec4; draw_string_vec4
    %pushi/vec4 1481593417, 0, 32; draw_string_vec4
    %concat/vec4; draw_string_vec4
    %pushi/vec4 544748082, 0, 32; draw_string_vec4
    %concat/vec4; draw_string_vec4
    %store/vec4 v00000235a78158c0_0, 0, 256;
    %fork TD_rv32i_cpu_tb.check_register, S_00000235a782ee80;
    %join;
    %pushi/vec4 23, 0, 32;
    %store/vec4 v00000235a7815c80_0, 0, 32;
    %pushi/vec4 30, 0, 32;
    %store/vec4 v00000235a7816220_0, 0, 32;
    %pushi/vec4 0, 0, 32; draw_string_vec4
    %pushi/vec4 0, 0, 32; draw_string_vec4
    %concat/vec4; draw_string_vec4
    %pushi/vec4 0, 0, 32; draw_string_vec4
    %concat/vec4; draw_string_vec4
    %pushi/vec4 0, 0, 32; draw_string_vec4
    %concat/vec4; draw_string_vec4
    %pushi/vec4 76, 0, 32; draw_string_vec4
    %concat/vec4; draw_string_vec4
    %pushi/vec4 1461745714, 0, 32; draw_string_vec4
    %concat/vec4; draw_string_vec4
    %pushi/vec4 858529840, 0, 32; draw_string_vec4
    %concat/vec4; draw_string_vec4
    %pushi/vec4 678965289, 0, 32; draw_string_vec4
    %concat/vec4; draw_string_vec4
    %store/vec4 v00000235a78158c0_0, 0, 256;
    %fork TD_rv32i_cpu_tb.check_register, S_00000235a782ee80;
    %join;
    %pushi/vec4 24, 0, 32;
    %store/vec4 v00000235a7815c80_0, 0, 32;
    %pushi/vec4 4294967295, 0, 32;
    %store/vec4 v00000235a7816220_0, 0, 32;
    %pushi/vec4 0, 0, 32; draw_string_vec4
    %pushi/vec4 0, 0, 32; draw_string_vec4
    %concat/vec4; draw_string_vec4
    %pushi/vec4 0, 0, 32; draw_string_vec4
    %concat/vec4; draw_string_vec4
    %pushi/vec4 76, 0, 32; draw_string_vec4
    %concat/vec4; draw_string_vec4
    %pushi/vec4 1210086249, 0, 32; draw_string_vec4
    %concat/vec4; draw_string_vec4
    %pushi/vec4 1735270501, 0, 32; draw_string_vec4
    %concat/vec4; draw_string_vec4
    %pushi/vec4 2020894062, 0, 32; draw_string_vec4
    %concat/vec4; draw_string_vec4
    %pushi/vec4 1936289646, 0, 32; draw_string_vec4
    %concat/vec4; draw_string_vec4
    %store/vec4 v00000235a78158c0_0, 0, 256;
    %fork TD_rv32i_cpu_tb.check_register, S_00000235a782ee80;
    %join;
    %pushi/vec4 18, 0, 32;
    %store/vec4 v00000235a7815c80_0, 0, 32;
    %pushi/vec4 65535, 0, 32;
    %store/vec4 v00000235a7816220_0, 0, 32;
    %pushi/vec4 0, 0, 32; draw_string_vec4
    %pushi/vec4 0, 0, 32; draw_string_vec4
    %concat/vec4; draw_string_vec4
    %pushi/vec4 0, 0, 32; draw_string_vec4
    %concat/vec4; draw_string_vec4
    %pushi/vec4 19528, 0, 32; draw_string_vec4
    %concat/vec4; draw_string_vec4
    %pushi/vec4 1428191845, 0, 32; draw_string_vec4
    %concat/vec4; draw_string_vec4
    %pushi/vec4 1919885413, 0, 32; draw_string_vec4
    %concat/vec4; draw_string_vec4
    %pushi/vec4 2020894062, 0, 32; draw_string_vec4
    %concat/vec4; draw_string_vec4
    %pushi/vec4 1936289646, 0, 32; draw_string_vec4
    %concat/vec4; draw_string_vec4
    %store/vec4 v00000235a78158c0_0, 0, 256;
    %fork TD_rv32i_cpu_tb.check_register, S_00000235a782ee80;
    %join;
    %pushi/vec4 25, 0, 32;
    %store/vec4 v00000235a7815c80_0, 0, 32;
    %pushi/vec4 4294967295, 0, 32;
    %store/vec4 v00000235a7816220_0, 0, 32;
    %pushi/vec4 0, 0, 32; draw_string_vec4
    %pushi/vec4 0, 0, 32; draw_string_vec4
    %concat/vec4; draw_string_vec4
    %pushi/vec4 0, 0, 32; draw_string_vec4
    %concat/vec4; draw_string_vec4
    %pushi/vec4 76, 0, 32; draw_string_vec4
    %concat/vec4; draw_string_vec4
    %pushi/vec4 1109422953, 0, 32; draw_string_vec4
    %concat/vec4; draw_string_vec4
    %pushi/vec4 1735270501, 0, 32; draw_string_vec4
    %concat/vec4; draw_string_vec4
    %pushi/vec4 2020894062, 0, 32; draw_string_vec4
    %concat/vec4; draw_string_vec4
    %pushi/vec4 1936289646, 0, 32; draw_string_vec4
    %concat/vec4; draw_string_vec4
    %store/vec4 v00000235a78158c0_0, 0, 256;
    %fork TD_rv32i_cpu_tb.check_register, S_00000235a782ee80;
    %join;
    %pushi/vec4 26, 0, 32;
    %store/vec4 v00000235a7815c80_0, 0, 32;
    %pushi/vec4 255, 0, 32;
    %store/vec4 v00000235a7816220_0, 0, 32;
    %pushi/vec4 0, 0, 32; draw_string_vec4
    %pushi/vec4 0, 0, 32; draw_string_vec4
    %concat/vec4; draw_string_vec4
    %pushi/vec4 0, 0, 32; draw_string_vec4
    %concat/vec4; draw_string_vec4
    %pushi/vec4 19522, 0, 32; draw_string_vec4
    %concat/vec4; draw_string_vec4
    %pushi/vec4 1428191845, 0, 32; draw_string_vec4
    %concat/vec4; draw_string_vec4
    %pushi/vec4 1919885413, 0, 32; draw_string_vec4
    %concat/vec4; draw_string_vec4
    %pushi/vec4 2020894062, 0, 32; draw_string_vec4
    %concat/vec4; draw_string_vec4
    %pushi/vec4 1936289646, 0, 32; draw_string_vec4
    %concat/vec4; draw_string_vec4
    %store/vec4 v00000235a78158c0_0, 0, 256;
    %fork TD_rv32i_cpu_tb.check_register, S_00000235a782ee80;
    %join;
    %pushi/vec4 32, 0, 32;
    %store/vec4 v00000235a7814600_0, 0, 32;
    %pushi/vec4 1, 0, 8;
    %store/vec4 v00000235a7814d80_0, 0, 8;
    %pushi/vec4 0, 0, 32; draw_string_vec4
    %pushi/vec4 0, 0, 32; draw_string_vec4
    %concat/vec4; draw_string_vec4
    %pushi/vec4 0, 0, 32; draw_string_vec4
    %concat/vec4; draw_string_vec4
    %pushi/vec4 0, 0, 32; draw_string_vec4
    %concat/vec4; draw_string_vec4
    %pushi/vec4 0, 0, 32; draw_string_vec4
    %concat/vec4; draw_string_vec4
    %pushi/vec4 66, 0, 32; draw_string_vec4
    %concat/vec4; draw_string_vec4
    %pushi/vec4 1162944628, 0, 32; draw_string_vec4
    %concat/vec4; draw_string_vec4
    %pushi/vec4 1634428270, 0, 32; draw_string_vec4
    %concat/vec4; draw_string_vec4
    %store/vec4 v00000235a7816400_0, 0, 256;
    %fork TD_rv32i_cpu_tb.check_memory_byte, S_00000235a783e800;
    %join;
    %pushi/vec4 36, 0, 32;
    %store/vec4 v00000235a7814600_0, 0, 32;
    %pushi/vec4 0, 0, 8;
    %store/vec4 v00000235a7814d80_0, 0, 8;
    %pushi/vec4 0, 0, 32; draw_string_vec4
    %pushi/vec4 0, 0, 32; draw_string_vec4
    %concat/vec4; draw_string_vec4
    %pushi/vec4 0, 0, 32; draw_string_vec4
    %concat/vec4; draw_string_vec4
    %pushi/vec4 0, 0, 32; draw_string_vec4
    %concat/vec4; draw_string_vec4
    %pushi/vec4 66, 0, 32; draw_string_vec4
    %concat/vec4; draw_string_vec4
    %pushi/vec4 1313153134, 0, 32; draw_string_vec4
    %concat/vec4; draw_string_vec4
    %pushi/vec4 1869881460, 0, 32; draw_string_vec4
    %concat/vec4; draw_string_vec4
    %pushi/vec4 1634428270, 0, 32; draw_string_vec4
    %concat/vec4; draw_string_vec4
    %store/vec4 v00000235a7816400_0, 0, 256;
    %fork TD_rv32i_cpu_tb.check_memory_byte, S_00000235a783e800;
    %join;
    %pushi/vec4 40, 0, 32;
    %store/vec4 v00000235a7814600_0, 0, 32;
    %pushi/vec4 1, 0, 8;
    %store/vec4 v00000235a7814d80_0, 0, 8;
    %pushi/vec4 0, 0, 32; draw_string_vec4
    %pushi/vec4 0, 0, 32; draw_string_vec4
    %concat/vec4; draw_string_vec4
    %pushi/vec4 0, 0, 32; draw_string_vec4
    %concat/vec4; draw_string_vec4
    %pushi/vec4 0, 0, 32; draw_string_vec4
    %concat/vec4; draw_string_vec4
    %pushi/vec4 0, 0, 32; draw_string_vec4
    %concat/vec4; draw_string_vec4
    %pushi/vec4 66, 0, 32; draw_string_vec4
    %concat/vec4; draw_string_vec4
    %pushi/vec4 1280581748, 0, 32; draw_string_vec4
    %concat/vec4; draw_string_vec4
    %pushi/vec4 1634428270, 0, 32; draw_string_vec4
    %concat/vec4; draw_string_vec4
    %store/vec4 v00000235a7816400_0, 0, 256;
    %fork TD_rv32i_cpu_tb.check_memory_byte, S_00000235a783e800;
    %join;
    %pushi/vec4 44, 0, 32;
    %store/vec4 v00000235a7814600_0, 0, 32;
    %pushi/vec4 0, 0, 8;
    %store/vec4 v00000235a7814d80_0, 0, 8;
    %pushi/vec4 0, 0, 32; draw_string_vec4
    %pushi/vec4 0, 0, 32; draw_string_vec4
    %concat/vec4; draw_string_vec4
    %pushi/vec4 0, 0, 32; draw_string_vec4
    %concat/vec4; draw_string_vec4
    %pushi/vec4 0, 0, 32; draw_string_vec4
    %concat/vec4; draw_string_vec4
    %pushi/vec4 66, 0, 32; draw_string_vec4
    %concat/vec4; draw_string_vec4
    %pushi/vec4 1195712622, 0, 32; draw_string_vec4
    %concat/vec4; draw_string_vec4
    %pushi/vec4 1869881460, 0, 32; draw_string_vec4
    %concat/vec4; draw_string_vec4
    %pushi/vec4 1634428270, 0, 32; draw_string_vec4
    %concat/vec4; draw_string_vec4
    %store/vec4 v00000235a7816400_0, 0, 256;
    %fork TD_rv32i_cpu_tb.check_memory_byte, S_00000235a783e800;
    %join;
    %pushi/vec4 48, 0, 32;
    %store/vec4 v00000235a7814600_0, 0, 32;
    %pushi/vec4 1, 0, 8;
    %store/vec4 v00000235a7814d80_0, 0, 8;
    %pushi/vec4 0, 0, 32; draw_string_vec4
    %pushi/vec4 0, 0, 32; draw_string_vec4
    %concat/vec4; draw_string_vec4
    %pushi/vec4 0, 0, 32; draw_string_vec4
    %concat/vec4; draw_string_vec4
    %pushi/vec4 0, 0, 32; draw_string_vec4
    %concat/vec4; draw_string_vec4
    %pushi/vec4 0, 0, 32; draw_string_vec4
    %concat/vec4; draw_string_vec4
    %pushi/vec4 16972, 0, 32; draw_string_vec4
    %concat/vec4; draw_string_vec4
    %pushi/vec4 1414865012, 0, 32; draw_string_vec4
    %concat/vec4; draw_string_vec4
    %pushi/vec4 1634428270, 0, 32; draw_string_vec4
    %concat/vec4; draw_string_vec4
    %store/vec4 v00000235a7816400_0, 0, 256;
    %fork TD_rv32i_cpu_tb.check_memory_byte, S_00000235a783e800;
    %join;
    %pushi/vec4 52, 0, 32;
    %store/vec4 v00000235a7814600_0, 0, 32;
    %pushi/vec4 0, 0, 8;
    %store/vec4 v00000235a7814d80_0, 0, 8;
    %pushi/vec4 0, 0, 32; draw_string_vec4
    %pushi/vec4 0, 0, 32; draw_string_vec4
    %concat/vec4; draw_string_vec4
    %pushi/vec4 0, 0, 32; draw_string_vec4
    %concat/vec4; draw_string_vec4
    %pushi/vec4 0, 0, 32; draw_string_vec4
    %concat/vec4; draw_string_vec4
    %pushi/vec4 16967, 0, 32; draw_string_vec4
    %concat/vec4; draw_string_vec4
    %pushi/vec4 1163206766, 0, 32; draw_string_vec4
    %concat/vec4; draw_string_vec4
    %pushi/vec4 1869881460, 0, 32; draw_string_vec4
    %concat/vec4; draw_string_vec4
    %pushi/vec4 1634428270, 0, 32; draw_string_vec4
    %concat/vec4; draw_string_vec4
    %store/vec4 v00000235a7816400_0, 0, 256;
    %fork TD_rv32i_cpu_tb.check_memory_byte, S_00000235a783e800;
    %join;
    %pushi/vec4 56, 0, 32;
    %store/vec4 v00000235a7814600_0, 0, 32;
    %pushi/vec4 232, 0, 8;
    %store/vec4 v00000235a7814d80_0, 0, 8;
    %pushi/vec4 0, 0, 32; draw_string_vec4
    %pushi/vec4 74, 0, 32; draw_string_vec4
    %concat/vec4; draw_string_vec4
    %pushi/vec4 1095508082, 0, 32; draw_string_vec4
    %concat/vec4; draw_string_vec4
    %pushi/vec4 1702131058, 0, 32; draw_string_vec4
    %concat/vec4; draw_string_vec4
    %pushi/vec4 1847615844, 0, 32; draw_string_vec4
    %concat/vec4; draw_string_vec4
    %pushi/vec4 1685218675, 0, 32; draw_string_vec4
    %concat/vec4; draw_string_vec4
    %pushi/vec4 1931502201, 0, 32; draw_string_vec4
    %concat/vec4; draw_string_vec4
    %pushi/vec4 1952784432, 0, 32; draw_string_vec4
    %concat/vec4; draw_string_vec4
    %store/vec4 v00000235a7816400_0, 0, 256;
    %fork TD_rv32i_cpu_tb.check_memory_byte, S_00000235a783e800;
    %join;
    %pushi/vec4 57, 0, 32;
    %store/vec4 v00000235a7814600_0, 0, 32;
    %pushi/vec4 0, 0, 8;
    %store/vec4 v00000235a7814d80_0, 0, 8;
    %pushi/vec4 0, 0, 32; draw_string_vec4
    %pushi/vec4 74, 0, 32; draw_string_vec4
    %concat/vec4; draw_string_vec4
    %pushi/vec4 1095508082, 0, 32; draw_string_vec4
    %concat/vec4; draw_string_vec4
    %pushi/vec4 1702131058, 0, 32; draw_string_vec4
    %concat/vec4; draw_string_vec4
    %pushi/vec4 1847615844, 0, 32; draw_string_vec4
    %concat/vec4; draw_string_vec4
    %pushi/vec4 1685218675, 0, 32; draw_string_vec4
    %concat/vec4; draw_string_vec4
    %pushi/vec4 1931502201, 0, 32; draw_string_vec4
    %concat/vec4; draw_string_vec4
    %pushi/vec4 1952784433, 0, 32; draw_string_vec4
    %concat/vec4; draw_string_vec4
    %store/vec4 v00000235a7816400_0, 0, 256;
    %fork TD_rv32i_cpu_tb.check_memory_byte, S_00000235a783e800;
    %join;
    %pushi/vec4 58, 0, 32;
    %store/vec4 v00000235a7814600_0, 0, 32;
    %pushi/vec4 0, 0, 8;
    %store/vec4 v00000235a7814d80_0, 0, 8;
    %pushi/vec4 0, 0, 32; draw_string_vec4
    %pushi/vec4 74, 0, 32; draw_string_vec4
    %concat/vec4; draw_string_vec4
    %pushi/vec4 1095508082, 0, 32; draw_string_vec4
    %concat/vec4; draw_string_vec4
    %pushi/vec4 1702131058, 0, 32; draw_string_vec4
    %concat/vec4; draw_string_vec4
    %pushi/vec4 1847615844, 0, 32; draw_string_vec4
    %concat/vec4; draw_string_vec4
    %pushi/vec4 1685218675, 0, 32; draw_string_vec4
    %concat/vec4; draw_string_vec4
    %pushi/vec4 1931502201, 0, 32; draw_string_vec4
    %concat/vec4; draw_string_vec4
    %pushi/vec4 1952784434, 0, 32; draw_string_vec4
    %concat/vec4; draw_string_vec4
    %store/vec4 v00000235a7816400_0, 0, 256;
    %fork TD_rv32i_cpu_tb.check_memory_byte, S_00000235a783e800;
    %join;
    %pushi/vec4 59, 0, 32;
    %store/vec4 v00000235a7814600_0, 0, 32;
    %pushi/vec4 0, 0, 8;
    %store/vec4 v00000235a7814d80_0, 0, 8;
    %pushi/vec4 0, 0, 32; draw_string_vec4
    %pushi/vec4 74, 0, 32; draw_string_vec4
    %concat/vec4; draw_string_vec4
    %pushi/vec4 1095508082, 0, 32; draw_string_vec4
    %concat/vec4; draw_string_vec4
    %pushi/vec4 1702131058, 0, 32; draw_string_vec4
    %concat/vec4; draw_string_vec4
    %pushi/vec4 1847615844, 0, 32; draw_string_vec4
    %concat/vec4; draw_string_vec4
    %pushi/vec4 1685218675, 0, 32; draw_string_vec4
    %concat/vec4; draw_string_vec4
    %pushi/vec4 1931502201, 0, 32; draw_string_vec4
    %concat/vec4; draw_string_vec4
    %pushi/vec4 1952784435, 0, 32; draw_string_vec4
    %concat/vec4; draw_string_vec4
    %store/vec4 v00000235a7816400_0, 0, 256;
    %fork TD_rv32i_cpu_tb.check_memory_byte, S_00000235a783e800;
    %join;
    %pushi/vec4 60, 0, 32;
    %store/vec4 v00000235a7814600_0, 0, 32;
    %pushi/vec4 248, 0, 8;
    %store/vec4 v00000235a7814d80_0, 0, 8;
    %pushi/vec4 0, 0, 32; draw_string_vec4
    %pushi/vec4 19009, 0, 32; draw_string_vec4
    %concat/vec4; draw_string_vec4
    %pushi/vec4 1280450674, 0, 32; draw_string_vec4
    %concat/vec4; draw_string_vec4
    %pushi/vec4 1702131058, 0, 32; draw_string_vec4
    %concat/vec4; draw_string_vec4
    %pushi/vec4 1847615844, 0, 32; draw_string_vec4
    %concat/vec4; draw_string_vec4
    %pushi/vec4 1685218675, 0, 32; draw_string_vec4
    %concat/vec4; draw_string_vec4
    %pushi/vec4 1931502201, 0, 32; draw_string_vec4
    %concat/vec4; draw_string_vec4
    %pushi/vec4 1952784432, 0, 32; draw_string_vec4
    %concat/vec4; draw_string_vec4
    %store/vec4 v00000235a7816400_0, 0, 256;
    %fork TD_rv32i_cpu_tb.check_memory_byte, S_00000235a783e800;
    %join;
    %pushi/vec4 61, 0, 32;
    %store/vec4 v00000235a7814600_0, 0, 32;
    %pushi/vec4 0, 0, 8;
    %store/vec4 v00000235a7814d80_0, 0, 8;
    %pushi/vec4 0, 0, 32; draw_string_vec4
    %pushi/vec4 19009, 0, 32; draw_string_vec4
    %concat/vec4; draw_string_vec4
    %pushi/vec4 1280450674, 0, 32; draw_string_vec4
    %concat/vec4; draw_string_vec4
    %pushi/vec4 1702131058, 0, 32; draw_string_vec4
    %concat/vec4; draw_string_vec4
    %pushi/vec4 1847615844, 0, 32; draw_string_vec4
    %concat/vec4; draw_string_vec4
    %pushi/vec4 1685218675, 0, 32; draw_string_vec4
    %concat/vec4; draw_string_vec4
    %pushi/vec4 1931502201, 0, 32; draw_string_vec4
    %concat/vec4; draw_string_vec4
    %pushi/vec4 1952784433, 0, 32; draw_string_vec4
    %concat/vec4; draw_string_vec4
    %store/vec4 v00000235a7816400_0, 0, 256;
    %fork TD_rv32i_cpu_tb.check_memory_byte, S_00000235a783e800;
    %join;
    %pushi/vec4 62, 0, 32;
    %store/vec4 v00000235a7814600_0, 0, 32;
    %pushi/vec4 0, 0, 8;
    %store/vec4 v00000235a7814d80_0, 0, 8;
    %pushi/vec4 0, 0, 32; draw_string_vec4
    %pushi/vec4 19009, 0, 32; draw_string_vec4
    %concat/vec4; draw_string_vec4
    %pushi/vec4 1280450674, 0, 32; draw_string_vec4
    %concat/vec4; draw_string_vec4
    %pushi/vec4 1702131058, 0, 32; draw_string_vec4
    %concat/vec4; draw_string_vec4
    %pushi/vec4 1847615844, 0, 32; draw_string_vec4
    %concat/vec4; draw_string_vec4
    %pushi/vec4 1685218675, 0, 32; draw_string_vec4
    %concat/vec4; draw_string_vec4
    %pushi/vec4 1931502201, 0, 32; draw_string_vec4
    %concat/vec4; draw_string_vec4
    %pushi/vec4 1952784434, 0, 32; draw_string_vec4
    %concat/vec4; draw_string_vec4
    %store/vec4 v00000235a7816400_0, 0, 256;
    %fork TD_rv32i_cpu_tb.check_memory_byte, S_00000235a783e800;
    %join;
    %pushi/vec4 63, 0, 32;
    %store/vec4 v00000235a7814600_0, 0, 32;
    %pushi/vec4 0, 0, 8;
    %store/vec4 v00000235a7814d80_0, 0, 8;
    %pushi/vec4 0, 0, 32; draw_string_vec4
    %pushi/vec4 19009, 0, 32; draw_string_vec4
    %concat/vec4; draw_string_vec4
    %pushi/vec4 1280450674, 0, 32; draw_string_vec4
    %concat/vec4; draw_string_vec4
    %pushi/vec4 1702131058, 0, 32; draw_string_vec4
    %concat/vec4; draw_string_vec4
    %pushi/vec4 1847615844, 0, 32; draw_string_vec4
    %concat/vec4; draw_string_vec4
    %pushi/vec4 1685218675, 0, 32; draw_string_vec4
    %concat/vec4; draw_string_vec4
    %pushi/vec4 1931502201, 0, 32; draw_string_vec4
    %concat/vec4; draw_string_vec4
    %pushi/vec4 1952784435, 0, 32; draw_string_vec4
    %concat/vec4; draw_string_vec4
    %store/vec4 v00000235a7816400_0, 0, 256;
    %fork TD_rv32i_cpu_tb.check_memory_byte, S_00000235a783e800;
    %join;
    %pushi/vec4 30, 0, 32;
    %store/vec4 v00000235a7815c80_0, 0, 32;
    %pushi/vec4 305418240, 0, 32;
    %store/vec4 v00000235a7816220_0, 0, 32;
    %pushi/vec4 0, 0, 32; draw_string_vec4
    %pushi/vec4 0, 0, 32; draw_string_vec4
    %concat/vec4; draw_string_vec4
    %pushi/vec4 0, 0, 32; draw_string_vec4
    %concat/vec4; draw_string_vec4
    %pushi/vec4 0, 0, 32; draw_string_vec4
    %concat/vec4; draw_string_vec4
    %pushi/vec4 1280657696, 0, 32; draw_string_vec4
    %concat/vec4; draw_string_vec4
    %pushi/vec4 2016620588, 0, 32; draw_string_vec4
    %concat/vec4; draw_string_vec4
    %pushi/vec4 540047409, 0, 32; draw_string_vec4
    %concat/vec4; draw_string_vec4
    %pushi/vec4 842216501, 0, 32; draw_string_vec4
    %concat/vec4; draw_string_vec4
    %store/vec4 v00000235a78158c0_0, 0, 256;
    %fork TD_rv32i_cpu_tb.check_register, S_00000235a782ee80;
    %join;
    %pushi/vec4 31, 0, 32;
    %store/vec4 v00000235a7815c80_0, 0, 32;
    %pushi/vec4 4356, 0, 32;
    %store/vec4 v00000235a7816220_0, 0, 32;
    %pushi/vec4 0, 0, 32; draw_string_vec4
    %pushi/vec4 0, 0, 32; draw_string_vec4
    %concat/vec4; draw_string_vec4
    %pushi/vec4 0, 0, 32; draw_string_vec4
    %concat/vec4; draw_string_vec4
    %pushi/vec4 0, 0, 32; draw_string_vec4
    %concat/vec4; draw_string_vec4
    %pushi/vec4 16725, 0, 32; draw_string_vec4
    %concat/vec4; draw_string_vec4
    %pushi/vec4 1229996832, 0, 32; draw_string_vec4
    %concat/vec4; draw_string_vec4
    %pushi/vec4 2016620844, 0, 32; draw_string_vec4
    %concat/vec4; draw_string_vec4
    %pushi/vec4 540047409, 0, 32; draw_string_vec4
    %concat/vec4; draw_string_vec4
    %store/vec4 v00000235a78158c0_0, 0, 256;
    %fork TD_rv32i_cpu_tb.check_register, S_00000235a782ee80;
    %join;
    %pushi/vec4 0, 0, 32;
    %store/vec4 v00000235a7814600_0, 0, 32;
    %pushi/vec4 30, 0, 8;
    %store/vec4 v00000235a7814d80_0, 0, 8;
    %pushi/vec4 0, 0, 32; draw_string_vec4
    %pushi/vec4 0, 0, 32; draw_string_vec4
    %concat/vec4; draw_string_vec4
    %pushi/vec4 0, 0, 32; draw_string_vec4
    %concat/vec4; draw_string_vec4
    %pushi/vec4 0, 0, 32; draw_string_vec4
    %concat/vec4; draw_string_vec4
    %pushi/vec4 0, 0, 32; draw_string_vec4
    %concat/vec4; draw_string_vec4
    %pushi/vec4 83, 0, 32; draw_string_vec4
    %concat/vec4; draw_string_vec4
    %pushi/vec4 1461740153, 0, 32; draw_string_vec4
    %concat/vec4; draw_string_vec4
    %pushi/vec4 1952784432, 0, 32; draw_string_vec4
    %concat/vec4; draw_string_vec4
    %store/vec4 v00000235a7816400_0, 0, 256;
    %fork TD_rv32i_cpu_tb.check_memory_byte, S_00000235a783e800;
    %join;
    %pushi/vec4 1, 0, 32;
    %store/vec4 v00000235a7814600_0, 0, 32;
    %pushi/vec4 0, 0, 8;
    %store/vec4 v00000235a7814d80_0, 0, 8;
    %pushi/vec4 0, 0, 32; draw_string_vec4
    %pushi/vec4 0, 0, 32; draw_string_vec4
    %concat/vec4; draw_string_vec4
    %pushi/vec4 0, 0, 32; draw_string_vec4
    %concat/vec4; draw_string_vec4
    %pushi/vec4 0, 0, 32; draw_string_vec4
    %concat/vec4; draw_string_vec4
    %pushi/vec4 0, 0, 32; draw_string_vec4
    %concat/vec4; draw_string_vec4
    %pushi/vec4 83, 0, 32; draw_string_vec4
    %concat/vec4; draw_string_vec4
    %pushi/vec4 1461740153, 0, 32; draw_string_vec4
    %concat/vec4; draw_string_vec4
    %pushi/vec4 1952784433, 0, 32; draw_string_vec4
    %concat/vec4; draw_string_vec4
    %store/vec4 v00000235a7816400_0, 0, 256;
    %fork TD_rv32i_cpu_tb.check_memory_byte, S_00000235a783e800;
    %join;
    %pushi/vec4 2, 0, 32;
    %store/vec4 v00000235a7814600_0, 0, 32;
    %pushi/vec4 0, 0, 8;
    %store/vec4 v00000235a7814d80_0, 0, 8;
    %pushi/vec4 0, 0, 32; draw_string_vec4
    %pushi/vec4 0, 0, 32; draw_string_vec4
    %concat/vec4; draw_string_vec4
    %pushi/vec4 0, 0, 32; draw_string_vec4
    %concat/vec4; draw_string_vec4
    %pushi/vec4 0, 0, 32; draw_string_vec4
    %concat/vec4; draw_string_vec4
    %pushi/vec4 0, 0, 32; draw_string_vec4
    %concat/vec4; draw_string_vec4
    %pushi/vec4 83, 0, 32; draw_string_vec4
    %concat/vec4; draw_string_vec4
    %pushi/vec4 1461740153, 0, 32; draw_string_vec4
    %concat/vec4; draw_string_vec4
    %pushi/vec4 1952784434, 0, 32; draw_string_vec4
    %concat/vec4; draw_string_vec4
    %store/vec4 v00000235a7816400_0, 0, 256;
    %fork TD_rv32i_cpu_tb.check_memory_byte, S_00000235a783e800;
    %join;
    %pushi/vec4 3, 0, 32;
    %store/vec4 v00000235a7814600_0, 0, 32;
    %pushi/vec4 0, 0, 8;
    %store/vec4 v00000235a7814d80_0, 0, 8;
    %pushi/vec4 0, 0, 32; draw_string_vec4
    %pushi/vec4 0, 0, 32; draw_string_vec4
    %concat/vec4; draw_string_vec4
    %pushi/vec4 0, 0, 32; draw_string_vec4
    %concat/vec4; draw_string_vec4
    %pushi/vec4 0, 0, 32; draw_string_vec4
    %concat/vec4; draw_string_vec4
    %pushi/vec4 0, 0, 32; draw_string_vec4
    %concat/vec4; draw_string_vec4
    %pushi/vec4 83, 0, 32; draw_string_vec4
    %concat/vec4; draw_string_vec4
    %pushi/vec4 1461740153, 0, 32; draw_string_vec4
    %concat/vec4; draw_string_vec4
    %pushi/vec4 1952784435, 0, 32; draw_string_vec4
    %concat/vec4; draw_string_vec4
    %store/vec4 v00000235a7816400_0, 0, 256;
    %fork TD_rv32i_cpu_tb.check_memory_byte, S_00000235a783e800;
    %join;
    %pushi/vec4 4, 0, 32;
    %store/vec4 v00000235a7814600_0, 0, 32;
    %pushi/vec4 30, 0, 8;
    %store/vec4 v00000235a7814d80_0, 0, 8;
    %pushi/vec4 0, 0, 32; draw_string_vec4
    %pushi/vec4 0, 0, 32; draw_string_vec4
    %concat/vec4; draw_string_vec4
    %pushi/vec4 0, 0, 32; draw_string_vec4
    %concat/vec4; draw_string_vec4
    %pushi/vec4 0, 0, 32; draw_string_vec4
    %concat/vec4; draw_string_vec4
    %pushi/vec4 0, 0, 32; draw_string_vec4
    %concat/vec4; draw_string_vec4
    %pushi/vec4 83, 0, 32; draw_string_vec4
    %concat/vec4; draw_string_vec4
    %pushi/vec4 1210081913, 0, 32; draw_string_vec4
    %concat/vec4; draw_string_vec4
    %pushi/vec4 1952784432, 0, 32; draw_string_vec4
    %concat/vec4; draw_string_vec4
    %store/vec4 v00000235a7816400_0, 0, 256;
    %fork TD_rv32i_cpu_tb.check_memory_byte, S_00000235a783e800;
    %join;
    %pushi/vec4 5, 0, 32;
    %store/vec4 v00000235a7814600_0, 0, 32;
    %pushi/vec4 0, 0, 8;
    %store/vec4 v00000235a7814d80_0, 0, 8;
    %pushi/vec4 0, 0, 32; draw_string_vec4
    %pushi/vec4 0, 0, 32; draw_string_vec4
    %concat/vec4; draw_string_vec4
    %pushi/vec4 0, 0, 32; draw_string_vec4
    %concat/vec4; draw_string_vec4
    %pushi/vec4 0, 0, 32; draw_string_vec4
    %concat/vec4; draw_string_vec4
    %pushi/vec4 0, 0, 32; draw_string_vec4
    %concat/vec4; draw_string_vec4
    %pushi/vec4 83, 0, 32; draw_string_vec4
    %concat/vec4; draw_string_vec4
    %pushi/vec4 1210081913, 0, 32; draw_string_vec4
    %concat/vec4; draw_string_vec4
    %pushi/vec4 1952784433, 0, 32; draw_string_vec4
    %concat/vec4; draw_string_vec4
    %store/vec4 v00000235a7816400_0, 0, 256;
    %fork TD_rv32i_cpu_tb.check_memory_byte, S_00000235a783e800;
    %join;
    %pushi/vec4 6, 0, 32;
    %store/vec4 v00000235a7814600_0, 0, 32;
    %pushi/vec4 30, 0, 8;
    %store/vec4 v00000235a7814d80_0, 0, 8;
    %pushi/vec4 0, 0, 32; draw_string_vec4
    %pushi/vec4 0, 0, 32; draw_string_vec4
    %concat/vec4; draw_string_vec4
    %pushi/vec4 0, 0, 32; draw_string_vec4
    %concat/vec4; draw_string_vec4
    %pushi/vec4 0, 0, 32; draw_string_vec4
    %concat/vec4; draw_string_vec4
    %pushi/vec4 0, 0, 32; draw_string_vec4
    %concat/vec4; draw_string_vec4
    %pushi/vec4 0, 0, 32; draw_string_vec4
    %concat/vec4; draw_string_vec4
    %pushi/vec4 5456416, 0, 32; draw_string_vec4
    %concat/vec4; draw_string_vec4
    %pushi/vec4 1652126821, 0, 32; draw_string_vec4
    %concat/vec4; draw_string_vec4
    %store/vec4 v00000235a7816400_0, 0, 256;
    %fork TD_rv32i_cpu_tb.check_memory_byte, S_00000235a783e800;
    %join;
    %pushi/vec4 16, 0, 32;
    %store/vec4 v00000235a7814600_0, 0, 32;
    %pushi/vec4 255, 0, 8;
    %store/vec4 v00000235a7814d80_0, 0, 8;
    %pushi/vec4 0, 0, 32; draw_string_vec4
    %pushi/vec4 0, 0, 32; draw_string_vec4
    %concat/vec4; draw_string_vec4
    %pushi/vec4 0, 0, 32; draw_string_vec4
    %concat/vec4; draw_string_vec4
    %pushi/vec4 5137767, 0, 32; draw_string_vec4
    %concat/vec4; draw_string_vec4
    %pushi/vec4 1635019126, 0, 32; draw_string_vec4
    %concat/vec4; draw_string_vec4
    %pushi/vec4 1696621177, 0, 32; draw_string_vec4
    %concat/vec4; draw_string_vec4
    %pushi/vec4 1952784499, 0, 32; draw_string_vec4
    %concat/vec4; draw_string_vec4
    %pushi/vec4 1953460837, 0, 32; draw_string_vec4
    %concat/vec4; draw_string_vec4
    %store/vec4 v00000235a7816400_0, 0, 256;
    %fork TD_rv32i_cpu_tb.check_memory_byte, S_00000235a783e800;
    %join;
    %pushi/vec4 18, 0, 32;
    %store/vec4 v00000235a7814600_0, 0, 32;
    %pushi/vec4 255, 0, 8;
    %store/vec4 v00000235a7814d80_0, 0, 8;
    %pushi/vec4 0, 0, 32; draw_string_vec4
    %pushi/vec4 0, 0, 32; draw_string_vec4
    %concat/vec4; draw_string_vec4
    %pushi/vec4 1315268449, 0, 32; draw_string_vec4
    %concat/vec4; draw_string_vec4
    %pushi/vec4 1953068645, 0, 32; draw_string_vec4
    %concat/vec4; draw_string_vec4
    %pushi/vec4 543711596, 0, 32; draw_string_vec4
    %concat/vec4; draw_string_vec4
    %pushi/vec4 1719103346, 0, 32; draw_string_vec4
    %concat/vec4; draw_string_vec4
    %pushi/vec4 1679843961, 0, 32; draw_string_vec4
    %concat/vec4; draw_string_vec4
    %pushi/vec4 1952784432, 0, 32; draw_string_vec4
    %concat/vec4; draw_string_vec4
    %store/vec4 v00000235a7816400_0, 0, 256;
    %fork TD_rv32i_cpu_tb.check_memory_byte, S_00000235a783e800;
    %join;
    %pushi/vec4 19, 0, 32;
    %store/vec4 v00000235a7814600_0, 0, 32;
    %pushi/vec4 255, 0, 8;
    %store/vec4 v00000235a7814d80_0, 0, 8;
    %pushi/vec4 0, 0, 32; draw_string_vec4
    %pushi/vec4 0, 0, 32; draw_string_vec4
    %concat/vec4; draw_string_vec4
    %pushi/vec4 1315268449, 0, 32; draw_string_vec4
    %concat/vec4; draw_string_vec4
    %pushi/vec4 1953068645, 0, 32; draw_string_vec4
    %concat/vec4; draw_string_vec4
    %pushi/vec4 543711596, 0, 32; draw_string_vec4
    %concat/vec4; draw_string_vec4
    %pushi/vec4 1719103346, 0, 32; draw_string_vec4
    %concat/vec4; draw_string_vec4
    %pushi/vec4 1679843961, 0, 32; draw_string_vec4
    %concat/vec4; draw_string_vec4
    %pushi/vec4 1952784433, 0, 32; draw_string_vec4
    %concat/vec4; draw_string_vec4
    %store/vec4 v00000235a7816400_0, 0, 256;
    %fork TD_rv32i_cpu_tb.check_memory_byte, S_00000235a783e800;
    %join;
    %pushi/vec4 0, 0, 32;
    %store/vec4 v00000235a7815c80_0, 0, 32;
    %pushi/vec4 0, 0, 32;
    %store/vec4 v00000235a7816220_0, 0, 32;
    %pushi/vec4 0, 0, 32; draw_string_vec4
    %pushi/vec4 2016419954, 0, 32; draw_string_vec4
    %concat/vec4; draw_string_vec4
    %pushi/vec4 1701667177, 0, 32; draw_string_vec4
    %concat/vec4; draw_string_vec4
    %pushi/vec4 1853038696, 0, 32; draw_string_vec4
    %concat/vec4; draw_string_vec4
    %pushi/vec4 1634886775, 0, 32; draw_string_vec4
    %concat/vec4; draw_string_vec4
    %pushi/vec4 1769104740, 0, 32; draw_string_vec4
    %concat/vec4; draw_string_vec4
    %pushi/vec4 544501536, 0, 32; draw_string_vec4
    %concat/vec4; draw_string_vec4
    %pushi/vec4 2053468783, 0, 32; draw_string_vec4
    %concat/vec4; draw_string_vec4
    %store/vec4 v00000235a78158c0_0, 0, 256;
    %fork TD_rv32i_cpu_tb.check_register, S_00000235a782ee80;
    %join;
    %vpi_call 2 590 "$display", "\000" {0 0 0};
    %vpi_call 2 591 "$display", "=================================================" {0 0 0};
    %vpi_call 2 592 "$display", "              VERIFICATION SUMMARY" {0 0 0};
    %vpi_call 2 593 "$display", "=================================================" {0 0 0};
    %vpi_call 2 594 "$display", "\000" {0 0 0};
    %vpi_call 2 596 "$display", "Tests  : %0d", v00000235a78f52c0_0 {0 0 0};
    %vpi_call 2 597 "$display", "Errors : %0d", v00000235a78f68a0_0 {0 0 0};
    %vpi_call 2 599 "$display", "\000" {0 0 0};
    %load/vec4 v00000235a78f68a0_0;
    %cmpi/e 0, 0, 32;
    %jmp/0xz  T_18.2, 4;
    %vpi_call 2 603 "$display", "***********************************************" {0 0 0};
    %vpi_call 2 604 "$display", "*                                             *" {0 0 0};
    %vpi_call 2 605 "$display", "*       ALL CPU TESTS PASSED!                *" {0 0 0};
    %vpi_call 2 606 "$display", "*                                             *" {0 0 0};
    %vpi_call 2 607 "$display", "***********************************************" {0 0 0};
    %jmp T_18.3;
T_18.2 ;
    %vpi_call 2 612 "$display", "***********************************************" {0 0 0};
    %vpi_call 2 613 "$display", "*                                             *" {0 0 0};
    %vpi_call 2 614 "$display", "*       CPU VERIFICATION FAILED              *" {0 0 0};
    %vpi_call 2 615 "$display", "*                                             *" {0 0 0};
    %vpi_call 2 616 "$display", "***********************************************" {0 0 0};
T_18.3 ;
    %vpi_call 2 620 "$display", "\000" {0 0 0};
    %vpi_call 2 622 "$finish" {0 0 0};
    %end;
    .thread T_18;
# The file index is used to find the file name in the following table.
:file_names 17;
    "N/A";
    "<interactive>";
    "tb/core/rv32i_cpu_tb.v";
    "rtl/core/rv32i_cpu.v";
    "rtl/core/alu_control.v";
    "rtl/core/control_unit.v";
    "rtl/core/data_memory.v";
    "rtl/core/instruction_memory.v";
    "rtl/core/memory_interconnect.v";
    "rtl/core/program_counter.v";
    "rtl/core/rv32i_datapath.v";
    "rtl/core/alu.v";
    "rtl/core/branch_unit.v";
    "rtl/core/immediate_generator.v";
    "rtl/core/next_pc.v";
    "rtl/common/register_file.v";
    "rtl/core/write_back.v";
