#! /c/Source/iverilog-install/bin/vvp
:ivl_version "12.0 (devel)" "(s20150603-1110-g18392a46)";
:ivl_delay_selection "TYPICAL";
:vpi_time_precision - 12;
:vpi_module "C:\iverilog\lib\ivl\system.vpi";
:vpi_module "C:\iverilog\lib\ivl\vhdl_sys.vpi";
:vpi_module "C:\iverilog\lib\ivl\vhdl_textio.vpi";
:vpi_module "C:\iverilog\lib\ivl\v2005_math.vpi";
:vpi_module "C:\iverilog\lib\ivl\va_math.vpi";
S_000001251db03570 .scope module, "rv32i_cpu_tb" "rv32i_cpu_tb" 2 26;
 .timescale -9 -12;
v000001251db6d4c0_0 .var "clk", 0 0;
v000001251db6bc60_0 .var/i "errors", 31 0;
v000001251db6c480_0 .var "rst", 0 0;
v000001251db6c660_0 .var/i "tests", 31 0;
S_000001251dadfcf0 .scope task, "check_memory_byte" "check_memory_byte" 2 110, 2 110 0, S_000001251db03570;
 .timescale -9 -12;
v000001251da8dbc0_0 .var "actual", 7 0;
v000001251da8e840_0 .var/i "address", 31 0;
v000001251da8ec00_0 .var "expected", 7 0;
v000001251da8e200_0 .var "test_name", 255 0;
TD_rv32i_cpu_tb.check_memory_byte ;
    %ix/getv/s 4, v000001251da8e840_0;
    %load/vec4a v000001251daf22c0, 4;
    %store/vec4 v000001251da8dbc0_0, 0, 8;
    %load/vec4 v000001251db6c660_0;
    %addi 1, 0, 32;
    %store/vec4 v000001251db6c660_0, 0, 32;
    %load/vec4 v000001251da8dbc0_0;
    %load/vec4 v000001251da8ec00_0;
    %cmp/e;
    %jmp/0xz  T_0.0, 6;
    %vpi_call 2 127 "$display", "[PASS] %s", v000001251da8e200_0 {0 0 0};
    %jmp T_0.1;
T_0.0 ;
    %load/vec4 v000001251db6bc60_0;
    %addi 1, 0, 32;
    %store/vec4 v000001251db6bc60_0, 0, 32;
    %vpi_call 2 134 "$display", "[FAIL] %s", v000001251da8e200_0 {0 0 0};
    %vpi_call 2 135 "$display", "Address  = %0d", v000001251da8e840_0 {0 0 0};
    %vpi_call 2 136 "$display", "Expected = %02h", v000001251da8ec00_0 {0 0 0};
    %vpi_call 2 137 "$display", "Got      = %02h", v000001251da8dbc0_0 {0 0 0};
T_0.1 ;
    %end;
S_000001251dabcad0 .scope task, "check_register" "check_register" 2 69, 2 69 0, S_000001251db03570;
 .timescale -9 -12;
v000001251da8f560_0 .var "actual", 31 0;
v000001251da8f100_0 .var "expected", 31 0;
v000001251da8e020_0 .var/i "reg_num", 31 0;
v000001251da8eca0_0 .var "test_name", 255 0;
TD_rv32i_cpu_tb.check_register ;
    %ix/getv/s 4, v000001251da8e020_0;
    %load/vec4a v000001251db691e0, 4;
    %store/vec4 v000001251da8f560_0, 0, 32;
    %load/vec4 v000001251db6c660_0;
    %addi 1, 0, 32;
    %store/vec4 v000001251db6c660_0, 0, 32;
    %load/vec4 v000001251da8f560_0;
    %load/vec4 v000001251da8f100_0;
    %cmp/e;
    %jmp/0xz  T_1.2, 6;
    %vpi_call 2 88 "$display", "[PASS] %s", v000001251da8eca0_0 {0 0 0};
    %jmp T_1.3;
T_1.2 ;
    %load/vec4 v000001251db6bc60_0;
    %addi 1, 0, 32;
    %store/vec4 v000001251db6bc60_0, 0, 32;
    %vpi_call 2 95 "$display", "[FAIL] %s", v000001251da8eca0_0 {0 0 0};
    %vpi_call 2 96 "$display", "Register = x%0d", v000001251da8e020_0 {0 0 0};
    %vpi_call 2 97 "$display", "Expected = %08h", v000001251da8f100_0 {0 0 0};
    %vpi_call 2 98 "$display", "Got      = %08h", v000001251da8f560_0 {0 0 0};
T_1.3 ;
    %end;
S_000001251dabcc60 .scope module, "dut" "rv32i_cpu" 2 41, 3 28 0, S_000001251db03570;
 .timescale 0 0;
    .port_info 0 /INPUT 1 "clk";
    .port_info 1 /INPUT 1 "rst";
P_000001251da6fff0 .param/l "DATA_WIDTH" 0 3 29, +C4<00000000000000000000000000100000>;
P_000001251da70028 .param/str "INIT_FILE" 0 3 30, "programs/program.hex";
v000001251db6bd00_0 .net "ALUOp", 1 0, v000001251da8ef20_0;  1 drivers
v000001251db6bda0_0 .net "ALUSrc", 0 0, v000001251da8f1a0_0;  1 drivers
v000001251db6cb60_0 .net "Branch", 0 0, v000001251da8f380_0;  1 drivers
v000001251db6d100_0 .net "Jump", 0 0, v000001251da8dc60_0;  1 drivers
v000001251db6c8e0_0 .net "MemRead", 0 0, v000001251da0df20_0;  1 drivers
v000001251db6bee0_0 .net "MemToReg", 0 0, v000001251daf2ae0_0;  1 drivers
v000001251db6c020_0 .net "MemWrite", 0 0, v000001251daf2720_0;  1 drivers
v000001251db6be40_0 .net "RegWrite", 0 0, v000001251daf31c0_0;  1 drivers
v000001251db6d1a0_0 .net "alu_control", 3 0, v000001251da8d9e0_0;  1 drivers
v000001251db6c0c0_0 .net "alu_result", 31 0, v000001251daf3080_0;  1 drivers
v000001251db6c160_0 .net "branch_taken", 0 0, L_000001251da8bdb0;  1 drivers
v000001251db6d880_0 .net "clk", 0 0, v000001251db6d4c0_0;  1 drivers
v000001251db6c2a0_0 .net "funct3", 2 0, L_000001251db72f40;  1 drivers
v000001251db6cc00_0 .net "funct7", 6 0, L_000001251db72cc0;  1 drivers
v000001251db6d2e0_0 .net "instruction", 31 0, L_000001251da8bbf0;  1 drivers
v000001251db6d380_0 .net "mem_address", 31 0, L_000001251da8c750;  1 drivers
v000001251db6ce80_0 .net "mem_funct3", 2 0, L_000001251db73440;  1 drivers
v000001251db6c3e0_0 .net "mem_read", 0 0, L_000001251da8c360;  1 drivers
v000001251db6d9c0_0 .net "mem_read_data", 31 0, v000001251daf3260_0;  1 drivers
v000001251db6d6a0_0 .net "mem_write", 0 0, L_000001251da8c210;  1 drivers
v000001251db6c700_0 .net "mem_write_data", 31 0, L_000001251da8c280;  1 drivers
v000001251db6cf20_0 .net "opcode", 6 0, L_000001251db6c7a0;  1 drivers
v000001251db6bb20_0 .net "pc", 31 0, v000001251daf3300_0;  1 drivers
v000001251db6c980_0 .net "pc_next", 31 0, v000001251daf1960_0;  1 drivers
v000001251db6cfc0_0 .net "rd_data", 31 0, v000001251db6a9a0_0;  1 drivers
v000001251db6d060_0 .net "rst", 0 0, v000001251db6c480_0;  1 drivers
L_000001251db6c7a0 .part L_000001251da8bbf0, 0, 7;
L_000001251db72f40 .part L_000001251da8bbf0, 12, 3;
L_000001251db72cc0 .part L_000001251da8bbf0, 25, 7;
S_000001251db008b0 .scope module, "u_alu_control" "alu_control" 3 154, 4 31 0, S_000001251dabcc60;
 .timescale 0 0;
    .port_info 0 /INPUT 2 "ALUOp";
    .port_info 1 /INPUT 3 "funct3";
    .port_info 2 /INPUT 7 "funct7";
    .port_info 3 /OUTPUT 4 "alu_control";
v000001251da8f060_0 .net "ALUOp", 1 0, v000001251da8ef20_0;  alias, 1 drivers
v000001251da8d9e0_0 .var "alu_control", 3 0;
v000001251da8e2a0_0 .net "funct3", 2 0, L_000001251db72f40;  alias, 1 drivers
v000001251da8ed40_0 .net "funct7", 6 0, L_000001251db72cc0;  alias, 1 drivers
E_000001251daa4200 .event anyedge, v000001251da8f060_0, v000001251da8e2a0_0, v000001251da8ed40_0;
S_000001251db00a40 .scope module, "u_control_unit" "control_unit" 3 137, 5 27 0, S_000001251dabcc60;
 .timescale 0 0;
    .port_info 0 /INPUT 7 "opcode";
    .port_info 1 /OUTPUT 1 "RegWrite";
    .port_info 2 /OUTPUT 1 "MemRead";
    .port_info 3 /OUTPUT 1 "MemWrite";
    .port_info 4 /OUTPUT 1 "MemToReg";
    .port_info 5 /OUTPUT 1 "ALUSrc";
    .port_info 6 /OUTPUT 1 "Branch";
    .port_info 7 /OUTPUT 1 "Jump";
    .port_info 8 /OUTPUT 2 "ALUOp";
v000001251da8ef20_0 .var "ALUOp", 1 0;
v000001251da8f1a0_0 .var "ALUSrc", 0 0;
v000001251da8f380_0 .var "Branch", 0 0;
v000001251da8dc60_0 .var "Jump", 0 0;
v000001251da0df20_0 .var "MemRead", 0 0;
v000001251daf2ae0_0 .var "MemToReg", 0 0;
v000001251daf2720_0 .var "MemWrite", 0 0;
v000001251daf31c0_0 .var "RegWrite", 0 0;
v000001251daf2f40_0 .net "opcode", 6 0, L_000001251db6c7a0;  alias, 1 drivers
E_000001251daa4240 .event anyedge, v000001251daf2f40_0;
S_000001251d9fda40 .scope module, "u_data_memory" "data_memory" 3 210, 6 30 0, S_000001251dabcc60;
 .timescale 0 0;
    .port_info 0 /INPUT 1 "clk";
    .port_info 1 /INPUT 1 "rst";
    .port_info 2 /INPUT 1 "mem_read";
    .port_info 3 /INPUT 1 "mem_write";
    .port_info 4 /INPUT 3 "funct3";
    .port_info 5 /INPUT 32 "address";
    .port_info 6 /INPUT 32 "write_data";
    .port_info 7 /OUTPUT 32 "read_data";
P_000001251dafc460 .param/l "ADDR_WIDTH" 0 6 32, +C4<00000000000000000000000000001010>;
P_000001251dafc498 .param/l "DATA_WIDTH" 0 6 31, +C4<00000000000000000000000000100000>;
P_000001251dafc4d0 .param/l "MEMORY_SIZE" 1 6 79, +C4<000000000000000000000000000000010000000000>;
v000001251daf1c80_0 .net "address", 31 0, L_000001251da8c750;  alias, 1 drivers
v000001251daf2180_0 .net "clk", 0 0, v000001251db6d4c0_0;  alias, 1 drivers
v000001251daf1aa0_0 .net "funct3", 2 0, L_000001251db73440;  alias, 1 drivers
v000001251daf1d20_0 .var/i "i", 31 0;
v000001251daf29a0_0 .net "mem_read", 0 0, L_000001251da8c360;  alias, 1 drivers
v000001251daf2b80_0 .net "mem_write", 0 0, L_000001251da8c210;  alias, 1 drivers
v000001251daf22c0 .array "memory", 1023 0, 7 0;
v000001251daf3260_0 .var "read_data", 31 0;
v000001251daf2900_0 .net "rst", 0 0, v000001251db6c480_0;  alias, 1 drivers
v000001251daf2a40_0 .net "write_data", 31 0, L_000001251da8c280;  alias, 1 drivers
v000001251daf22c0_0 .array/port v000001251daf22c0, 0;
E_000001251daa4c00/0 .event anyedge, v000001251daf29a0_0, v000001251daf1aa0_0, v000001251daf1c80_0, v000001251daf22c0_0;
v000001251daf22c0_1 .array/port v000001251daf22c0, 1;
v000001251daf22c0_2 .array/port v000001251daf22c0, 2;
v000001251daf22c0_3 .array/port v000001251daf22c0, 3;
v000001251daf22c0_4 .array/port v000001251daf22c0, 4;
E_000001251daa4c00/1 .event anyedge, v000001251daf22c0_1, v000001251daf22c0_2, v000001251daf22c0_3, v000001251daf22c0_4;
v000001251daf22c0_5 .array/port v000001251daf22c0, 5;
v000001251daf22c0_6 .array/port v000001251daf22c0, 6;
v000001251daf22c0_7 .array/port v000001251daf22c0, 7;
v000001251daf22c0_8 .array/port v000001251daf22c0, 8;
E_000001251daa4c00/2 .event anyedge, v000001251daf22c0_5, v000001251daf22c0_6, v000001251daf22c0_7, v000001251daf22c0_8;
v000001251daf22c0_9 .array/port v000001251daf22c0, 9;
v000001251daf22c0_10 .array/port v000001251daf22c0, 10;
v000001251daf22c0_11 .array/port v000001251daf22c0, 11;
v000001251daf22c0_12 .array/port v000001251daf22c0, 12;
E_000001251daa4c00/3 .event anyedge, v000001251daf22c0_9, v000001251daf22c0_10, v000001251daf22c0_11, v000001251daf22c0_12;
v000001251daf22c0_13 .array/port v000001251daf22c0, 13;
v000001251daf22c0_14 .array/port v000001251daf22c0, 14;
v000001251daf22c0_15 .array/port v000001251daf22c0, 15;
v000001251daf22c0_16 .array/port v000001251daf22c0, 16;
E_000001251daa4c00/4 .event anyedge, v000001251daf22c0_13, v000001251daf22c0_14, v000001251daf22c0_15, v000001251daf22c0_16;
v000001251daf22c0_17 .array/port v000001251daf22c0, 17;
v000001251daf22c0_18 .array/port v000001251daf22c0, 18;
v000001251daf22c0_19 .array/port v000001251daf22c0, 19;
v000001251daf22c0_20 .array/port v000001251daf22c0, 20;
E_000001251daa4c00/5 .event anyedge, v000001251daf22c0_17, v000001251daf22c0_18, v000001251daf22c0_19, v000001251daf22c0_20;
v000001251daf22c0_21 .array/port v000001251daf22c0, 21;
v000001251daf22c0_22 .array/port v000001251daf22c0, 22;
v000001251daf22c0_23 .array/port v000001251daf22c0, 23;
v000001251daf22c0_24 .array/port v000001251daf22c0, 24;
E_000001251daa4c00/6 .event anyedge, v000001251daf22c0_21, v000001251daf22c0_22, v000001251daf22c0_23, v000001251daf22c0_24;
v000001251daf22c0_25 .array/port v000001251daf22c0, 25;
v000001251daf22c0_26 .array/port v000001251daf22c0, 26;
v000001251daf22c0_27 .array/port v000001251daf22c0, 27;
v000001251daf22c0_28 .array/port v000001251daf22c0, 28;
E_000001251daa4c00/7 .event anyedge, v000001251daf22c0_25, v000001251daf22c0_26, v000001251daf22c0_27, v000001251daf22c0_28;
v000001251daf22c0_29 .array/port v000001251daf22c0, 29;
v000001251daf22c0_30 .array/port v000001251daf22c0, 30;
v000001251daf22c0_31 .array/port v000001251daf22c0, 31;
v000001251daf22c0_32 .array/port v000001251daf22c0, 32;
E_000001251daa4c00/8 .event anyedge, v000001251daf22c0_29, v000001251daf22c0_30, v000001251daf22c0_31, v000001251daf22c0_32;
v000001251daf22c0_33 .array/port v000001251daf22c0, 33;
v000001251daf22c0_34 .array/port v000001251daf22c0, 34;
v000001251daf22c0_35 .array/port v000001251daf22c0, 35;
v000001251daf22c0_36 .array/port v000001251daf22c0, 36;
E_000001251daa4c00/9 .event anyedge, v000001251daf22c0_33, v000001251daf22c0_34, v000001251daf22c0_35, v000001251daf22c0_36;
v000001251daf22c0_37 .array/port v000001251daf22c0, 37;
v000001251daf22c0_38 .array/port v000001251daf22c0, 38;
v000001251daf22c0_39 .array/port v000001251daf22c0, 39;
v000001251daf22c0_40 .array/port v000001251daf22c0, 40;
E_000001251daa4c00/10 .event anyedge, v000001251daf22c0_37, v000001251daf22c0_38, v000001251daf22c0_39, v000001251daf22c0_40;
v000001251daf22c0_41 .array/port v000001251daf22c0, 41;
v000001251daf22c0_42 .array/port v000001251daf22c0, 42;
v000001251daf22c0_43 .array/port v000001251daf22c0, 43;
v000001251daf22c0_44 .array/port v000001251daf22c0, 44;
E_000001251daa4c00/11 .event anyedge, v000001251daf22c0_41, v000001251daf22c0_42, v000001251daf22c0_43, v000001251daf22c0_44;
v000001251daf22c0_45 .array/port v000001251daf22c0, 45;
v000001251daf22c0_46 .array/port v000001251daf22c0, 46;
v000001251daf22c0_47 .array/port v000001251daf22c0, 47;
v000001251daf22c0_48 .array/port v000001251daf22c0, 48;
E_000001251daa4c00/12 .event anyedge, v000001251daf22c0_45, v000001251daf22c0_46, v000001251daf22c0_47, v000001251daf22c0_48;
v000001251daf22c0_49 .array/port v000001251daf22c0, 49;
v000001251daf22c0_50 .array/port v000001251daf22c0, 50;
v000001251daf22c0_51 .array/port v000001251daf22c0, 51;
v000001251daf22c0_52 .array/port v000001251daf22c0, 52;
E_000001251daa4c00/13 .event anyedge, v000001251daf22c0_49, v000001251daf22c0_50, v000001251daf22c0_51, v000001251daf22c0_52;
v000001251daf22c0_53 .array/port v000001251daf22c0, 53;
v000001251daf22c0_54 .array/port v000001251daf22c0, 54;
v000001251daf22c0_55 .array/port v000001251daf22c0, 55;
v000001251daf22c0_56 .array/port v000001251daf22c0, 56;
E_000001251daa4c00/14 .event anyedge, v000001251daf22c0_53, v000001251daf22c0_54, v000001251daf22c0_55, v000001251daf22c0_56;
v000001251daf22c0_57 .array/port v000001251daf22c0, 57;
v000001251daf22c0_58 .array/port v000001251daf22c0, 58;
v000001251daf22c0_59 .array/port v000001251daf22c0, 59;
v000001251daf22c0_60 .array/port v000001251daf22c0, 60;
E_000001251daa4c00/15 .event anyedge, v000001251daf22c0_57, v000001251daf22c0_58, v000001251daf22c0_59, v000001251daf22c0_60;
v000001251daf22c0_61 .array/port v000001251daf22c0, 61;
v000001251daf22c0_62 .array/port v000001251daf22c0, 62;
v000001251daf22c0_63 .array/port v000001251daf22c0, 63;
v000001251daf22c0_64 .array/port v000001251daf22c0, 64;
E_000001251daa4c00/16 .event anyedge, v000001251daf22c0_61, v000001251daf22c0_62, v000001251daf22c0_63, v000001251daf22c0_64;
v000001251daf22c0_65 .array/port v000001251daf22c0, 65;
v000001251daf22c0_66 .array/port v000001251daf22c0, 66;
v000001251daf22c0_67 .array/port v000001251daf22c0, 67;
v000001251daf22c0_68 .array/port v000001251daf22c0, 68;
E_000001251daa4c00/17 .event anyedge, v000001251daf22c0_65, v000001251daf22c0_66, v000001251daf22c0_67, v000001251daf22c0_68;
v000001251daf22c0_69 .array/port v000001251daf22c0, 69;
v000001251daf22c0_70 .array/port v000001251daf22c0, 70;
v000001251daf22c0_71 .array/port v000001251daf22c0, 71;
v000001251daf22c0_72 .array/port v000001251daf22c0, 72;
E_000001251daa4c00/18 .event anyedge, v000001251daf22c0_69, v000001251daf22c0_70, v000001251daf22c0_71, v000001251daf22c0_72;
v000001251daf22c0_73 .array/port v000001251daf22c0, 73;
v000001251daf22c0_74 .array/port v000001251daf22c0, 74;
v000001251daf22c0_75 .array/port v000001251daf22c0, 75;
v000001251daf22c0_76 .array/port v000001251daf22c0, 76;
E_000001251daa4c00/19 .event anyedge, v000001251daf22c0_73, v000001251daf22c0_74, v000001251daf22c0_75, v000001251daf22c0_76;
v000001251daf22c0_77 .array/port v000001251daf22c0, 77;
v000001251daf22c0_78 .array/port v000001251daf22c0, 78;
v000001251daf22c0_79 .array/port v000001251daf22c0, 79;
v000001251daf22c0_80 .array/port v000001251daf22c0, 80;
E_000001251daa4c00/20 .event anyedge, v000001251daf22c0_77, v000001251daf22c0_78, v000001251daf22c0_79, v000001251daf22c0_80;
v000001251daf22c0_81 .array/port v000001251daf22c0, 81;
v000001251daf22c0_82 .array/port v000001251daf22c0, 82;
v000001251daf22c0_83 .array/port v000001251daf22c0, 83;
v000001251daf22c0_84 .array/port v000001251daf22c0, 84;
E_000001251daa4c00/21 .event anyedge, v000001251daf22c0_81, v000001251daf22c0_82, v000001251daf22c0_83, v000001251daf22c0_84;
v000001251daf22c0_85 .array/port v000001251daf22c0, 85;
v000001251daf22c0_86 .array/port v000001251daf22c0, 86;
v000001251daf22c0_87 .array/port v000001251daf22c0, 87;
v000001251daf22c0_88 .array/port v000001251daf22c0, 88;
E_000001251daa4c00/22 .event anyedge, v000001251daf22c0_85, v000001251daf22c0_86, v000001251daf22c0_87, v000001251daf22c0_88;
v000001251daf22c0_89 .array/port v000001251daf22c0, 89;
v000001251daf22c0_90 .array/port v000001251daf22c0, 90;
v000001251daf22c0_91 .array/port v000001251daf22c0, 91;
v000001251daf22c0_92 .array/port v000001251daf22c0, 92;
E_000001251daa4c00/23 .event anyedge, v000001251daf22c0_89, v000001251daf22c0_90, v000001251daf22c0_91, v000001251daf22c0_92;
v000001251daf22c0_93 .array/port v000001251daf22c0, 93;
v000001251daf22c0_94 .array/port v000001251daf22c0, 94;
v000001251daf22c0_95 .array/port v000001251daf22c0, 95;
v000001251daf22c0_96 .array/port v000001251daf22c0, 96;
E_000001251daa4c00/24 .event anyedge, v000001251daf22c0_93, v000001251daf22c0_94, v000001251daf22c0_95, v000001251daf22c0_96;
v000001251daf22c0_97 .array/port v000001251daf22c0, 97;
v000001251daf22c0_98 .array/port v000001251daf22c0, 98;
v000001251daf22c0_99 .array/port v000001251daf22c0, 99;
v000001251daf22c0_100 .array/port v000001251daf22c0, 100;
E_000001251daa4c00/25 .event anyedge, v000001251daf22c0_97, v000001251daf22c0_98, v000001251daf22c0_99, v000001251daf22c0_100;
v000001251daf22c0_101 .array/port v000001251daf22c0, 101;
v000001251daf22c0_102 .array/port v000001251daf22c0, 102;
v000001251daf22c0_103 .array/port v000001251daf22c0, 103;
v000001251daf22c0_104 .array/port v000001251daf22c0, 104;
E_000001251daa4c00/26 .event anyedge, v000001251daf22c0_101, v000001251daf22c0_102, v000001251daf22c0_103, v000001251daf22c0_104;
v000001251daf22c0_105 .array/port v000001251daf22c0, 105;
v000001251daf22c0_106 .array/port v000001251daf22c0, 106;
v000001251daf22c0_107 .array/port v000001251daf22c0, 107;
v000001251daf22c0_108 .array/port v000001251daf22c0, 108;
E_000001251daa4c00/27 .event anyedge, v000001251daf22c0_105, v000001251daf22c0_106, v000001251daf22c0_107, v000001251daf22c0_108;
v000001251daf22c0_109 .array/port v000001251daf22c0, 109;
v000001251daf22c0_110 .array/port v000001251daf22c0, 110;
v000001251daf22c0_111 .array/port v000001251daf22c0, 111;
v000001251daf22c0_112 .array/port v000001251daf22c0, 112;
E_000001251daa4c00/28 .event anyedge, v000001251daf22c0_109, v000001251daf22c0_110, v000001251daf22c0_111, v000001251daf22c0_112;
v000001251daf22c0_113 .array/port v000001251daf22c0, 113;
v000001251daf22c0_114 .array/port v000001251daf22c0, 114;
v000001251daf22c0_115 .array/port v000001251daf22c0, 115;
v000001251daf22c0_116 .array/port v000001251daf22c0, 116;
E_000001251daa4c00/29 .event anyedge, v000001251daf22c0_113, v000001251daf22c0_114, v000001251daf22c0_115, v000001251daf22c0_116;
v000001251daf22c0_117 .array/port v000001251daf22c0, 117;
v000001251daf22c0_118 .array/port v000001251daf22c0, 118;
v000001251daf22c0_119 .array/port v000001251daf22c0, 119;
v000001251daf22c0_120 .array/port v000001251daf22c0, 120;
E_000001251daa4c00/30 .event anyedge, v000001251daf22c0_117, v000001251daf22c0_118, v000001251daf22c0_119, v000001251daf22c0_120;
v000001251daf22c0_121 .array/port v000001251daf22c0, 121;
v000001251daf22c0_122 .array/port v000001251daf22c0, 122;
v000001251daf22c0_123 .array/port v000001251daf22c0, 123;
v000001251daf22c0_124 .array/port v000001251daf22c0, 124;
E_000001251daa4c00/31 .event anyedge, v000001251daf22c0_121, v000001251daf22c0_122, v000001251daf22c0_123, v000001251daf22c0_124;
v000001251daf22c0_125 .array/port v000001251daf22c0, 125;
v000001251daf22c0_126 .array/port v000001251daf22c0, 126;
v000001251daf22c0_127 .array/port v000001251daf22c0, 127;
v000001251daf22c0_128 .array/port v000001251daf22c0, 128;
E_000001251daa4c00/32 .event anyedge, v000001251daf22c0_125, v000001251daf22c0_126, v000001251daf22c0_127, v000001251daf22c0_128;
v000001251daf22c0_129 .array/port v000001251daf22c0, 129;
v000001251daf22c0_130 .array/port v000001251daf22c0, 130;
v000001251daf22c0_131 .array/port v000001251daf22c0, 131;
v000001251daf22c0_132 .array/port v000001251daf22c0, 132;
E_000001251daa4c00/33 .event anyedge, v000001251daf22c0_129, v000001251daf22c0_130, v000001251daf22c0_131, v000001251daf22c0_132;
v000001251daf22c0_133 .array/port v000001251daf22c0, 133;
v000001251daf22c0_134 .array/port v000001251daf22c0, 134;
v000001251daf22c0_135 .array/port v000001251daf22c0, 135;
v000001251daf22c0_136 .array/port v000001251daf22c0, 136;
E_000001251daa4c00/34 .event anyedge, v000001251daf22c0_133, v000001251daf22c0_134, v000001251daf22c0_135, v000001251daf22c0_136;
v000001251daf22c0_137 .array/port v000001251daf22c0, 137;
v000001251daf22c0_138 .array/port v000001251daf22c0, 138;
v000001251daf22c0_139 .array/port v000001251daf22c0, 139;
v000001251daf22c0_140 .array/port v000001251daf22c0, 140;
E_000001251daa4c00/35 .event anyedge, v000001251daf22c0_137, v000001251daf22c0_138, v000001251daf22c0_139, v000001251daf22c0_140;
v000001251daf22c0_141 .array/port v000001251daf22c0, 141;
v000001251daf22c0_142 .array/port v000001251daf22c0, 142;
v000001251daf22c0_143 .array/port v000001251daf22c0, 143;
v000001251daf22c0_144 .array/port v000001251daf22c0, 144;
E_000001251daa4c00/36 .event anyedge, v000001251daf22c0_141, v000001251daf22c0_142, v000001251daf22c0_143, v000001251daf22c0_144;
v000001251daf22c0_145 .array/port v000001251daf22c0, 145;
v000001251daf22c0_146 .array/port v000001251daf22c0, 146;
v000001251daf22c0_147 .array/port v000001251daf22c0, 147;
v000001251daf22c0_148 .array/port v000001251daf22c0, 148;
E_000001251daa4c00/37 .event anyedge, v000001251daf22c0_145, v000001251daf22c0_146, v000001251daf22c0_147, v000001251daf22c0_148;
v000001251daf22c0_149 .array/port v000001251daf22c0, 149;
v000001251daf22c0_150 .array/port v000001251daf22c0, 150;
v000001251daf22c0_151 .array/port v000001251daf22c0, 151;
v000001251daf22c0_152 .array/port v000001251daf22c0, 152;
E_000001251daa4c00/38 .event anyedge, v000001251daf22c0_149, v000001251daf22c0_150, v000001251daf22c0_151, v000001251daf22c0_152;
v000001251daf22c0_153 .array/port v000001251daf22c0, 153;
v000001251daf22c0_154 .array/port v000001251daf22c0, 154;
v000001251daf22c0_155 .array/port v000001251daf22c0, 155;
v000001251daf22c0_156 .array/port v000001251daf22c0, 156;
E_000001251daa4c00/39 .event anyedge, v000001251daf22c0_153, v000001251daf22c0_154, v000001251daf22c0_155, v000001251daf22c0_156;
v000001251daf22c0_157 .array/port v000001251daf22c0, 157;
v000001251daf22c0_158 .array/port v000001251daf22c0, 158;
v000001251daf22c0_159 .array/port v000001251daf22c0, 159;
v000001251daf22c0_160 .array/port v000001251daf22c0, 160;
E_000001251daa4c00/40 .event anyedge, v000001251daf22c0_157, v000001251daf22c0_158, v000001251daf22c0_159, v000001251daf22c0_160;
v000001251daf22c0_161 .array/port v000001251daf22c0, 161;
v000001251daf22c0_162 .array/port v000001251daf22c0, 162;
v000001251daf22c0_163 .array/port v000001251daf22c0, 163;
v000001251daf22c0_164 .array/port v000001251daf22c0, 164;
E_000001251daa4c00/41 .event anyedge, v000001251daf22c0_161, v000001251daf22c0_162, v000001251daf22c0_163, v000001251daf22c0_164;
v000001251daf22c0_165 .array/port v000001251daf22c0, 165;
v000001251daf22c0_166 .array/port v000001251daf22c0, 166;
v000001251daf22c0_167 .array/port v000001251daf22c0, 167;
v000001251daf22c0_168 .array/port v000001251daf22c0, 168;
E_000001251daa4c00/42 .event anyedge, v000001251daf22c0_165, v000001251daf22c0_166, v000001251daf22c0_167, v000001251daf22c0_168;
v000001251daf22c0_169 .array/port v000001251daf22c0, 169;
v000001251daf22c0_170 .array/port v000001251daf22c0, 170;
v000001251daf22c0_171 .array/port v000001251daf22c0, 171;
v000001251daf22c0_172 .array/port v000001251daf22c0, 172;
E_000001251daa4c00/43 .event anyedge, v000001251daf22c0_169, v000001251daf22c0_170, v000001251daf22c0_171, v000001251daf22c0_172;
v000001251daf22c0_173 .array/port v000001251daf22c0, 173;
v000001251daf22c0_174 .array/port v000001251daf22c0, 174;
v000001251daf22c0_175 .array/port v000001251daf22c0, 175;
v000001251daf22c0_176 .array/port v000001251daf22c0, 176;
E_000001251daa4c00/44 .event anyedge, v000001251daf22c0_173, v000001251daf22c0_174, v000001251daf22c0_175, v000001251daf22c0_176;
v000001251daf22c0_177 .array/port v000001251daf22c0, 177;
v000001251daf22c0_178 .array/port v000001251daf22c0, 178;
v000001251daf22c0_179 .array/port v000001251daf22c0, 179;
v000001251daf22c0_180 .array/port v000001251daf22c0, 180;
E_000001251daa4c00/45 .event anyedge, v000001251daf22c0_177, v000001251daf22c0_178, v000001251daf22c0_179, v000001251daf22c0_180;
v000001251daf22c0_181 .array/port v000001251daf22c0, 181;
v000001251daf22c0_182 .array/port v000001251daf22c0, 182;
v000001251daf22c0_183 .array/port v000001251daf22c0, 183;
v000001251daf22c0_184 .array/port v000001251daf22c0, 184;
E_000001251daa4c00/46 .event anyedge, v000001251daf22c0_181, v000001251daf22c0_182, v000001251daf22c0_183, v000001251daf22c0_184;
v000001251daf22c0_185 .array/port v000001251daf22c0, 185;
v000001251daf22c0_186 .array/port v000001251daf22c0, 186;
v000001251daf22c0_187 .array/port v000001251daf22c0, 187;
v000001251daf22c0_188 .array/port v000001251daf22c0, 188;
E_000001251daa4c00/47 .event anyedge, v000001251daf22c0_185, v000001251daf22c0_186, v000001251daf22c0_187, v000001251daf22c0_188;
v000001251daf22c0_189 .array/port v000001251daf22c0, 189;
v000001251daf22c0_190 .array/port v000001251daf22c0, 190;
v000001251daf22c0_191 .array/port v000001251daf22c0, 191;
v000001251daf22c0_192 .array/port v000001251daf22c0, 192;
E_000001251daa4c00/48 .event anyedge, v000001251daf22c0_189, v000001251daf22c0_190, v000001251daf22c0_191, v000001251daf22c0_192;
v000001251daf22c0_193 .array/port v000001251daf22c0, 193;
v000001251daf22c0_194 .array/port v000001251daf22c0, 194;
v000001251daf22c0_195 .array/port v000001251daf22c0, 195;
v000001251daf22c0_196 .array/port v000001251daf22c0, 196;
E_000001251daa4c00/49 .event anyedge, v000001251daf22c0_193, v000001251daf22c0_194, v000001251daf22c0_195, v000001251daf22c0_196;
v000001251daf22c0_197 .array/port v000001251daf22c0, 197;
v000001251daf22c0_198 .array/port v000001251daf22c0, 198;
v000001251daf22c0_199 .array/port v000001251daf22c0, 199;
v000001251daf22c0_200 .array/port v000001251daf22c0, 200;
E_000001251daa4c00/50 .event anyedge, v000001251daf22c0_197, v000001251daf22c0_198, v000001251daf22c0_199, v000001251daf22c0_200;
v000001251daf22c0_201 .array/port v000001251daf22c0, 201;
v000001251daf22c0_202 .array/port v000001251daf22c0, 202;
v000001251daf22c0_203 .array/port v000001251daf22c0, 203;
v000001251daf22c0_204 .array/port v000001251daf22c0, 204;
E_000001251daa4c00/51 .event anyedge, v000001251daf22c0_201, v000001251daf22c0_202, v000001251daf22c0_203, v000001251daf22c0_204;
v000001251daf22c0_205 .array/port v000001251daf22c0, 205;
v000001251daf22c0_206 .array/port v000001251daf22c0, 206;
v000001251daf22c0_207 .array/port v000001251daf22c0, 207;
v000001251daf22c0_208 .array/port v000001251daf22c0, 208;
E_000001251daa4c00/52 .event anyedge, v000001251daf22c0_205, v000001251daf22c0_206, v000001251daf22c0_207, v000001251daf22c0_208;
v000001251daf22c0_209 .array/port v000001251daf22c0, 209;
v000001251daf22c0_210 .array/port v000001251daf22c0, 210;
v000001251daf22c0_211 .array/port v000001251daf22c0, 211;
v000001251daf22c0_212 .array/port v000001251daf22c0, 212;
E_000001251daa4c00/53 .event anyedge, v000001251daf22c0_209, v000001251daf22c0_210, v000001251daf22c0_211, v000001251daf22c0_212;
v000001251daf22c0_213 .array/port v000001251daf22c0, 213;
v000001251daf22c0_214 .array/port v000001251daf22c0, 214;
v000001251daf22c0_215 .array/port v000001251daf22c0, 215;
v000001251daf22c0_216 .array/port v000001251daf22c0, 216;
E_000001251daa4c00/54 .event anyedge, v000001251daf22c0_213, v000001251daf22c0_214, v000001251daf22c0_215, v000001251daf22c0_216;
v000001251daf22c0_217 .array/port v000001251daf22c0, 217;
v000001251daf22c0_218 .array/port v000001251daf22c0, 218;
v000001251daf22c0_219 .array/port v000001251daf22c0, 219;
v000001251daf22c0_220 .array/port v000001251daf22c0, 220;
E_000001251daa4c00/55 .event anyedge, v000001251daf22c0_217, v000001251daf22c0_218, v000001251daf22c0_219, v000001251daf22c0_220;
v000001251daf22c0_221 .array/port v000001251daf22c0, 221;
v000001251daf22c0_222 .array/port v000001251daf22c0, 222;
v000001251daf22c0_223 .array/port v000001251daf22c0, 223;
v000001251daf22c0_224 .array/port v000001251daf22c0, 224;
E_000001251daa4c00/56 .event anyedge, v000001251daf22c0_221, v000001251daf22c0_222, v000001251daf22c0_223, v000001251daf22c0_224;
v000001251daf22c0_225 .array/port v000001251daf22c0, 225;
v000001251daf22c0_226 .array/port v000001251daf22c0, 226;
v000001251daf22c0_227 .array/port v000001251daf22c0, 227;
v000001251daf22c0_228 .array/port v000001251daf22c0, 228;
E_000001251daa4c00/57 .event anyedge, v000001251daf22c0_225, v000001251daf22c0_226, v000001251daf22c0_227, v000001251daf22c0_228;
v000001251daf22c0_229 .array/port v000001251daf22c0, 229;
v000001251daf22c0_230 .array/port v000001251daf22c0, 230;
v000001251daf22c0_231 .array/port v000001251daf22c0, 231;
v000001251daf22c0_232 .array/port v000001251daf22c0, 232;
E_000001251daa4c00/58 .event anyedge, v000001251daf22c0_229, v000001251daf22c0_230, v000001251daf22c0_231, v000001251daf22c0_232;
v000001251daf22c0_233 .array/port v000001251daf22c0, 233;
v000001251daf22c0_234 .array/port v000001251daf22c0, 234;
v000001251daf22c0_235 .array/port v000001251daf22c0, 235;
v000001251daf22c0_236 .array/port v000001251daf22c0, 236;
E_000001251daa4c00/59 .event anyedge, v000001251daf22c0_233, v000001251daf22c0_234, v000001251daf22c0_235, v000001251daf22c0_236;
v000001251daf22c0_237 .array/port v000001251daf22c0, 237;
v000001251daf22c0_238 .array/port v000001251daf22c0, 238;
v000001251daf22c0_239 .array/port v000001251daf22c0, 239;
v000001251daf22c0_240 .array/port v000001251daf22c0, 240;
E_000001251daa4c00/60 .event anyedge, v000001251daf22c0_237, v000001251daf22c0_238, v000001251daf22c0_239, v000001251daf22c0_240;
v000001251daf22c0_241 .array/port v000001251daf22c0, 241;
v000001251daf22c0_242 .array/port v000001251daf22c0, 242;
v000001251daf22c0_243 .array/port v000001251daf22c0, 243;
v000001251daf22c0_244 .array/port v000001251daf22c0, 244;
E_000001251daa4c00/61 .event anyedge, v000001251daf22c0_241, v000001251daf22c0_242, v000001251daf22c0_243, v000001251daf22c0_244;
v000001251daf22c0_245 .array/port v000001251daf22c0, 245;
v000001251daf22c0_246 .array/port v000001251daf22c0, 246;
v000001251daf22c0_247 .array/port v000001251daf22c0, 247;
v000001251daf22c0_248 .array/port v000001251daf22c0, 248;
E_000001251daa4c00/62 .event anyedge, v000001251daf22c0_245, v000001251daf22c0_246, v000001251daf22c0_247, v000001251daf22c0_248;
v000001251daf22c0_249 .array/port v000001251daf22c0, 249;
v000001251daf22c0_250 .array/port v000001251daf22c0, 250;
v000001251daf22c0_251 .array/port v000001251daf22c0, 251;
v000001251daf22c0_252 .array/port v000001251daf22c0, 252;
E_000001251daa4c00/63 .event anyedge, v000001251daf22c0_249, v000001251daf22c0_250, v000001251daf22c0_251, v000001251daf22c0_252;
v000001251daf22c0_253 .array/port v000001251daf22c0, 253;
v000001251daf22c0_254 .array/port v000001251daf22c0, 254;
v000001251daf22c0_255 .array/port v000001251daf22c0, 255;
v000001251daf22c0_256 .array/port v000001251daf22c0, 256;
E_000001251daa4c00/64 .event anyedge, v000001251daf22c0_253, v000001251daf22c0_254, v000001251daf22c0_255, v000001251daf22c0_256;
v000001251daf22c0_257 .array/port v000001251daf22c0, 257;
v000001251daf22c0_258 .array/port v000001251daf22c0, 258;
v000001251daf22c0_259 .array/port v000001251daf22c0, 259;
v000001251daf22c0_260 .array/port v000001251daf22c0, 260;
E_000001251daa4c00/65 .event anyedge, v000001251daf22c0_257, v000001251daf22c0_258, v000001251daf22c0_259, v000001251daf22c0_260;
v000001251daf22c0_261 .array/port v000001251daf22c0, 261;
v000001251daf22c0_262 .array/port v000001251daf22c0, 262;
v000001251daf22c0_263 .array/port v000001251daf22c0, 263;
v000001251daf22c0_264 .array/port v000001251daf22c0, 264;
E_000001251daa4c00/66 .event anyedge, v000001251daf22c0_261, v000001251daf22c0_262, v000001251daf22c0_263, v000001251daf22c0_264;
v000001251daf22c0_265 .array/port v000001251daf22c0, 265;
v000001251daf22c0_266 .array/port v000001251daf22c0, 266;
v000001251daf22c0_267 .array/port v000001251daf22c0, 267;
v000001251daf22c0_268 .array/port v000001251daf22c0, 268;
E_000001251daa4c00/67 .event anyedge, v000001251daf22c0_265, v000001251daf22c0_266, v000001251daf22c0_267, v000001251daf22c0_268;
v000001251daf22c0_269 .array/port v000001251daf22c0, 269;
v000001251daf22c0_270 .array/port v000001251daf22c0, 270;
v000001251daf22c0_271 .array/port v000001251daf22c0, 271;
v000001251daf22c0_272 .array/port v000001251daf22c0, 272;
E_000001251daa4c00/68 .event anyedge, v000001251daf22c0_269, v000001251daf22c0_270, v000001251daf22c0_271, v000001251daf22c0_272;
v000001251daf22c0_273 .array/port v000001251daf22c0, 273;
v000001251daf22c0_274 .array/port v000001251daf22c0, 274;
v000001251daf22c0_275 .array/port v000001251daf22c0, 275;
v000001251daf22c0_276 .array/port v000001251daf22c0, 276;
E_000001251daa4c00/69 .event anyedge, v000001251daf22c0_273, v000001251daf22c0_274, v000001251daf22c0_275, v000001251daf22c0_276;
v000001251daf22c0_277 .array/port v000001251daf22c0, 277;
v000001251daf22c0_278 .array/port v000001251daf22c0, 278;
v000001251daf22c0_279 .array/port v000001251daf22c0, 279;
v000001251daf22c0_280 .array/port v000001251daf22c0, 280;
E_000001251daa4c00/70 .event anyedge, v000001251daf22c0_277, v000001251daf22c0_278, v000001251daf22c0_279, v000001251daf22c0_280;
v000001251daf22c0_281 .array/port v000001251daf22c0, 281;
v000001251daf22c0_282 .array/port v000001251daf22c0, 282;
v000001251daf22c0_283 .array/port v000001251daf22c0, 283;
v000001251daf22c0_284 .array/port v000001251daf22c0, 284;
E_000001251daa4c00/71 .event anyedge, v000001251daf22c0_281, v000001251daf22c0_282, v000001251daf22c0_283, v000001251daf22c0_284;
v000001251daf22c0_285 .array/port v000001251daf22c0, 285;
v000001251daf22c0_286 .array/port v000001251daf22c0, 286;
v000001251daf22c0_287 .array/port v000001251daf22c0, 287;
v000001251daf22c0_288 .array/port v000001251daf22c0, 288;
E_000001251daa4c00/72 .event anyedge, v000001251daf22c0_285, v000001251daf22c0_286, v000001251daf22c0_287, v000001251daf22c0_288;
v000001251daf22c0_289 .array/port v000001251daf22c0, 289;
v000001251daf22c0_290 .array/port v000001251daf22c0, 290;
v000001251daf22c0_291 .array/port v000001251daf22c0, 291;
v000001251daf22c0_292 .array/port v000001251daf22c0, 292;
E_000001251daa4c00/73 .event anyedge, v000001251daf22c0_289, v000001251daf22c0_290, v000001251daf22c0_291, v000001251daf22c0_292;
v000001251daf22c0_293 .array/port v000001251daf22c0, 293;
v000001251daf22c0_294 .array/port v000001251daf22c0, 294;
v000001251daf22c0_295 .array/port v000001251daf22c0, 295;
v000001251daf22c0_296 .array/port v000001251daf22c0, 296;
E_000001251daa4c00/74 .event anyedge, v000001251daf22c0_293, v000001251daf22c0_294, v000001251daf22c0_295, v000001251daf22c0_296;
v000001251daf22c0_297 .array/port v000001251daf22c0, 297;
v000001251daf22c0_298 .array/port v000001251daf22c0, 298;
v000001251daf22c0_299 .array/port v000001251daf22c0, 299;
v000001251daf22c0_300 .array/port v000001251daf22c0, 300;
E_000001251daa4c00/75 .event anyedge, v000001251daf22c0_297, v000001251daf22c0_298, v000001251daf22c0_299, v000001251daf22c0_300;
v000001251daf22c0_301 .array/port v000001251daf22c0, 301;
v000001251daf22c0_302 .array/port v000001251daf22c0, 302;
v000001251daf22c0_303 .array/port v000001251daf22c0, 303;
v000001251daf22c0_304 .array/port v000001251daf22c0, 304;
E_000001251daa4c00/76 .event anyedge, v000001251daf22c0_301, v000001251daf22c0_302, v000001251daf22c0_303, v000001251daf22c0_304;
v000001251daf22c0_305 .array/port v000001251daf22c0, 305;
v000001251daf22c0_306 .array/port v000001251daf22c0, 306;
v000001251daf22c0_307 .array/port v000001251daf22c0, 307;
v000001251daf22c0_308 .array/port v000001251daf22c0, 308;
E_000001251daa4c00/77 .event anyedge, v000001251daf22c0_305, v000001251daf22c0_306, v000001251daf22c0_307, v000001251daf22c0_308;
v000001251daf22c0_309 .array/port v000001251daf22c0, 309;
v000001251daf22c0_310 .array/port v000001251daf22c0, 310;
v000001251daf22c0_311 .array/port v000001251daf22c0, 311;
v000001251daf22c0_312 .array/port v000001251daf22c0, 312;
E_000001251daa4c00/78 .event anyedge, v000001251daf22c0_309, v000001251daf22c0_310, v000001251daf22c0_311, v000001251daf22c0_312;
v000001251daf22c0_313 .array/port v000001251daf22c0, 313;
v000001251daf22c0_314 .array/port v000001251daf22c0, 314;
v000001251daf22c0_315 .array/port v000001251daf22c0, 315;
v000001251daf22c0_316 .array/port v000001251daf22c0, 316;
E_000001251daa4c00/79 .event anyedge, v000001251daf22c0_313, v000001251daf22c0_314, v000001251daf22c0_315, v000001251daf22c0_316;
v000001251daf22c0_317 .array/port v000001251daf22c0, 317;
v000001251daf22c0_318 .array/port v000001251daf22c0, 318;
v000001251daf22c0_319 .array/port v000001251daf22c0, 319;
v000001251daf22c0_320 .array/port v000001251daf22c0, 320;
E_000001251daa4c00/80 .event anyedge, v000001251daf22c0_317, v000001251daf22c0_318, v000001251daf22c0_319, v000001251daf22c0_320;
v000001251daf22c0_321 .array/port v000001251daf22c0, 321;
v000001251daf22c0_322 .array/port v000001251daf22c0, 322;
v000001251daf22c0_323 .array/port v000001251daf22c0, 323;
v000001251daf22c0_324 .array/port v000001251daf22c0, 324;
E_000001251daa4c00/81 .event anyedge, v000001251daf22c0_321, v000001251daf22c0_322, v000001251daf22c0_323, v000001251daf22c0_324;
v000001251daf22c0_325 .array/port v000001251daf22c0, 325;
v000001251daf22c0_326 .array/port v000001251daf22c0, 326;
v000001251daf22c0_327 .array/port v000001251daf22c0, 327;
v000001251daf22c0_328 .array/port v000001251daf22c0, 328;
E_000001251daa4c00/82 .event anyedge, v000001251daf22c0_325, v000001251daf22c0_326, v000001251daf22c0_327, v000001251daf22c0_328;
v000001251daf22c0_329 .array/port v000001251daf22c0, 329;
v000001251daf22c0_330 .array/port v000001251daf22c0, 330;
v000001251daf22c0_331 .array/port v000001251daf22c0, 331;
v000001251daf22c0_332 .array/port v000001251daf22c0, 332;
E_000001251daa4c00/83 .event anyedge, v000001251daf22c0_329, v000001251daf22c0_330, v000001251daf22c0_331, v000001251daf22c0_332;
v000001251daf22c0_333 .array/port v000001251daf22c0, 333;
v000001251daf22c0_334 .array/port v000001251daf22c0, 334;
v000001251daf22c0_335 .array/port v000001251daf22c0, 335;
v000001251daf22c0_336 .array/port v000001251daf22c0, 336;
E_000001251daa4c00/84 .event anyedge, v000001251daf22c0_333, v000001251daf22c0_334, v000001251daf22c0_335, v000001251daf22c0_336;
v000001251daf22c0_337 .array/port v000001251daf22c0, 337;
v000001251daf22c0_338 .array/port v000001251daf22c0, 338;
v000001251daf22c0_339 .array/port v000001251daf22c0, 339;
v000001251daf22c0_340 .array/port v000001251daf22c0, 340;
E_000001251daa4c00/85 .event anyedge, v000001251daf22c0_337, v000001251daf22c0_338, v000001251daf22c0_339, v000001251daf22c0_340;
v000001251daf22c0_341 .array/port v000001251daf22c0, 341;
v000001251daf22c0_342 .array/port v000001251daf22c0, 342;
v000001251daf22c0_343 .array/port v000001251daf22c0, 343;
v000001251daf22c0_344 .array/port v000001251daf22c0, 344;
E_000001251daa4c00/86 .event anyedge, v000001251daf22c0_341, v000001251daf22c0_342, v000001251daf22c0_343, v000001251daf22c0_344;
v000001251daf22c0_345 .array/port v000001251daf22c0, 345;
v000001251daf22c0_346 .array/port v000001251daf22c0, 346;
v000001251daf22c0_347 .array/port v000001251daf22c0, 347;
v000001251daf22c0_348 .array/port v000001251daf22c0, 348;
E_000001251daa4c00/87 .event anyedge, v000001251daf22c0_345, v000001251daf22c0_346, v000001251daf22c0_347, v000001251daf22c0_348;
v000001251daf22c0_349 .array/port v000001251daf22c0, 349;
v000001251daf22c0_350 .array/port v000001251daf22c0, 350;
v000001251daf22c0_351 .array/port v000001251daf22c0, 351;
v000001251daf22c0_352 .array/port v000001251daf22c0, 352;
E_000001251daa4c00/88 .event anyedge, v000001251daf22c0_349, v000001251daf22c0_350, v000001251daf22c0_351, v000001251daf22c0_352;
v000001251daf22c0_353 .array/port v000001251daf22c0, 353;
v000001251daf22c0_354 .array/port v000001251daf22c0, 354;
v000001251daf22c0_355 .array/port v000001251daf22c0, 355;
v000001251daf22c0_356 .array/port v000001251daf22c0, 356;
E_000001251daa4c00/89 .event anyedge, v000001251daf22c0_353, v000001251daf22c0_354, v000001251daf22c0_355, v000001251daf22c0_356;
v000001251daf22c0_357 .array/port v000001251daf22c0, 357;
v000001251daf22c0_358 .array/port v000001251daf22c0, 358;
v000001251daf22c0_359 .array/port v000001251daf22c0, 359;
v000001251daf22c0_360 .array/port v000001251daf22c0, 360;
E_000001251daa4c00/90 .event anyedge, v000001251daf22c0_357, v000001251daf22c0_358, v000001251daf22c0_359, v000001251daf22c0_360;
v000001251daf22c0_361 .array/port v000001251daf22c0, 361;
v000001251daf22c0_362 .array/port v000001251daf22c0, 362;
v000001251daf22c0_363 .array/port v000001251daf22c0, 363;
v000001251daf22c0_364 .array/port v000001251daf22c0, 364;
E_000001251daa4c00/91 .event anyedge, v000001251daf22c0_361, v000001251daf22c0_362, v000001251daf22c0_363, v000001251daf22c0_364;
v000001251daf22c0_365 .array/port v000001251daf22c0, 365;
v000001251daf22c0_366 .array/port v000001251daf22c0, 366;
v000001251daf22c0_367 .array/port v000001251daf22c0, 367;
v000001251daf22c0_368 .array/port v000001251daf22c0, 368;
E_000001251daa4c00/92 .event anyedge, v000001251daf22c0_365, v000001251daf22c0_366, v000001251daf22c0_367, v000001251daf22c0_368;
v000001251daf22c0_369 .array/port v000001251daf22c0, 369;
v000001251daf22c0_370 .array/port v000001251daf22c0, 370;
v000001251daf22c0_371 .array/port v000001251daf22c0, 371;
v000001251daf22c0_372 .array/port v000001251daf22c0, 372;
E_000001251daa4c00/93 .event anyedge, v000001251daf22c0_369, v000001251daf22c0_370, v000001251daf22c0_371, v000001251daf22c0_372;
v000001251daf22c0_373 .array/port v000001251daf22c0, 373;
v000001251daf22c0_374 .array/port v000001251daf22c0, 374;
v000001251daf22c0_375 .array/port v000001251daf22c0, 375;
v000001251daf22c0_376 .array/port v000001251daf22c0, 376;
E_000001251daa4c00/94 .event anyedge, v000001251daf22c0_373, v000001251daf22c0_374, v000001251daf22c0_375, v000001251daf22c0_376;
v000001251daf22c0_377 .array/port v000001251daf22c0, 377;
v000001251daf22c0_378 .array/port v000001251daf22c0, 378;
v000001251daf22c0_379 .array/port v000001251daf22c0, 379;
v000001251daf22c0_380 .array/port v000001251daf22c0, 380;
E_000001251daa4c00/95 .event anyedge, v000001251daf22c0_377, v000001251daf22c0_378, v000001251daf22c0_379, v000001251daf22c0_380;
v000001251daf22c0_381 .array/port v000001251daf22c0, 381;
v000001251daf22c0_382 .array/port v000001251daf22c0, 382;
v000001251daf22c0_383 .array/port v000001251daf22c0, 383;
v000001251daf22c0_384 .array/port v000001251daf22c0, 384;
E_000001251daa4c00/96 .event anyedge, v000001251daf22c0_381, v000001251daf22c0_382, v000001251daf22c0_383, v000001251daf22c0_384;
v000001251daf22c0_385 .array/port v000001251daf22c0, 385;
v000001251daf22c0_386 .array/port v000001251daf22c0, 386;
v000001251daf22c0_387 .array/port v000001251daf22c0, 387;
v000001251daf22c0_388 .array/port v000001251daf22c0, 388;
E_000001251daa4c00/97 .event anyedge, v000001251daf22c0_385, v000001251daf22c0_386, v000001251daf22c0_387, v000001251daf22c0_388;
v000001251daf22c0_389 .array/port v000001251daf22c0, 389;
v000001251daf22c0_390 .array/port v000001251daf22c0, 390;
v000001251daf22c0_391 .array/port v000001251daf22c0, 391;
v000001251daf22c0_392 .array/port v000001251daf22c0, 392;
E_000001251daa4c00/98 .event anyedge, v000001251daf22c0_389, v000001251daf22c0_390, v000001251daf22c0_391, v000001251daf22c0_392;
v000001251daf22c0_393 .array/port v000001251daf22c0, 393;
v000001251daf22c0_394 .array/port v000001251daf22c0, 394;
v000001251daf22c0_395 .array/port v000001251daf22c0, 395;
v000001251daf22c0_396 .array/port v000001251daf22c0, 396;
E_000001251daa4c00/99 .event anyedge, v000001251daf22c0_393, v000001251daf22c0_394, v000001251daf22c0_395, v000001251daf22c0_396;
v000001251daf22c0_397 .array/port v000001251daf22c0, 397;
v000001251daf22c0_398 .array/port v000001251daf22c0, 398;
v000001251daf22c0_399 .array/port v000001251daf22c0, 399;
v000001251daf22c0_400 .array/port v000001251daf22c0, 400;
E_000001251daa4c00/100 .event anyedge, v000001251daf22c0_397, v000001251daf22c0_398, v000001251daf22c0_399, v000001251daf22c0_400;
v000001251daf22c0_401 .array/port v000001251daf22c0, 401;
v000001251daf22c0_402 .array/port v000001251daf22c0, 402;
v000001251daf22c0_403 .array/port v000001251daf22c0, 403;
v000001251daf22c0_404 .array/port v000001251daf22c0, 404;
E_000001251daa4c00/101 .event anyedge, v000001251daf22c0_401, v000001251daf22c0_402, v000001251daf22c0_403, v000001251daf22c0_404;
v000001251daf22c0_405 .array/port v000001251daf22c0, 405;
v000001251daf22c0_406 .array/port v000001251daf22c0, 406;
v000001251daf22c0_407 .array/port v000001251daf22c0, 407;
v000001251daf22c0_408 .array/port v000001251daf22c0, 408;
E_000001251daa4c00/102 .event anyedge, v000001251daf22c0_405, v000001251daf22c0_406, v000001251daf22c0_407, v000001251daf22c0_408;
v000001251daf22c0_409 .array/port v000001251daf22c0, 409;
v000001251daf22c0_410 .array/port v000001251daf22c0, 410;
v000001251daf22c0_411 .array/port v000001251daf22c0, 411;
v000001251daf22c0_412 .array/port v000001251daf22c0, 412;
E_000001251daa4c00/103 .event anyedge, v000001251daf22c0_409, v000001251daf22c0_410, v000001251daf22c0_411, v000001251daf22c0_412;
v000001251daf22c0_413 .array/port v000001251daf22c0, 413;
v000001251daf22c0_414 .array/port v000001251daf22c0, 414;
v000001251daf22c0_415 .array/port v000001251daf22c0, 415;
v000001251daf22c0_416 .array/port v000001251daf22c0, 416;
E_000001251daa4c00/104 .event anyedge, v000001251daf22c0_413, v000001251daf22c0_414, v000001251daf22c0_415, v000001251daf22c0_416;
v000001251daf22c0_417 .array/port v000001251daf22c0, 417;
v000001251daf22c0_418 .array/port v000001251daf22c0, 418;
v000001251daf22c0_419 .array/port v000001251daf22c0, 419;
v000001251daf22c0_420 .array/port v000001251daf22c0, 420;
E_000001251daa4c00/105 .event anyedge, v000001251daf22c0_417, v000001251daf22c0_418, v000001251daf22c0_419, v000001251daf22c0_420;
v000001251daf22c0_421 .array/port v000001251daf22c0, 421;
v000001251daf22c0_422 .array/port v000001251daf22c0, 422;
v000001251daf22c0_423 .array/port v000001251daf22c0, 423;
v000001251daf22c0_424 .array/port v000001251daf22c0, 424;
E_000001251daa4c00/106 .event anyedge, v000001251daf22c0_421, v000001251daf22c0_422, v000001251daf22c0_423, v000001251daf22c0_424;
v000001251daf22c0_425 .array/port v000001251daf22c0, 425;
v000001251daf22c0_426 .array/port v000001251daf22c0, 426;
v000001251daf22c0_427 .array/port v000001251daf22c0, 427;
v000001251daf22c0_428 .array/port v000001251daf22c0, 428;
E_000001251daa4c00/107 .event anyedge, v000001251daf22c0_425, v000001251daf22c0_426, v000001251daf22c0_427, v000001251daf22c0_428;
v000001251daf22c0_429 .array/port v000001251daf22c0, 429;
v000001251daf22c0_430 .array/port v000001251daf22c0, 430;
v000001251daf22c0_431 .array/port v000001251daf22c0, 431;
v000001251daf22c0_432 .array/port v000001251daf22c0, 432;
E_000001251daa4c00/108 .event anyedge, v000001251daf22c0_429, v000001251daf22c0_430, v000001251daf22c0_431, v000001251daf22c0_432;
v000001251daf22c0_433 .array/port v000001251daf22c0, 433;
v000001251daf22c0_434 .array/port v000001251daf22c0, 434;
v000001251daf22c0_435 .array/port v000001251daf22c0, 435;
v000001251daf22c0_436 .array/port v000001251daf22c0, 436;
E_000001251daa4c00/109 .event anyedge, v000001251daf22c0_433, v000001251daf22c0_434, v000001251daf22c0_435, v000001251daf22c0_436;
v000001251daf22c0_437 .array/port v000001251daf22c0, 437;
v000001251daf22c0_438 .array/port v000001251daf22c0, 438;
v000001251daf22c0_439 .array/port v000001251daf22c0, 439;
v000001251daf22c0_440 .array/port v000001251daf22c0, 440;
E_000001251daa4c00/110 .event anyedge, v000001251daf22c0_437, v000001251daf22c0_438, v000001251daf22c0_439, v000001251daf22c0_440;
v000001251daf22c0_441 .array/port v000001251daf22c0, 441;
v000001251daf22c0_442 .array/port v000001251daf22c0, 442;
v000001251daf22c0_443 .array/port v000001251daf22c0, 443;
v000001251daf22c0_444 .array/port v000001251daf22c0, 444;
E_000001251daa4c00/111 .event anyedge, v000001251daf22c0_441, v000001251daf22c0_442, v000001251daf22c0_443, v000001251daf22c0_444;
v000001251daf22c0_445 .array/port v000001251daf22c0, 445;
v000001251daf22c0_446 .array/port v000001251daf22c0, 446;
v000001251daf22c0_447 .array/port v000001251daf22c0, 447;
v000001251daf22c0_448 .array/port v000001251daf22c0, 448;
E_000001251daa4c00/112 .event anyedge, v000001251daf22c0_445, v000001251daf22c0_446, v000001251daf22c0_447, v000001251daf22c0_448;
v000001251daf22c0_449 .array/port v000001251daf22c0, 449;
v000001251daf22c0_450 .array/port v000001251daf22c0, 450;
v000001251daf22c0_451 .array/port v000001251daf22c0, 451;
v000001251daf22c0_452 .array/port v000001251daf22c0, 452;
E_000001251daa4c00/113 .event anyedge, v000001251daf22c0_449, v000001251daf22c0_450, v000001251daf22c0_451, v000001251daf22c0_452;
v000001251daf22c0_453 .array/port v000001251daf22c0, 453;
v000001251daf22c0_454 .array/port v000001251daf22c0, 454;
v000001251daf22c0_455 .array/port v000001251daf22c0, 455;
v000001251daf22c0_456 .array/port v000001251daf22c0, 456;
E_000001251daa4c00/114 .event anyedge, v000001251daf22c0_453, v000001251daf22c0_454, v000001251daf22c0_455, v000001251daf22c0_456;
v000001251daf22c0_457 .array/port v000001251daf22c0, 457;
v000001251daf22c0_458 .array/port v000001251daf22c0, 458;
v000001251daf22c0_459 .array/port v000001251daf22c0, 459;
v000001251daf22c0_460 .array/port v000001251daf22c0, 460;
E_000001251daa4c00/115 .event anyedge, v000001251daf22c0_457, v000001251daf22c0_458, v000001251daf22c0_459, v000001251daf22c0_460;
v000001251daf22c0_461 .array/port v000001251daf22c0, 461;
v000001251daf22c0_462 .array/port v000001251daf22c0, 462;
v000001251daf22c0_463 .array/port v000001251daf22c0, 463;
v000001251daf22c0_464 .array/port v000001251daf22c0, 464;
E_000001251daa4c00/116 .event anyedge, v000001251daf22c0_461, v000001251daf22c0_462, v000001251daf22c0_463, v000001251daf22c0_464;
v000001251daf22c0_465 .array/port v000001251daf22c0, 465;
v000001251daf22c0_466 .array/port v000001251daf22c0, 466;
v000001251daf22c0_467 .array/port v000001251daf22c0, 467;
v000001251daf22c0_468 .array/port v000001251daf22c0, 468;
E_000001251daa4c00/117 .event anyedge, v000001251daf22c0_465, v000001251daf22c0_466, v000001251daf22c0_467, v000001251daf22c0_468;
v000001251daf22c0_469 .array/port v000001251daf22c0, 469;
v000001251daf22c0_470 .array/port v000001251daf22c0, 470;
v000001251daf22c0_471 .array/port v000001251daf22c0, 471;
v000001251daf22c0_472 .array/port v000001251daf22c0, 472;
E_000001251daa4c00/118 .event anyedge, v000001251daf22c0_469, v000001251daf22c0_470, v000001251daf22c0_471, v000001251daf22c0_472;
v000001251daf22c0_473 .array/port v000001251daf22c0, 473;
v000001251daf22c0_474 .array/port v000001251daf22c0, 474;
v000001251daf22c0_475 .array/port v000001251daf22c0, 475;
v000001251daf22c0_476 .array/port v000001251daf22c0, 476;
E_000001251daa4c00/119 .event anyedge, v000001251daf22c0_473, v000001251daf22c0_474, v000001251daf22c0_475, v000001251daf22c0_476;
v000001251daf22c0_477 .array/port v000001251daf22c0, 477;
v000001251daf22c0_478 .array/port v000001251daf22c0, 478;
v000001251daf22c0_479 .array/port v000001251daf22c0, 479;
v000001251daf22c0_480 .array/port v000001251daf22c0, 480;
E_000001251daa4c00/120 .event anyedge, v000001251daf22c0_477, v000001251daf22c0_478, v000001251daf22c0_479, v000001251daf22c0_480;
v000001251daf22c0_481 .array/port v000001251daf22c0, 481;
v000001251daf22c0_482 .array/port v000001251daf22c0, 482;
v000001251daf22c0_483 .array/port v000001251daf22c0, 483;
v000001251daf22c0_484 .array/port v000001251daf22c0, 484;
E_000001251daa4c00/121 .event anyedge, v000001251daf22c0_481, v000001251daf22c0_482, v000001251daf22c0_483, v000001251daf22c0_484;
v000001251daf22c0_485 .array/port v000001251daf22c0, 485;
v000001251daf22c0_486 .array/port v000001251daf22c0, 486;
v000001251daf22c0_487 .array/port v000001251daf22c0, 487;
v000001251daf22c0_488 .array/port v000001251daf22c0, 488;
E_000001251daa4c00/122 .event anyedge, v000001251daf22c0_485, v000001251daf22c0_486, v000001251daf22c0_487, v000001251daf22c0_488;
v000001251daf22c0_489 .array/port v000001251daf22c0, 489;
v000001251daf22c0_490 .array/port v000001251daf22c0, 490;
v000001251daf22c0_491 .array/port v000001251daf22c0, 491;
v000001251daf22c0_492 .array/port v000001251daf22c0, 492;
E_000001251daa4c00/123 .event anyedge, v000001251daf22c0_489, v000001251daf22c0_490, v000001251daf22c0_491, v000001251daf22c0_492;
v000001251daf22c0_493 .array/port v000001251daf22c0, 493;
v000001251daf22c0_494 .array/port v000001251daf22c0, 494;
v000001251daf22c0_495 .array/port v000001251daf22c0, 495;
v000001251daf22c0_496 .array/port v000001251daf22c0, 496;
E_000001251daa4c00/124 .event anyedge, v000001251daf22c0_493, v000001251daf22c0_494, v000001251daf22c0_495, v000001251daf22c0_496;
v000001251daf22c0_497 .array/port v000001251daf22c0, 497;
v000001251daf22c0_498 .array/port v000001251daf22c0, 498;
v000001251daf22c0_499 .array/port v000001251daf22c0, 499;
v000001251daf22c0_500 .array/port v000001251daf22c0, 500;
E_000001251daa4c00/125 .event anyedge, v000001251daf22c0_497, v000001251daf22c0_498, v000001251daf22c0_499, v000001251daf22c0_500;
v000001251daf22c0_501 .array/port v000001251daf22c0, 501;
v000001251daf22c0_502 .array/port v000001251daf22c0, 502;
v000001251daf22c0_503 .array/port v000001251daf22c0, 503;
v000001251daf22c0_504 .array/port v000001251daf22c0, 504;
E_000001251daa4c00/126 .event anyedge, v000001251daf22c0_501, v000001251daf22c0_502, v000001251daf22c0_503, v000001251daf22c0_504;
v000001251daf22c0_505 .array/port v000001251daf22c0, 505;
v000001251daf22c0_506 .array/port v000001251daf22c0, 506;
v000001251daf22c0_507 .array/port v000001251daf22c0, 507;
v000001251daf22c0_508 .array/port v000001251daf22c0, 508;
E_000001251daa4c00/127 .event anyedge, v000001251daf22c0_505, v000001251daf22c0_506, v000001251daf22c0_507, v000001251daf22c0_508;
v000001251daf22c0_509 .array/port v000001251daf22c0, 509;
v000001251daf22c0_510 .array/port v000001251daf22c0, 510;
v000001251daf22c0_511 .array/port v000001251daf22c0, 511;
v000001251daf22c0_512 .array/port v000001251daf22c0, 512;
E_000001251daa4c00/128 .event anyedge, v000001251daf22c0_509, v000001251daf22c0_510, v000001251daf22c0_511, v000001251daf22c0_512;
v000001251daf22c0_513 .array/port v000001251daf22c0, 513;
v000001251daf22c0_514 .array/port v000001251daf22c0, 514;
v000001251daf22c0_515 .array/port v000001251daf22c0, 515;
v000001251daf22c0_516 .array/port v000001251daf22c0, 516;
E_000001251daa4c00/129 .event anyedge, v000001251daf22c0_513, v000001251daf22c0_514, v000001251daf22c0_515, v000001251daf22c0_516;
v000001251daf22c0_517 .array/port v000001251daf22c0, 517;
v000001251daf22c0_518 .array/port v000001251daf22c0, 518;
v000001251daf22c0_519 .array/port v000001251daf22c0, 519;
v000001251daf22c0_520 .array/port v000001251daf22c0, 520;
E_000001251daa4c00/130 .event anyedge, v000001251daf22c0_517, v000001251daf22c0_518, v000001251daf22c0_519, v000001251daf22c0_520;
v000001251daf22c0_521 .array/port v000001251daf22c0, 521;
v000001251daf22c0_522 .array/port v000001251daf22c0, 522;
v000001251daf22c0_523 .array/port v000001251daf22c0, 523;
v000001251daf22c0_524 .array/port v000001251daf22c0, 524;
E_000001251daa4c00/131 .event anyedge, v000001251daf22c0_521, v000001251daf22c0_522, v000001251daf22c0_523, v000001251daf22c0_524;
v000001251daf22c0_525 .array/port v000001251daf22c0, 525;
v000001251daf22c0_526 .array/port v000001251daf22c0, 526;
v000001251daf22c0_527 .array/port v000001251daf22c0, 527;
v000001251daf22c0_528 .array/port v000001251daf22c0, 528;
E_000001251daa4c00/132 .event anyedge, v000001251daf22c0_525, v000001251daf22c0_526, v000001251daf22c0_527, v000001251daf22c0_528;
v000001251daf22c0_529 .array/port v000001251daf22c0, 529;
v000001251daf22c0_530 .array/port v000001251daf22c0, 530;
v000001251daf22c0_531 .array/port v000001251daf22c0, 531;
v000001251daf22c0_532 .array/port v000001251daf22c0, 532;
E_000001251daa4c00/133 .event anyedge, v000001251daf22c0_529, v000001251daf22c0_530, v000001251daf22c0_531, v000001251daf22c0_532;
v000001251daf22c0_533 .array/port v000001251daf22c0, 533;
v000001251daf22c0_534 .array/port v000001251daf22c0, 534;
v000001251daf22c0_535 .array/port v000001251daf22c0, 535;
v000001251daf22c0_536 .array/port v000001251daf22c0, 536;
E_000001251daa4c00/134 .event anyedge, v000001251daf22c0_533, v000001251daf22c0_534, v000001251daf22c0_535, v000001251daf22c0_536;
v000001251daf22c0_537 .array/port v000001251daf22c0, 537;
v000001251daf22c0_538 .array/port v000001251daf22c0, 538;
v000001251daf22c0_539 .array/port v000001251daf22c0, 539;
v000001251daf22c0_540 .array/port v000001251daf22c0, 540;
E_000001251daa4c00/135 .event anyedge, v000001251daf22c0_537, v000001251daf22c0_538, v000001251daf22c0_539, v000001251daf22c0_540;
v000001251daf22c0_541 .array/port v000001251daf22c0, 541;
v000001251daf22c0_542 .array/port v000001251daf22c0, 542;
v000001251daf22c0_543 .array/port v000001251daf22c0, 543;
v000001251daf22c0_544 .array/port v000001251daf22c0, 544;
E_000001251daa4c00/136 .event anyedge, v000001251daf22c0_541, v000001251daf22c0_542, v000001251daf22c0_543, v000001251daf22c0_544;
v000001251daf22c0_545 .array/port v000001251daf22c0, 545;
v000001251daf22c0_546 .array/port v000001251daf22c0, 546;
v000001251daf22c0_547 .array/port v000001251daf22c0, 547;
v000001251daf22c0_548 .array/port v000001251daf22c0, 548;
E_000001251daa4c00/137 .event anyedge, v000001251daf22c0_545, v000001251daf22c0_546, v000001251daf22c0_547, v000001251daf22c0_548;
v000001251daf22c0_549 .array/port v000001251daf22c0, 549;
v000001251daf22c0_550 .array/port v000001251daf22c0, 550;
v000001251daf22c0_551 .array/port v000001251daf22c0, 551;
v000001251daf22c0_552 .array/port v000001251daf22c0, 552;
E_000001251daa4c00/138 .event anyedge, v000001251daf22c0_549, v000001251daf22c0_550, v000001251daf22c0_551, v000001251daf22c0_552;
v000001251daf22c0_553 .array/port v000001251daf22c0, 553;
v000001251daf22c0_554 .array/port v000001251daf22c0, 554;
v000001251daf22c0_555 .array/port v000001251daf22c0, 555;
v000001251daf22c0_556 .array/port v000001251daf22c0, 556;
E_000001251daa4c00/139 .event anyedge, v000001251daf22c0_553, v000001251daf22c0_554, v000001251daf22c0_555, v000001251daf22c0_556;
v000001251daf22c0_557 .array/port v000001251daf22c0, 557;
v000001251daf22c0_558 .array/port v000001251daf22c0, 558;
v000001251daf22c0_559 .array/port v000001251daf22c0, 559;
v000001251daf22c0_560 .array/port v000001251daf22c0, 560;
E_000001251daa4c00/140 .event anyedge, v000001251daf22c0_557, v000001251daf22c0_558, v000001251daf22c0_559, v000001251daf22c0_560;
v000001251daf22c0_561 .array/port v000001251daf22c0, 561;
v000001251daf22c0_562 .array/port v000001251daf22c0, 562;
v000001251daf22c0_563 .array/port v000001251daf22c0, 563;
v000001251daf22c0_564 .array/port v000001251daf22c0, 564;
E_000001251daa4c00/141 .event anyedge, v000001251daf22c0_561, v000001251daf22c0_562, v000001251daf22c0_563, v000001251daf22c0_564;
v000001251daf22c0_565 .array/port v000001251daf22c0, 565;
v000001251daf22c0_566 .array/port v000001251daf22c0, 566;
v000001251daf22c0_567 .array/port v000001251daf22c0, 567;
v000001251daf22c0_568 .array/port v000001251daf22c0, 568;
E_000001251daa4c00/142 .event anyedge, v000001251daf22c0_565, v000001251daf22c0_566, v000001251daf22c0_567, v000001251daf22c0_568;
v000001251daf22c0_569 .array/port v000001251daf22c0, 569;
v000001251daf22c0_570 .array/port v000001251daf22c0, 570;
v000001251daf22c0_571 .array/port v000001251daf22c0, 571;
v000001251daf22c0_572 .array/port v000001251daf22c0, 572;
E_000001251daa4c00/143 .event anyedge, v000001251daf22c0_569, v000001251daf22c0_570, v000001251daf22c0_571, v000001251daf22c0_572;
v000001251daf22c0_573 .array/port v000001251daf22c0, 573;
v000001251daf22c0_574 .array/port v000001251daf22c0, 574;
v000001251daf22c0_575 .array/port v000001251daf22c0, 575;
v000001251daf22c0_576 .array/port v000001251daf22c0, 576;
E_000001251daa4c00/144 .event anyedge, v000001251daf22c0_573, v000001251daf22c0_574, v000001251daf22c0_575, v000001251daf22c0_576;
v000001251daf22c0_577 .array/port v000001251daf22c0, 577;
v000001251daf22c0_578 .array/port v000001251daf22c0, 578;
v000001251daf22c0_579 .array/port v000001251daf22c0, 579;
v000001251daf22c0_580 .array/port v000001251daf22c0, 580;
E_000001251daa4c00/145 .event anyedge, v000001251daf22c0_577, v000001251daf22c0_578, v000001251daf22c0_579, v000001251daf22c0_580;
v000001251daf22c0_581 .array/port v000001251daf22c0, 581;
v000001251daf22c0_582 .array/port v000001251daf22c0, 582;
v000001251daf22c0_583 .array/port v000001251daf22c0, 583;
v000001251daf22c0_584 .array/port v000001251daf22c0, 584;
E_000001251daa4c00/146 .event anyedge, v000001251daf22c0_581, v000001251daf22c0_582, v000001251daf22c0_583, v000001251daf22c0_584;
v000001251daf22c0_585 .array/port v000001251daf22c0, 585;
v000001251daf22c0_586 .array/port v000001251daf22c0, 586;
v000001251daf22c0_587 .array/port v000001251daf22c0, 587;
v000001251daf22c0_588 .array/port v000001251daf22c0, 588;
E_000001251daa4c00/147 .event anyedge, v000001251daf22c0_585, v000001251daf22c0_586, v000001251daf22c0_587, v000001251daf22c0_588;
v000001251daf22c0_589 .array/port v000001251daf22c0, 589;
v000001251daf22c0_590 .array/port v000001251daf22c0, 590;
v000001251daf22c0_591 .array/port v000001251daf22c0, 591;
v000001251daf22c0_592 .array/port v000001251daf22c0, 592;
E_000001251daa4c00/148 .event anyedge, v000001251daf22c0_589, v000001251daf22c0_590, v000001251daf22c0_591, v000001251daf22c0_592;
v000001251daf22c0_593 .array/port v000001251daf22c0, 593;
v000001251daf22c0_594 .array/port v000001251daf22c0, 594;
v000001251daf22c0_595 .array/port v000001251daf22c0, 595;
v000001251daf22c0_596 .array/port v000001251daf22c0, 596;
E_000001251daa4c00/149 .event anyedge, v000001251daf22c0_593, v000001251daf22c0_594, v000001251daf22c0_595, v000001251daf22c0_596;
v000001251daf22c0_597 .array/port v000001251daf22c0, 597;
v000001251daf22c0_598 .array/port v000001251daf22c0, 598;
v000001251daf22c0_599 .array/port v000001251daf22c0, 599;
v000001251daf22c0_600 .array/port v000001251daf22c0, 600;
E_000001251daa4c00/150 .event anyedge, v000001251daf22c0_597, v000001251daf22c0_598, v000001251daf22c0_599, v000001251daf22c0_600;
v000001251daf22c0_601 .array/port v000001251daf22c0, 601;
v000001251daf22c0_602 .array/port v000001251daf22c0, 602;
v000001251daf22c0_603 .array/port v000001251daf22c0, 603;
v000001251daf22c0_604 .array/port v000001251daf22c0, 604;
E_000001251daa4c00/151 .event anyedge, v000001251daf22c0_601, v000001251daf22c0_602, v000001251daf22c0_603, v000001251daf22c0_604;
v000001251daf22c0_605 .array/port v000001251daf22c0, 605;
v000001251daf22c0_606 .array/port v000001251daf22c0, 606;
v000001251daf22c0_607 .array/port v000001251daf22c0, 607;
v000001251daf22c0_608 .array/port v000001251daf22c0, 608;
E_000001251daa4c00/152 .event anyedge, v000001251daf22c0_605, v000001251daf22c0_606, v000001251daf22c0_607, v000001251daf22c0_608;
v000001251daf22c0_609 .array/port v000001251daf22c0, 609;
v000001251daf22c0_610 .array/port v000001251daf22c0, 610;
v000001251daf22c0_611 .array/port v000001251daf22c0, 611;
v000001251daf22c0_612 .array/port v000001251daf22c0, 612;
E_000001251daa4c00/153 .event anyedge, v000001251daf22c0_609, v000001251daf22c0_610, v000001251daf22c0_611, v000001251daf22c0_612;
v000001251daf22c0_613 .array/port v000001251daf22c0, 613;
v000001251daf22c0_614 .array/port v000001251daf22c0, 614;
v000001251daf22c0_615 .array/port v000001251daf22c0, 615;
v000001251daf22c0_616 .array/port v000001251daf22c0, 616;
E_000001251daa4c00/154 .event anyedge, v000001251daf22c0_613, v000001251daf22c0_614, v000001251daf22c0_615, v000001251daf22c0_616;
v000001251daf22c0_617 .array/port v000001251daf22c0, 617;
v000001251daf22c0_618 .array/port v000001251daf22c0, 618;
v000001251daf22c0_619 .array/port v000001251daf22c0, 619;
v000001251daf22c0_620 .array/port v000001251daf22c0, 620;
E_000001251daa4c00/155 .event anyedge, v000001251daf22c0_617, v000001251daf22c0_618, v000001251daf22c0_619, v000001251daf22c0_620;
v000001251daf22c0_621 .array/port v000001251daf22c0, 621;
v000001251daf22c0_622 .array/port v000001251daf22c0, 622;
v000001251daf22c0_623 .array/port v000001251daf22c0, 623;
v000001251daf22c0_624 .array/port v000001251daf22c0, 624;
E_000001251daa4c00/156 .event anyedge, v000001251daf22c0_621, v000001251daf22c0_622, v000001251daf22c0_623, v000001251daf22c0_624;
v000001251daf22c0_625 .array/port v000001251daf22c0, 625;
v000001251daf22c0_626 .array/port v000001251daf22c0, 626;
v000001251daf22c0_627 .array/port v000001251daf22c0, 627;
v000001251daf22c0_628 .array/port v000001251daf22c0, 628;
E_000001251daa4c00/157 .event anyedge, v000001251daf22c0_625, v000001251daf22c0_626, v000001251daf22c0_627, v000001251daf22c0_628;
v000001251daf22c0_629 .array/port v000001251daf22c0, 629;
v000001251daf22c0_630 .array/port v000001251daf22c0, 630;
v000001251daf22c0_631 .array/port v000001251daf22c0, 631;
v000001251daf22c0_632 .array/port v000001251daf22c0, 632;
E_000001251daa4c00/158 .event anyedge, v000001251daf22c0_629, v000001251daf22c0_630, v000001251daf22c0_631, v000001251daf22c0_632;
v000001251daf22c0_633 .array/port v000001251daf22c0, 633;
v000001251daf22c0_634 .array/port v000001251daf22c0, 634;
v000001251daf22c0_635 .array/port v000001251daf22c0, 635;
v000001251daf22c0_636 .array/port v000001251daf22c0, 636;
E_000001251daa4c00/159 .event anyedge, v000001251daf22c0_633, v000001251daf22c0_634, v000001251daf22c0_635, v000001251daf22c0_636;
v000001251daf22c0_637 .array/port v000001251daf22c0, 637;
v000001251daf22c0_638 .array/port v000001251daf22c0, 638;
v000001251daf22c0_639 .array/port v000001251daf22c0, 639;
v000001251daf22c0_640 .array/port v000001251daf22c0, 640;
E_000001251daa4c00/160 .event anyedge, v000001251daf22c0_637, v000001251daf22c0_638, v000001251daf22c0_639, v000001251daf22c0_640;
v000001251daf22c0_641 .array/port v000001251daf22c0, 641;
v000001251daf22c0_642 .array/port v000001251daf22c0, 642;
v000001251daf22c0_643 .array/port v000001251daf22c0, 643;
v000001251daf22c0_644 .array/port v000001251daf22c0, 644;
E_000001251daa4c00/161 .event anyedge, v000001251daf22c0_641, v000001251daf22c0_642, v000001251daf22c0_643, v000001251daf22c0_644;
v000001251daf22c0_645 .array/port v000001251daf22c0, 645;
v000001251daf22c0_646 .array/port v000001251daf22c0, 646;
v000001251daf22c0_647 .array/port v000001251daf22c0, 647;
v000001251daf22c0_648 .array/port v000001251daf22c0, 648;
E_000001251daa4c00/162 .event anyedge, v000001251daf22c0_645, v000001251daf22c0_646, v000001251daf22c0_647, v000001251daf22c0_648;
v000001251daf22c0_649 .array/port v000001251daf22c0, 649;
v000001251daf22c0_650 .array/port v000001251daf22c0, 650;
v000001251daf22c0_651 .array/port v000001251daf22c0, 651;
v000001251daf22c0_652 .array/port v000001251daf22c0, 652;
E_000001251daa4c00/163 .event anyedge, v000001251daf22c0_649, v000001251daf22c0_650, v000001251daf22c0_651, v000001251daf22c0_652;
v000001251daf22c0_653 .array/port v000001251daf22c0, 653;
v000001251daf22c0_654 .array/port v000001251daf22c0, 654;
v000001251daf22c0_655 .array/port v000001251daf22c0, 655;
v000001251daf22c0_656 .array/port v000001251daf22c0, 656;
E_000001251daa4c00/164 .event anyedge, v000001251daf22c0_653, v000001251daf22c0_654, v000001251daf22c0_655, v000001251daf22c0_656;
v000001251daf22c0_657 .array/port v000001251daf22c0, 657;
v000001251daf22c0_658 .array/port v000001251daf22c0, 658;
v000001251daf22c0_659 .array/port v000001251daf22c0, 659;
v000001251daf22c0_660 .array/port v000001251daf22c0, 660;
E_000001251daa4c00/165 .event anyedge, v000001251daf22c0_657, v000001251daf22c0_658, v000001251daf22c0_659, v000001251daf22c0_660;
v000001251daf22c0_661 .array/port v000001251daf22c0, 661;
v000001251daf22c0_662 .array/port v000001251daf22c0, 662;
v000001251daf22c0_663 .array/port v000001251daf22c0, 663;
v000001251daf22c0_664 .array/port v000001251daf22c0, 664;
E_000001251daa4c00/166 .event anyedge, v000001251daf22c0_661, v000001251daf22c0_662, v000001251daf22c0_663, v000001251daf22c0_664;
v000001251daf22c0_665 .array/port v000001251daf22c0, 665;
v000001251daf22c0_666 .array/port v000001251daf22c0, 666;
v000001251daf22c0_667 .array/port v000001251daf22c0, 667;
v000001251daf22c0_668 .array/port v000001251daf22c0, 668;
E_000001251daa4c00/167 .event anyedge, v000001251daf22c0_665, v000001251daf22c0_666, v000001251daf22c0_667, v000001251daf22c0_668;
v000001251daf22c0_669 .array/port v000001251daf22c0, 669;
v000001251daf22c0_670 .array/port v000001251daf22c0, 670;
v000001251daf22c0_671 .array/port v000001251daf22c0, 671;
v000001251daf22c0_672 .array/port v000001251daf22c0, 672;
E_000001251daa4c00/168 .event anyedge, v000001251daf22c0_669, v000001251daf22c0_670, v000001251daf22c0_671, v000001251daf22c0_672;
v000001251daf22c0_673 .array/port v000001251daf22c0, 673;
v000001251daf22c0_674 .array/port v000001251daf22c0, 674;
v000001251daf22c0_675 .array/port v000001251daf22c0, 675;
v000001251daf22c0_676 .array/port v000001251daf22c0, 676;
E_000001251daa4c00/169 .event anyedge, v000001251daf22c0_673, v000001251daf22c0_674, v000001251daf22c0_675, v000001251daf22c0_676;
v000001251daf22c0_677 .array/port v000001251daf22c0, 677;
v000001251daf22c0_678 .array/port v000001251daf22c0, 678;
v000001251daf22c0_679 .array/port v000001251daf22c0, 679;
v000001251daf22c0_680 .array/port v000001251daf22c0, 680;
E_000001251daa4c00/170 .event anyedge, v000001251daf22c0_677, v000001251daf22c0_678, v000001251daf22c0_679, v000001251daf22c0_680;
v000001251daf22c0_681 .array/port v000001251daf22c0, 681;
v000001251daf22c0_682 .array/port v000001251daf22c0, 682;
v000001251daf22c0_683 .array/port v000001251daf22c0, 683;
v000001251daf22c0_684 .array/port v000001251daf22c0, 684;
E_000001251daa4c00/171 .event anyedge, v000001251daf22c0_681, v000001251daf22c0_682, v000001251daf22c0_683, v000001251daf22c0_684;
v000001251daf22c0_685 .array/port v000001251daf22c0, 685;
v000001251daf22c0_686 .array/port v000001251daf22c0, 686;
v000001251daf22c0_687 .array/port v000001251daf22c0, 687;
v000001251daf22c0_688 .array/port v000001251daf22c0, 688;
E_000001251daa4c00/172 .event anyedge, v000001251daf22c0_685, v000001251daf22c0_686, v000001251daf22c0_687, v000001251daf22c0_688;
v000001251daf22c0_689 .array/port v000001251daf22c0, 689;
v000001251daf22c0_690 .array/port v000001251daf22c0, 690;
v000001251daf22c0_691 .array/port v000001251daf22c0, 691;
v000001251daf22c0_692 .array/port v000001251daf22c0, 692;
E_000001251daa4c00/173 .event anyedge, v000001251daf22c0_689, v000001251daf22c0_690, v000001251daf22c0_691, v000001251daf22c0_692;
v000001251daf22c0_693 .array/port v000001251daf22c0, 693;
v000001251daf22c0_694 .array/port v000001251daf22c0, 694;
v000001251daf22c0_695 .array/port v000001251daf22c0, 695;
v000001251daf22c0_696 .array/port v000001251daf22c0, 696;
E_000001251daa4c00/174 .event anyedge, v000001251daf22c0_693, v000001251daf22c0_694, v000001251daf22c0_695, v000001251daf22c0_696;
v000001251daf22c0_697 .array/port v000001251daf22c0, 697;
v000001251daf22c0_698 .array/port v000001251daf22c0, 698;
v000001251daf22c0_699 .array/port v000001251daf22c0, 699;
v000001251daf22c0_700 .array/port v000001251daf22c0, 700;
E_000001251daa4c00/175 .event anyedge, v000001251daf22c0_697, v000001251daf22c0_698, v000001251daf22c0_699, v000001251daf22c0_700;
v000001251daf22c0_701 .array/port v000001251daf22c0, 701;
v000001251daf22c0_702 .array/port v000001251daf22c0, 702;
v000001251daf22c0_703 .array/port v000001251daf22c0, 703;
v000001251daf22c0_704 .array/port v000001251daf22c0, 704;
E_000001251daa4c00/176 .event anyedge, v000001251daf22c0_701, v000001251daf22c0_702, v000001251daf22c0_703, v000001251daf22c0_704;
v000001251daf22c0_705 .array/port v000001251daf22c0, 705;
v000001251daf22c0_706 .array/port v000001251daf22c0, 706;
v000001251daf22c0_707 .array/port v000001251daf22c0, 707;
v000001251daf22c0_708 .array/port v000001251daf22c0, 708;
E_000001251daa4c00/177 .event anyedge, v000001251daf22c0_705, v000001251daf22c0_706, v000001251daf22c0_707, v000001251daf22c0_708;
v000001251daf22c0_709 .array/port v000001251daf22c0, 709;
v000001251daf22c0_710 .array/port v000001251daf22c0, 710;
v000001251daf22c0_711 .array/port v000001251daf22c0, 711;
v000001251daf22c0_712 .array/port v000001251daf22c0, 712;
E_000001251daa4c00/178 .event anyedge, v000001251daf22c0_709, v000001251daf22c0_710, v000001251daf22c0_711, v000001251daf22c0_712;
v000001251daf22c0_713 .array/port v000001251daf22c0, 713;
v000001251daf22c0_714 .array/port v000001251daf22c0, 714;
v000001251daf22c0_715 .array/port v000001251daf22c0, 715;
v000001251daf22c0_716 .array/port v000001251daf22c0, 716;
E_000001251daa4c00/179 .event anyedge, v000001251daf22c0_713, v000001251daf22c0_714, v000001251daf22c0_715, v000001251daf22c0_716;
v000001251daf22c0_717 .array/port v000001251daf22c0, 717;
v000001251daf22c0_718 .array/port v000001251daf22c0, 718;
v000001251daf22c0_719 .array/port v000001251daf22c0, 719;
v000001251daf22c0_720 .array/port v000001251daf22c0, 720;
E_000001251daa4c00/180 .event anyedge, v000001251daf22c0_717, v000001251daf22c0_718, v000001251daf22c0_719, v000001251daf22c0_720;
v000001251daf22c0_721 .array/port v000001251daf22c0, 721;
v000001251daf22c0_722 .array/port v000001251daf22c0, 722;
v000001251daf22c0_723 .array/port v000001251daf22c0, 723;
v000001251daf22c0_724 .array/port v000001251daf22c0, 724;
E_000001251daa4c00/181 .event anyedge, v000001251daf22c0_721, v000001251daf22c0_722, v000001251daf22c0_723, v000001251daf22c0_724;
v000001251daf22c0_725 .array/port v000001251daf22c0, 725;
v000001251daf22c0_726 .array/port v000001251daf22c0, 726;
v000001251daf22c0_727 .array/port v000001251daf22c0, 727;
v000001251daf22c0_728 .array/port v000001251daf22c0, 728;
E_000001251daa4c00/182 .event anyedge, v000001251daf22c0_725, v000001251daf22c0_726, v000001251daf22c0_727, v000001251daf22c0_728;
v000001251daf22c0_729 .array/port v000001251daf22c0, 729;
v000001251daf22c0_730 .array/port v000001251daf22c0, 730;
v000001251daf22c0_731 .array/port v000001251daf22c0, 731;
v000001251daf22c0_732 .array/port v000001251daf22c0, 732;
E_000001251daa4c00/183 .event anyedge, v000001251daf22c0_729, v000001251daf22c0_730, v000001251daf22c0_731, v000001251daf22c0_732;
v000001251daf22c0_733 .array/port v000001251daf22c0, 733;
v000001251daf22c0_734 .array/port v000001251daf22c0, 734;
v000001251daf22c0_735 .array/port v000001251daf22c0, 735;
v000001251daf22c0_736 .array/port v000001251daf22c0, 736;
E_000001251daa4c00/184 .event anyedge, v000001251daf22c0_733, v000001251daf22c0_734, v000001251daf22c0_735, v000001251daf22c0_736;
v000001251daf22c0_737 .array/port v000001251daf22c0, 737;
v000001251daf22c0_738 .array/port v000001251daf22c0, 738;
v000001251daf22c0_739 .array/port v000001251daf22c0, 739;
v000001251daf22c0_740 .array/port v000001251daf22c0, 740;
E_000001251daa4c00/185 .event anyedge, v000001251daf22c0_737, v000001251daf22c0_738, v000001251daf22c0_739, v000001251daf22c0_740;
v000001251daf22c0_741 .array/port v000001251daf22c0, 741;
v000001251daf22c0_742 .array/port v000001251daf22c0, 742;
v000001251daf22c0_743 .array/port v000001251daf22c0, 743;
v000001251daf22c0_744 .array/port v000001251daf22c0, 744;
E_000001251daa4c00/186 .event anyedge, v000001251daf22c0_741, v000001251daf22c0_742, v000001251daf22c0_743, v000001251daf22c0_744;
v000001251daf22c0_745 .array/port v000001251daf22c0, 745;
v000001251daf22c0_746 .array/port v000001251daf22c0, 746;
v000001251daf22c0_747 .array/port v000001251daf22c0, 747;
v000001251daf22c0_748 .array/port v000001251daf22c0, 748;
E_000001251daa4c00/187 .event anyedge, v000001251daf22c0_745, v000001251daf22c0_746, v000001251daf22c0_747, v000001251daf22c0_748;
v000001251daf22c0_749 .array/port v000001251daf22c0, 749;
v000001251daf22c0_750 .array/port v000001251daf22c0, 750;
v000001251daf22c0_751 .array/port v000001251daf22c0, 751;
v000001251daf22c0_752 .array/port v000001251daf22c0, 752;
E_000001251daa4c00/188 .event anyedge, v000001251daf22c0_749, v000001251daf22c0_750, v000001251daf22c0_751, v000001251daf22c0_752;
v000001251daf22c0_753 .array/port v000001251daf22c0, 753;
v000001251daf22c0_754 .array/port v000001251daf22c0, 754;
v000001251daf22c0_755 .array/port v000001251daf22c0, 755;
v000001251daf22c0_756 .array/port v000001251daf22c0, 756;
E_000001251daa4c00/189 .event anyedge, v000001251daf22c0_753, v000001251daf22c0_754, v000001251daf22c0_755, v000001251daf22c0_756;
v000001251daf22c0_757 .array/port v000001251daf22c0, 757;
v000001251daf22c0_758 .array/port v000001251daf22c0, 758;
v000001251daf22c0_759 .array/port v000001251daf22c0, 759;
v000001251daf22c0_760 .array/port v000001251daf22c0, 760;
E_000001251daa4c00/190 .event anyedge, v000001251daf22c0_757, v000001251daf22c0_758, v000001251daf22c0_759, v000001251daf22c0_760;
v000001251daf22c0_761 .array/port v000001251daf22c0, 761;
v000001251daf22c0_762 .array/port v000001251daf22c0, 762;
v000001251daf22c0_763 .array/port v000001251daf22c0, 763;
v000001251daf22c0_764 .array/port v000001251daf22c0, 764;
E_000001251daa4c00/191 .event anyedge, v000001251daf22c0_761, v000001251daf22c0_762, v000001251daf22c0_763, v000001251daf22c0_764;
v000001251daf22c0_765 .array/port v000001251daf22c0, 765;
v000001251daf22c0_766 .array/port v000001251daf22c0, 766;
v000001251daf22c0_767 .array/port v000001251daf22c0, 767;
v000001251daf22c0_768 .array/port v000001251daf22c0, 768;
E_000001251daa4c00/192 .event anyedge, v000001251daf22c0_765, v000001251daf22c0_766, v000001251daf22c0_767, v000001251daf22c0_768;
v000001251daf22c0_769 .array/port v000001251daf22c0, 769;
v000001251daf22c0_770 .array/port v000001251daf22c0, 770;
v000001251daf22c0_771 .array/port v000001251daf22c0, 771;
v000001251daf22c0_772 .array/port v000001251daf22c0, 772;
E_000001251daa4c00/193 .event anyedge, v000001251daf22c0_769, v000001251daf22c0_770, v000001251daf22c0_771, v000001251daf22c0_772;
v000001251daf22c0_773 .array/port v000001251daf22c0, 773;
v000001251daf22c0_774 .array/port v000001251daf22c0, 774;
v000001251daf22c0_775 .array/port v000001251daf22c0, 775;
v000001251daf22c0_776 .array/port v000001251daf22c0, 776;
E_000001251daa4c00/194 .event anyedge, v000001251daf22c0_773, v000001251daf22c0_774, v000001251daf22c0_775, v000001251daf22c0_776;
v000001251daf22c0_777 .array/port v000001251daf22c0, 777;
v000001251daf22c0_778 .array/port v000001251daf22c0, 778;
v000001251daf22c0_779 .array/port v000001251daf22c0, 779;
v000001251daf22c0_780 .array/port v000001251daf22c0, 780;
E_000001251daa4c00/195 .event anyedge, v000001251daf22c0_777, v000001251daf22c0_778, v000001251daf22c0_779, v000001251daf22c0_780;
v000001251daf22c0_781 .array/port v000001251daf22c0, 781;
v000001251daf22c0_782 .array/port v000001251daf22c0, 782;
v000001251daf22c0_783 .array/port v000001251daf22c0, 783;
v000001251daf22c0_784 .array/port v000001251daf22c0, 784;
E_000001251daa4c00/196 .event anyedge, v000001251daf22c0_781, v000001251daf22c0_782, v000001251daf22c0_783, v000001251daf22c0_784;
v000001251daf22c0_785 .array/port v000001251daf22c0, 785;
v000001251daf22c0_786 .array/port v000001251daf22c0, 786;
v000001251daf22c0_787 .array/port v000001251daf22c0, 787;
v000001251daf22c0_788 .array/port v000001251daf22c0, 788;
E_000001251daa4c00/197 .event anyedge, v000001251daf22c0_785, v000001251daf22c0_786, v000001251daf22c0_787, v000001251daf22c0_788;
v000001251daf22c0_789 .array/port v000001251daf22c0, 789;
v000001251daf22c0_790 .array/port v000001251daf22c0, 790;
v000001251daf22c0_791 .array/port v000001251daf22c0, 791;
v000001251daf22c0_792 .array/port v000001251daf22c0, 792;
E_000001251daa4c00/198 .event anyedge, v000001251daf22c0_789, v000001251daf22c0_790, v000001251daf22c0_791, v000001251daf22c0_792;
v000001251daf22c0_793 .array/port v000001251daf22c0, 793;
v000001251daf22c0_794 .array/port v000001251daf22c0, 794;
v000001251daf22c0_795 .array/port v000001251daf22c0, 795;
v000001251daf22c0_796 .array/port v000001251daf22c0, 796;
E_000001251daa4c00/199 .event anyedge, v000001251daf22c0_793, v000001251daf22c0_794, v000001251daf22c0_795, v000001251daf22c0_796;
v000001251daf22c0_797 .array/port v000001251daf22c0, 797;
v000001251daf22c0_798 .array/port v000001251daf22c0, 798;
v000001251daf22c0_799 .array/port v000001251daf22c0, 799;
v000001251daf22c0_800 .array/port v000001251daf22c0, 800;
E_000001251daa4c00/200 .event anyedge, v000001251daf22c0_797, v000001251daf22c0_798, v000001251daf22c0_799, v000001251daf22c0_800;
v000001251daf22c0_801 .array/port v000001251daf22c0, 801;
v000001251daf22c0_802 .array/port v000001251daf22c0, 802;
v000001251daf22c0_803 .array/port v000001251daf22c0, 803;
v000001251daf22c0_804 .array/port v000001251daf22c0, 804;
E_000001251daa4c00/201 .event anyedge, v000001251daf22c0_801, v000001251daf22c0_802, v000001251daf22c0_803, v000001251daf22c0_804;
v000001251daf22c0_805 .array/port v000001251daf22c0, 805;
v000001251daf22c0_806 .array/port v000001251daf22c0, 806;
v000001251daf22c0_807 .array/port v000001251daf22c0, 807;
v000001251daf22c0_808 .array/port v000001251daf22c0, 808;
E_000001251daa4c00/202 .event anyedge, v000001251daf22c0_805, v000001251daf22c0_806, v000001251daf22c0_807, v000001251daf22c0_808;
v000001251daf22c0_809 .array/port v000001251daf22c0, 809;
v000001251daf22c0_810 .array/port v000001251daf22c0, 810;
v000001251daf22c0_811 .array/port v000001251daf22c0, 811;
v000001251daf22c0_812 .array/port v000001251daf22c0, 812;
E_000001251daa4c00/203 .event anyedge, v000001251daf22c0_809, v000001251daf22c0_810, v000001251daf22c0_811, v000001251daf22c0_812;
v000001251daf22c0_813 .array/port v000001251daf22c0, 813;
v000001251daf22c0_814 .array/port v000001251daf22c0, 814;
v000001251daf22c0_815 .array/port v000001251daf22c0, 815;
v000001251daf22c0_816 .array/port v000001251daf22c0, 816;
E_000001251daa4c00/204 .event anyedge, v000001251daf22c0_813, v000001251daf22c0_814, v000001251daf22c0_815, v000001251daf22c0_816;
v000001251daf22c0_817 .array/port v000001251daf22c0, 817;
v000001251daf22c0_818 .array/port v000001251daf22c0, 818;
v000001251daf22c0_819 .array/port v000001251daf22c0, 819;
v000001251daf22c0_820 .array/port v000001251daf22c0, 820;
E_000001251daa4c00/205 .event anyedge, v000001251daf22c0_817, v000001251daf22c0_818, v000001251daf22c0_819, v000001251daf22c0_820;
v000001251daf22c0_821 .array/port v000001251daf22c0, 821;
v000001251daf22c0_822 .array/port v000001251daf22c0, 822;
v000001251daf22c0_823 .array/port v000001251daf22c0, 823;
v000001251daf22c0_824 .array/port v000001251daf22c0, 824;
E_000001251daa4c00/206 .event anyedge, v000001251daf22c0_821, v000001251daf22c0_822, v000001251daf22c0_823, v000001251daf22c0_824;
v000001251daf22c0_825 .array/port v000001251daf22c0, 825;
v000001251daf22c0_826 .array/port v000001251daf22c0, 826;
v000001251daf22c0_827 .array/port v000001251daf22c0, 827;
v000001251daf22c0_828 .array/port v000001251daf22c0, 828;
E_000001251daa4c00/207 .event anyedge, v000001251daf22c0_825, v000001251daf22c0_826, v000001251daf22c0_827, v000001251daf22c0_828;
v000001251daf22c0_829 .array/port v000001251daf22c0, 829;
v000001251daf22c0_830 .array/port v000001251daf22c0, 830;
v000001251daf22c0_831 .array/port v000001251daf22c0, 831;
v000001251daf22c0_832 .array/port v000001251daf22c0, 832;
E_000001251daa4c00/208 .event anyedge, v000001251daf22c0_829, v000001251daf22c0_830, v000001251daf22c0_831, v000001251daf22c0_832;
v000001251daf22c0_833 .array/port v000001251daf22c0, 833;
v000001251daf22c0_834 .array/port v000001251daf22c0, 834;
v000001251daf22c0_835 .array/port v000001251daf22c0, 835;
v000001251daf22c0_836 .array/port v000001251daf22c0, 836;
E_000001251daa4c00/209 .event anyedge, v000001251daf22c0_833, v000001251daf22c0_834, v000001251daf22c0_835, v000001251daf22c0_836;
v000001251daf22c0_837 .array/port v000001251daf22c0, 837;
v000001251daf22c0_838 .array/port v000001251daf22c0, 838;
v000001251daf22c0_839 .array/port v000001251daf22c0, 839;
v000001251daf22c0_840 .array/port v000001251daf22c0, 840;
E_000001251daa4c00/210 .event anyedge, v000001251daf22c0_837, v000001251daf22c0_838, v000001251daf22c0_839, v000001251daf22c0_840;
v000001251daf22c0_841 .array/port v000001251daf22c0, 841;
v000001251daf22c0_842 .array/port v000001251daf22c0, 842;
v000001251daf22c0_843 .array/port v000001251daf22c0, 843;
v000001251daf22c0_844 .array/port v000001251daf22c0, 844;
E_000001251daa4c00/211 .event anyedge, v000001251daf22c0_841, v000001251daf22c0_842, v000001251daf22c0_843, v000001251daf22c0_844;
v000001251daf22c0_845 .array/port v000001251daf22c0, 845;
v000001251daf22c0_846 .array/port v000001251daf22c0, 846;
v000001251daf22c0_847 .array/port v000001251daf22c0, 847;
v000001251daf22c0_848 .array/port v000001251daf22c0, 848;
E_000001251daa4c00/212 .event anyedge, v000001251daf22c0_845, v000001251daf22c0_846, v000001251daf22c0_847, v000001251daf22c0_848;
v000001251daf22c0_849 .array/port v000001251daf22c0, 849;
v000001251daf22c0_850 .array/port v000001251daf22c0, 850;
v000001251daf22c0_851 .array/port v000001251daf22c0, 851;
v000001251daf22c0_852 .array/port v000001251daf22c0, 852;
E_000001251daa4c00/213 .event anyedge, v000001251daf22c0_849, v000001251daf22c0_850, v000001251daf22c0_851, v000001251daf22c0_852;
v000001251daf22c0_853 .array/port v000001251daf22c0, 853;
v000001251daf22c0_854 .array/port v000001251daf22c0, 854;
v000001251daf22c0_855 .array/port v000001251daf22c0, 855;
v000001251daf22c0_856 .array/port v000001251daf22c0, 856;
E_000001251daa4c00/214 .event anyedge, v000001251daf22c0_853, v000001251daf22c0_854, v000001251daf22c0_855, v000001251daf22c0_856;
v000001251daf22c0_857 .array/port v000001251daf22c0, 857;
v000001251daf22c0_858 .array/port v000001251daf22c0, 858;
v000001251daf22c0_859 .array/port v000001251daf22c0, 859;
v000001251daf22c0_860 .array/port v000001251daf22c0, 860;
E_000001251daa4c00/215 .event anyedge, v000001251daf22c0_857, v000001251daf22c0_858, v000001251daf22c0_859, v000001251daf22c0_860;
v000001251daf22c0_861 .array/port v000001251daf22c0, 861;
v000001251daf22c0_862 .array/port v000001251daf22c0, 862;
v000001251daf22c0_863 .array/port v000001251daf22c0, 863;
v000001251daf22c0_864 .array/port v000001251daf22c0, 864;
E_000001251daa4c00/216 .event anyedge, v000001251daf22c0_861, v000001251daf22c0_862, v000001251daf22c0_863, v000001251daf22c0_864;
v000001251daf22c0_865 .array/port v000001251daf22c0, 865;
v000001251daf22c0_866 .array/port v000001251daf22c0, 866;
v000001251daf22c0_867 .array/port v000001251daf22c0, 867;
v000001251daf22c0_868 .array/port v000001251daf22c0, 868;
E_000001251daa4c00/217 .event anyedge, v000001251daf22c0_865, v000001251daf22c0_866, v000001251daf22c0_867, v000001251daf22c0_868;
v000001251daf22c0_869 .array/port v000001251daf22c0, 869;
v000001251daf22c0_870 .array/port v000001251daf22c0, 870;
v000001251daf22c0_871 .array/port v000001251daf22c0, 871;
v000001251daf22c0_872 .array/port v000001251daf22c0, 872;
E_000001251daa4c00/218 .event anyedge, v000001251daf22c0_869, v000001251daf22c0_870, v000001251daf22c0_871, v000001251daf22c0_872;
v000001251daf22c0_873 .array/port v000001251daf22c0, 873;
v000001251daf22c0_874 .array/port v000001251daf22c0, 874;
v000001251daf22c0_875 .array/port v000001251daf22c0, 875;
v000001251daf22c0_876 .array/port v000001251daf22c0, 876;
E_000001251daa4c00/219 .event anyedge, v000001251daf22c0_873, v000001251daf22c0_874, v000001251daf22c0_875, v000001251daf22c0_876;
v000001251daf22c0_877 .array/port v000001251daf22c0, 877;
v000001251daf22c0_878 .array/port v000001251daf22c0, 878;
v000001251daf22c0_879 .array/port v000001251daf22c0, 879;
v000001251daf22c0_880 .array/port v000001251daf22c0, 880;
E_000001251daa4c00/220 .event anyedge, v000001251daf22c0_877, v000001251daf22c0_878, v000001251daf22c0_879, v000001251daf22c0_880;
v000001251daf22c0_881 .array/port v000001251daf22c0, 881;
v000001251daf22c0_882 .array/port v000001251daf22c0, 882;
v000001251daf22c0_883 .array/port v000001251daf22c0, 883;
v000001251daf22c0_884 .array/port v000001251daf22c0, 884;
E_000001251daa4c00/221 .event anyedge, v000001251daf22c0_881, v000001251daf22c0_882, v000001251daf22c0_883, v000001251daf22c0_884;
v000001251daf22c0_885 .array/port v000001251daf22c0, 885;
v000001251daf22c0_886 .array/port v000001251daf22c0, 886;
v000001251daf22c0_887 .array/port v000001251daf22c0, 887;
v000001251daf22c0_888 .array/port v000001251daf22c0, 888;
E_000001251daa4c00/222 .event anyedge, v000001251daf22c0_885, v000001251daf22c0_886, v000001251daf22c0_887, v000001251daf22c0_888;
v000001251daf22c0_889 .array/port v000001251daf22c0, 889;
v000001251daf22c0_890 .array/port v000001251daf22c0, 890;
v000001251daf22c0_891 .array/port v000001251daf22c0, 891;
v000001251daf22c0_892 .array/port v000001251daf22c0, 892;
E_000001251daa4c00/223 .event anyedge, v000001251daf22c0_889, v000001251daf22c0_890, v000001251daf22c0_891, v000001251daf22c0_892;
v000001251daf22c0_893 .array/port v000001251daf22c0, 893;
v000001251daf22c0_894 .array/port v000001251daf22c0, 894;
v000001251daf22c0_895 .array/port v000001251daf22c0, 895;
v000001251daf22c0_896 .array/port v000001251daf22c0, 896;
E_000001251daa4c00/224 .event anyedge, v000001251daf22c0_893, v000001251daf22c0_894, v000001251daf22c0_895, v000001251daf22c0_896;
v000001251daf22c0_897 .array/port v000001251daf22c0, 897;
v000001251daf22c0_898 .array/port v000001251daf22c0, 898;
v000001251daf22c0_899 .array/port v000001251daf22c0, 899;
v000001251daf22c0_900 .array/port v000001251daf22c0, 900;
E_000001251daa4c00/225 .event anyedge, v000001251daf22c0_897, v000001251daf22c0_898, v000001251daf22c0_899, v000001251daf22c0_900;
v000001251daf22c0_901 .array/port v000001251daf22c0, 901;
v000001251daf22c0_902 .array/port v000001251daf22c0, 902;
v000001251daf22c0_903 .array/port v000001251daf22c0, 903;
v000001251daf22c0_904 .array/port v000001251daf22c0, 904;
E_000001251daa4c00/226 .event anyedge, v000001251daf22c0_901, v000001251daf22c0_902, v000001251daf22c0_903, v000001251daf22c0_904;
v000001251daf22c0_905 .array/port v000001251daf22c0, 905;
v000001251daf22c0_906 .array/port v000001251daf22c0, 906;
v000001251daf22c0_907 .array/port v000001251daf22c0, 907;
v000001251daf22c0_908 .array/port v000001251daf22c0, 908;
E_000001251daa4c00/227 .event anyedge, v000001251daf22c0_905, v000001251daf22c0_906, v000001251daf22c0_907, v000001251daf22c0_908;
v000001251daf22c0_909 .array/port v000001251daf22c0, 909;
v000001251daf22c0_910 .array/port v000001251daf22c0, 910;
v000001251daf22c0_911 .array/port v000001251daf22c0, 911;
v000001251daf22c0_912 .array/port v000001251daf22c0, 912;
E_000001251daa4c00/228 .event anyedge, v000001251daf22c0_909, v000001251daf22c0_910, v000001251daf22c0_911, v000001251daf22c0_912;
v000001251daf22c0_913 .array/port v000001251daf22c0, 913;
v000001251daf22c0_914 .array/port v000001251daf22c0, 914;
v000001251daf22c0_915 .array/port v000001251daf22c0, 915;
v000001251daf22c0_916 .array/port v000001251daf22c0, 916;
E_000001251daa4c00/229 .event anyedge, v000001251daf22c0_913, v000001251daf22c0_914, v000001251daf22c0_915, v000001251daf22c0_916;
v000001251daf22c0_917 .array/port v000001251daf22c0, 917;
v000001251daf22c0_918 .array/port v000001251daf22c0, 918;
v000001251daf22c0_919 .array/port v000001251daf22c0, 919;
v000001251daf22c0_920 .array/port v000001251daf22c0, 920;
E_000001251daa4c00/230 .event anyedge, v000001251daf22c0_917, v000001251daf22c0_918, v000001251daf22c0_919, v000001251daf22c0_920;
v000001251daf22c0_921 .array/port v000001251daf22c0, 921;
v000001251daf22c0_922 .array/port v000001251daf22c0, 922;
v000001251daf22c0_923 .array/port v000001251daf22c0, 923;
v000001251daf22c0_924 .array/port v000001251daf22c0, 924;
E_000001251daa4c00/231 .event anyedge, v000001251daf22c0_921, v000001251daf22c0_922, v000001251daf22c0_923, v000001251daf22c0_924;
v000001251daf22c0_925 .array/port v000001251daf22c0, 925;
v000001251daf22c0_926 .array/port v000001251daf22c0, 926;
v000001251daf22c0_927 .array/port v000001251daf22c0, 927;
v000001251daf22c0_928 .array/port v000001251daf22c0, 928;
E_000001251daa4c00/232 .event anyedge, v000001251daf22c0_925, v000001251daf22c0_926, v000001251daf22c0_927, v000001251daf22c0_928;
v000001251daf22c0_929 .array/port v000001251daf22c0, 929;
v000001251daf22c0_930 .array/port v000001251daf22c0, 930;
v000001251daf22c0_931 .array/port v000001251daf22c0, 931;
v000001251daf22c0_932 .array/port v000001251daf22c0, 932;
E_000001251daa4c00/233 .event anyedge, v000001251daf22c0_929, v000001251daf22c0_930, v000001251daf22c0_931, v000001251daf22c0_932;
v000001251daf22c0_933 .array/port v000001251daf22c0, 933;
v000001251daf22c0_934 .array/port v000001251daf22c0, 934;
v000001251daf22c0_935 .array/port v000001251daf22c0, 935;
v000001251daf22c0_936 .array/port v000001251daf22c0, 936;
E_000001251daa4c00/234 .event anyedge, v000001251daf22c0_933, v000001251daf22c0_934, v000001251daf22c0_935, v000001251daf22c0_936;
v000001251daf22c0_937 .array/port v000001251daf22c0, 937;
v000001251daf22c0_938 .array/port v000001251daf22c0, 938;
v000001251daf22c0_939 .array/port v000001251daf22c0, 939;
v000001251daf22c0_940 .array/port v000001251daf22c0, 940;
E_000001251daa4c00/235 .event anyedge, v000001251daf22c0_937, v000001251daf22c0_938, v000001251daf22c0_939, v000001251daf22c0_940;
v000001251daf22c0_941 .array/port v000001251daf22c0, 941;
v000001251daf22c0_942 .array/port v000001251daf22c0, 942;
v000001251daf22c0_943 .array/port v000001251daf22c0, 943;
v000001251daf22c0_944 .array/port v000001251daf22c0, 944;
E_000001251daa4c00/236 .event anyedge, v000001251daf22c0_941, v000001251daf22c0_942, v000001251daf22c0_943, v000001251daf22c0_944;
v000001251daf22c0_945 .array/port v000001251daf22c0, 945;
v000001251daf22c0_946 .array/port v000001251daf22c0, 946;
v000001251daf22c0_947 .array/port v000001251daf22c0, 947;
v000001251daf22c0_948 .array/port v000001251daf22c0, 948;
E_000001251daa4c00/237 .event anyedge, v000001251daf22c0_945, v000001251daf22c0_946, v000001251daf22c0_947, v000001251daf22c0_948;
v000001251daf22c0_949 .array/port v000001251daf22c0, 949;
v000001251daf22c0_950 .array/port v000001251daf22c0, 950;
v000001251daf22c0_951 .array/port v000001251daf22c0, 951;
v000001251daf22c0_952 .array/port v000001251daf22c0, 952;
E_000001251daa4c00/238 .event anyedge, v000001251daf22c0_949, v000001251daf22c0_950, v000001251daf22c0_951, v000001251daf22c0_952;
v000001251daf22c0_953 .array/port v000001251daf22c0, 953;
v000001251daf22c0_954 .array/port v000001251daf22c0, 954;
v000001251daf22c0_955 .array/port v000001251daf22c0, 955;
v000001251daf22c0_956 .array/port v000001251daf22c0, 956;
E_000001251daa4c00/239 .event anyedge, v000001251daf22c0_953, v000001251daf22c0_954, v000001251daf22c0_955, v000001251daf22c0_956;
v000001251daf22c0_957 .array/port v000001251daf22c0, 957;
v000001251daf22c0_958 .array/port v000001251daf22c0, 958;
v000001251daf22c0_959 .array/port v000001251daf22c0, 959;
v000001251daf22c0_960 .array/port v000001251daf22c0, 960;
E_000001251daa4c00/240 .event anyedge, v000001251daf22c0_957, v000001251daf22c0_958, v000001251daf22c0_959, v000001251daf22c0_960;
v000001251daf22c0_961 .array/port v000001251daf22c0, 961;
v000001251daf22c0_962 .array/port v000001251daf22c0, 962;
v000001251daf22c0_963 .array/port v000001251daf22c0, 963;
v000001251daf22c0_964 .array/port v000001251daf22c0, 964;
E_000001251daa4c00/241 .event anyedge, v000001251daf22c0_961, v000001251daf22c0_962, v000001251daf22c0_963, v000001251daf22c0_964;
v000001251daf22c0_965 .array/port v000001251daf22c0, 965;
v000001251daf22c0_966 .array/port v000001251daf22c0, 966;
v000001251daf22c0_967 .array/port v000001251daf22c0, 967;
v000001251daf22c0_968 .array/port v000001251daf22c0, 968;
E_000001251daa4c00/242 .event anyedge, v000001251daf22c0_965, v000001251daf22c0_966, v000001251daf22c0_967, v000001251daf22c0_968;
v000001251daf22c0_969 .array/port v000001251daf22c0, 969;
v000001251daf22c0_970 .array/port v000001251daf22c0, 970;
v000001251daf22c0_971 .array/port v000001251daf22c0, 971;
v000001251daf22c0_972 .array/port v000001251daf22c0, 972;
E_000001251daa4c00/243 .event anyedge, v000001251daf22c0_969, v000001251daf22c0_970, v000001251daf22c0_971, v000001251daf22c0_972;
v000001251daf22c0_973 .array/port v000001251daf22c0, 973;
v000001251daf22c0_974 .array/port v000001251daf22c0, 974;
v000001251daf22c0_975 .array/port v000001251daf22c0, 975;
v000001251daf22c0_976 .array/port v000001251daf22c0, 976;
E_000001251daa4c00/244 .event anyedge, v000001251daf22c0_973, v000001251daf22c0_974, v000001251daf22c0_975, v000001251daf22c0_976;
v000001251daf22c0_977 .array/port v000001251daf22c0, 977;
v000001251daf22c0_978 .array/port v000001251daf22c0, 978;
v000001251daf22c0_979 .array/port v000001251daf22c0, 979;
v000001251daf22c0_980 .array/port v000001251daf22c0, 980;
E_000001251daa4c00/245 .event anyedge, v000001251daf22c0_977, v000001251daf22c0_978, v000001251daf22c0_979, v000001251daf22c0_980;
v000001251daf22c0_981 .array/port v000001251daf22c0, 981;
v000001251daf22c0_982 .array/port v000001251daf22c0, 982;
v000001251daf22c0_983 .array/port v000001251daf22c0, 983;
v000001251daf22c0_984 .array/port v000001251daf22c0, 984;
E_000001251daa4c00/246 .event anyedge, v000001251daf22c0_981, v000001251daf22c0_982, v000001251daf22c0_983, v000001251daf22c0_984;
v000001251daf22c0_985 .array/port v000001251daf22c0, 985;
v000001251daf22c0_986 .array/port v000001251daf22c0, 986;
v000001251daf22c0_987 .array/port v000001251daf22c0, 987;
v000001251daf22c0_988 .array/port v000001251daf22c0, 988;
E_000001251daa4c00/247 .event anyedge, v000001251daf22c0_985, v000001251daf22c0_986, v000001251daf22c0_987, v000001251daf22c0_988;
v000001251daf22c0_989 .array/port v000001251daf22c0, 989;
v000001251daf22c0_990 .array/port v000001251daf22c0, 990;
v000001251daf22c0_991 .array/port v000001251daf22c0, 991;
v000001251daf22c0_992 .array/port v000001251daf22c0, 992;
E_000001251daa4c00/248 .event anyedge, v000001251daf22c0_989, v000001251daf22c0_990, v000001251daf22c0_991, v000001251daf22c0_992;
v000001251daf22c0_993 .array/port v000001251daf22c0, 993;
v000001251daf22c0_994 .array/port v000001251daf22c0, 994;
v000001251daf22c0_995 .array/port v000001251daf22c0, 995;
v000001251daf22c0_996 .array/port v000001251daf22c0, 996;
E_000001251daa4c00/249 .event anyedge, v000001251daf22c0_993, v000001251daf22c0_994, v000001251daf22c0_995, v000001251daf22c0_996;
v000001251daf22c0_997 .array/port v000001251daf22c0, 997;
v000001251daf22c0_998 .array/port v000001251daf22c0, 998;
v000001251daf22c0_999 .array/port v000001251daf22c0, 999;
v000001251daf22c0_1000 .array/port v000001251daf22c0, 1000;
E_000001251daa4c00/250 .event anyedge, v000001251daf22c0_997, v000001251daf22c0_998, v000001251daf22c0_999, v000001251daf22c0_1000;
v000001251daf22c0_1001 .array/port v000001251daf22c0, 1001;
v000001251daf22c0_1002 .array/port v000001251daf22c0, 1002;
v000001251daf22c0_1003 .array/port v000001251daf22c0, 1003;
v000001251daf22c0_1004 .array/port v000001251daf22c0, 1004;
E_000001251daa4c00/251 .event anyedge, v000001251daf22c0_1001, v000001251daf22c0_1002, v000001251daf22c0_1003, v000001251daf22c0_1004;
v000001251daf22c0_1005 .array/port v000001251daf22c0, 1005;
v000001251daf22c0_1006 .array/port v000001251daf22c0, 1006;
v000001251daf22c0_1007 .array/port v000001251daf22c0, 1007;
v000001251daf22c0_1008 .array/port v000001251daf22c0, 1008;
E_000001251daa4c00/252 .event anyedge, v000001251daf22c0_1005, v000001251daf22c0_1006, v000001251daf22c0_1007, v000001251daf22c0_1008;
v000001251daf22c0_1009 .array/port v000001251daf22c0, 1009;
v000001251daf22c0_1010 .array/port v000001251daf22c0, 1010;
v000001251daf22c0_1011 .array/port v000001251daf22c0, 1011;
v000001251daf22c0_1012 .array/port v000001251daf22c0, 1012;
E_000001251daa4c00/253 .event anyedge, v000001251daf22c0_1009, v000001251daf22c0_1010, v000001251daf22c0_1011, v000001251daf22c0_1012;
v000001251daf22c0_1013 .array/port v000001251daf22c0, 1013;
v000001251daf22c0_1014 .array/port v000001251daf22c0, 1014;
v000001251daf22c0_1015 .array/port v000001251daf22c0, 1015;
v000001251daf22c0_1016 .array/port v000001251daf22c0, 1016;
E_000001251daa4c00/254 .event anyedge, v000001251daf22c0_1013, v000001251daf22c0_1014, v000001251daf22c0_1015, v000001251daf22c0_1016;
v000001251daf22c0_1017 .array/port v000001251daf22c0, 1017;
v000001251daf22c0_1018 .array/port v000001251daf22c0, 1018;
v000001251daf22c0_1019 .array/port v000001251daf22c0, 1019;
v000001251daf22c0_1020 .array/port v000001251daf22c0, 1020;
E_000001251daa4c00/255 .event anyedge, v000001251daf22c0_1017, v000001251daf22c0_1018, v000001251daf22c0_1019, v000001251daf22c0_1020;
v000001251daf22c0_1021 .array/port v000001251daf22c0, 1021;
v000001251daf22c0_1022 .array/port v000001251daf22c0, 1022;
v000001251daf22c0_1023 .array/port v000001251daf22c0, 1023;
E_000001251daa4c00/256 .event anyedge, v000001251daf22c0_1021, v000001251daf22c0_1022, v000001251daf22c0_1023;
E_000001251daa4c00 .event/or E_000001251daa4c00/0, E_000001251daa4c00/1, E_000001251daa4c00/2, E_000001251daa4c00/3, E_000001251daa4c00/4, E_000001251daa4c00/5, E_000001251daa4c00/6, E_000001251daa4c00/7, E_000001251daa4c00/8, E_000001251daa4c00/9, E_000001251daa4c00/10, E_000001251daa4c00/11, E_000001251daa4c00/12, E_000001251daa4c00/13, E_000001251daa4c00/14, E_000001251daa4c00/15, E_000001251daa4c00/16, E_000001251daa4c00/17, E_000001251daa4c00/18, E_000001251daa4c00/19, E_000001251daa4c00/20, E_000001251daa4c00/21, E_000001251daa4c00/22, E_000001251daa4c00/23, E_000001251daa4c00/24, E_000001251daa4c00/25, E_000001251daa4c00/26, E_000001251daa4c00/27, E_000001251daa4c00/28, E_000001251daa4c00/29, E_000001251daa4c00/30, E_000001251daa4c00/31, E_000001251daa4c00/32, E_000001251daa4c00/33, E_000001251daa4c00/34, E_000001251daa4c00/35, E_000001251daa4c00/36, E_000001251daa4c00/37, E_000001251daa4c00/38, E_000001251daa4c00/39, E_000001251daa4c00/40, E_000001251daa4c00/41, E_000001251daa4c00/42, E_000001251daa4c00/43, E_000001251daa4c00/44, E_000001251daa4c00/45, E_000001251daa4c00/46, E_000001251daa4c00/47, E_000001251daa4c00/48, E_000001251daa4c00/49, E_000001251daa4c00/50, E_000001251daa4c00/51, E_000001251daa4c00/52, E_000001251daa4c00/53, E_000001251daa4c00/54, E_000001251daa4c00/55, E_000001251daa4c00/56, E_000001251daa4c00/57, E_000001251daa4c00/58, E_000001251daa4c00/59, E_000001251daa4c00/60, E_000001251daa4c00/61, E_000001251daa4c00/62, E_000001251daa4c00/63, E_000001251daa4c00/64, E_000001251daa4c00/65, E_000001251daa4c00/66, E_000001251daa4c00/67, E_000001251daa4c00/68, E_000001251daa4c00/69, E_000001251daa4c00/70, E_000001251daa4c00/71, E_000001251daa4c00/72, E_000001251daa4c00/73, E_000001251daa4c00/74, E_000001251daa4c00/75, E_000001251daa4c00/76, E_000001251daa4c00/77, E_000001251daa4c00/78, E_000001251daa4c00/79, E_000001251daa4c00/80, E_000001251daa4c00/81, E_000001251daa4c00/82, E_000001251daa4c00/83, E_000001251daa4c00/84, E_000001251daa4c00/85, E_000001251daa4c00/86, E_000001251daa4c00/87, E_000001251daa4c00/88, E_000001251daa4c00/89, E_000001251daa4c00/90, E_000001251daa4c00/91, E_000001251daa4c00/92, E_000001251daa4c00/93, E_000001251daa4c00/94, E_000001251daa4c00/95, E_000001251daa4c00/96, E_000001251daa4c00/97, E_000001251daa4c00/98, E_000001251daa4c00/99, E_000001251daa4c00/100, E_000001251daa4c00/101, E_000001251daa4c00/102, E_000001251daa4c00/103, E_000001251daa4c00/104, E_000001251daa4c00/105, E_000001251daa4c00/106, E_000001251daa4c00/107, E_000001251daa4c00/108, E_000001251daa4c00/109, E_000001251daa4c00/110, E_000001251daa4c00/111, E_000001251daa4c00/112, E_000001251daa4c00/113, E_000001251daa4c00/114, E_000001251daa4c00/115, E_000001251daa4c00/116, E_000001251daa4c00/117, E_000001251daa4c00/118, E_000001251daa4c00/119, E_000001251daa4c00/120, E_000001251daa4c00/121, E_000001251daa4c00/122, E_000001251daa4c00/123, E_000001251daa4c00/124, E_000001251daa4c00/125, E_000001251daa4c00/126, E_000001251daa4c00/127, E_000001251daa4c00/128, E_000001251daa4c00/129, E_000001251daa4c00/130, E_000001251daa4c00/131, E_000001251daa4c00/132, E_000001251daa4c00/133, E_000001251daa4c00/134, E_000001251daa4c00/135, E_000001251daa4c00/136, E_000001251daa4c00/137, E_000001251daa4c00/138, E_000001251daa4c00/139, E_000001251daa4c00/140, E_000001251daa4c00/141, E_000001251daa4c00/142, E_000001251daa4c00/143, E_000001251daa4c00/144, E_000001251daa4c00/145, E_000001251daa4c00/146, E_000001251daa4c00/147, E_000001251daa4c00/148, E_000001251daa4c00/149, E_000001251daa4c00/150, E_000001251daa4c00/151, E_000001251daa4c00/152, E_000001251daa4c00/153, E_000001251daa4c00/154, E_000001251daa4c00/155, E_000001251daa4c00/156, E_000001251daa4c00/157, E_000001251daa4c00/158, E_000001251daa4c00/159, E_000001251daa4c00/160, E_000001251daa4c00/161, E_000001251daa4c00/162, E_000001251daa4c00/163, E_000001251daa4c00/164, E_000001251daa4c00/165, E_000001251daa4c00/166, E_000001251daa4c00/167, E_000001251daa4c00/168, E_000001251daa4c00/169, E_000001251daa4c00/170, E_000001251daa4c00/171, E_000001251daa4c00/172, E_000001251daa4c00/173, E_000001251daa4c00/174, E_000001251daa4c00/175, E_000001251daa4c00/176, E_000001251daa4c00/177, E_000001251daa4c00/178, E_000001251daa4c00/179, E_000001251daa4c00/180, E_000001251daa4c00/181, E_000001251daa4c00/182, E_000001251daa4c00/183, E_000001251daa4c00/184, E_000001251daa4c00/185, E_000001251daa4c00/186, E_000001251daa4c00/187, E_000001251daa4c00/188, E_000001251daa4c00/189, E_000001251daa4c00/190, E_000001251daa4c00/191, E_000001251daa4c00/192, E_000001251daa4c00/193, E_000001251daa4c00/194, E_000001251daa4c00/195, E_000001251daa4c00/196, E_000001251daa4c00/197, E_000001251daa4c00/198, E_000001251daa4c00/199, E_000001251daa4c00/200, E_000001251daa4c00/201, E_000001251daa4c00/202, E_000001251daa4c00/203, E_000001251daa4c00/204, E_000001251daa4c00/205, E_000001251daa4c00/206, E_000001251daa4c00/207, E_000001251daa4c00/208, E_000001251daa4c00/209, E_000001251daa4c00/210, E_000001251daa4c00/211, E_000001251daa4c00/212, E_000001251daa4c00/213, E_000001251daa4c00/214, E_000001251daa4c00/215, E_000001251daa4c00/216, E_000001251daa4c00/217, E_000001251daa4c00/218, E_000001251daa4c00/219, E_000001251daa4c00/220, E_000001251daa4c00/221, E_000001251daa4c00/222, E_000001251daa4c00/223, E_000001251daa4c00/224, E_000001251daa4c00/225, E_000001251daa4c00/226, E_000001251daa4c00/227, E_000001251daa4c00/228, E_000001251daa4c00/229, E_000001251daa4c00/230, E_000001251daa4c00/231, E_000001251daa4c00/232, E_000001251daa4c00/233, E_000001251daa4c00/234, E_000001251daa4c00/235, E_000001251daa4c00/236, E_000001251daa4c00/237, E_000001251daa4c00/238, E_000001251daa4c00/239, E_000001251daa4c00/240, E_000001251daa4c00/241, E_000001251daa4c00/242, E_000001251daa4c00/243, E_000001251daa4c00/244, E_000001251daa4c00/245, E_000001251daa4c00/246, E_000001251daa4c00/247, E_000001251daa4c00/248, E_000001251daa4c00/249, E_000001251daa4c00/250, E_000001251daa4c00/251, E_000001251daa4c00/252, E_000001251daa4c00/253, E_000001251daa4c00/254, E_000001251daa4c00/255, E_000001251daa4c00/256;
E_000001251daa4dc0 .event posedge, v000001251daf2180_0;
S_000001251d9fdbd0 .scope module, "u_instruction_memory" "instruction_memory" 3 128, 7 20 0, S_000001251dabcc60;
 .timescale 0 0;
    .port_info 0 /INPUT 32 "address";
    .port_info 1 /OUTPUT 32 "instruction";
P_000001251dafcca0 .param/l "DATA_WIDTH" 0 7 21, +C4<00000000000000000000000000100000>;
P_000001251dafccd8 .param/str "INIT_FILE" 0 7 23, "programs/program.hex";
P_000001251dafcd10 .param/l "MEM_DEPTH" 0 7 22, +C4<00000000000000000000010000000000>;
L_000001251da8bbf0 .functor BUFZ 32, L_000001251db727c0, C4<00000000000000000000000000000000>, C4<00000000000000000000000000000000>, C4<00000000000000000000000000000000>;
v000001251daf27c0_0 .net *"_ivl_2", 31 0, L_000001251db727c0;  1 drivers
v000001251daf2c20_0 .net "address", 31 0, v000001251daf3300_0;  alias, 1 drivers
v000001251daf2360_0 .net "instruction", 31 0, L_000001251da8bbf0;  alias, 1 drivers
v000001251daf34e0 .array "instruction_mem", 1023 0, 31 0;
v000001251daf1a00_0 .net "word_address", 29 0, L_000001251db72e00;  1 drivers
L_000001251db72e00 .part v000001251daf3300_0, 2, 30;
L_000001251db727c0 .array/port v000001251daf34e0, L_000001251db72e00;
S_000001251d9fdd60 .scope module, "u_program_counter" "program_counter" 3 113, 8 26 0, S_000001251dabcc60;
 .timescale 0 0;
    .port_info 0 /INPUT 1 "clk";
    .port_info 1 /INPUT 1 "rst";
    .port_info 2 /INPUT 1 "pc_write";
    .port_info 3 /INPUT 32 "pc_next";
    .port_info 4 /OUTPUT 32 "pc";
P_000001251daa42c0 .param/l "DATA_WIDTH" 0 8 27, +C4<00000000000000000000000000100000>;
v000001251daf24a0_0 .net "clk", 0 0, v000001251db6d4c0_0;  alias, 1 drivers
v000001251daf3300_0 .var "pc", 31 0;
v000001251daf1b40_0 .net "pc_next", 31 0, v000001251daf1960_0;  alias, 1 drivers
L_000001251db73b08 .functor BUFT 1, C4<1>, C4<0>, C4<0>, C4<0>;
v000001251daf2cc0_0 .net "pc_write", 0 0, L_000001251db73b08;  1 drivers
v000001251daf2860_0 .net "rst", 0 0, v000001251db6c480_0;  alias, 1 drivers
S_000001251da62b10 .scope module, "u_rv32i_datapath" "rv32i_datapath" 3 167, 9 30 0, S_000001251dabcc60;
 .timescale 0 0;
    .port_info 0 /INPUT 1 "clk";
    .port_info 1 /INPUT 1 "rst";
    .port_info 2 /INPUT 32 "pc";
    .port_info 3 /INPUT 32 "instruction";
    .port_info 4 /INPUT 1 "RegWrite";
    .port_info 5 /INPUT 1 "MemRead";
    .port_info 6 /INPUT 1 "MemWrite";
    .port_info 7 /INPUT 1 "MemToReg";
    .port_info 8 /INPUT 1 "ALUSrc";
    .port_info 9 /INPUT 1 "Branch";
    .port_info 10 /INPUT 1 "Jump";
    .port_info 11 /INPUT 2 "ALUOp";
    .port_info 12 /INPUT 4 "alu_control";
    .port_info 13 /OUTPUT 32 "next_pc";
    .port_info 14 /OUTPUT 32 "rd_data";
    .port_info 15 /OUTPUT 32 "alu_result";
    .port_info 16 /OUTPUT 1 "branch_taken";
    .port_info 17 /OUTPUT 32 "mem_address";
    .port_info 18 /OUTPUT 32 "mem_write_data";
    .port_info 19 /OUTPUT 1 "mem_read";
    .port_info 20 /OUTPUT 1 "mem_write";
    .port_info 21 /OUTPUT 3 "mem_funct3";
    .port_info 22 /INPUT 32 "mem_read_data";
P_000001251daa4300 .param/l "DATA_WIDTH" 0 9 31, +C4<00000000000000000000000000100000>;
L_000001251da8c750 .functor BUFZ 32, v000001251daf3080_0, C4<00000000000000000000000000000000>, C4<00000000000000000000000000000000>, C4<00000000000000000000000000000000>;
L_000001251da8c280 .functor BUFZ 32, L_000001251db733a0, C4<00000000000000000000000000000000>, C4<00000000000000000000000000000000>, C4<00000000000000000000000000000000>;
L_000001251da8c360 .functor BUFZ 1, v000001251da0df20_0, C4<0>, C4<0>, C4<0>;
L_000001251da8c210 .functor BUFZ 1, v000001251daf2720_0, C4<0>, C4<0>, C4<0>;
L_000001251da8bdb0 .functor BUFZ 1, v000001251daf3120_0, C4<0>, C4<0>, C4<0>;
L_000001251db73d90 .functor BUFT 1, C4<11111111111111111111111111111110>, C4<0>, C4<0>, C4<0>;
L_000001251da8be20 .functor AND 32, L_000001251db72ea0, L_000001251db73d90, C4<11111111111111111111111111111111>, C4<11111111111111111111111111111111>;
v000001251db69a00_0 .net "ALUOp", 1 0, v000001251da8ef20_0;  alias, 1 drivers
v000001251db690a0_0 .net "ALUSrc", 0 0, v000001251da8f1a0_0;  alias, 1 drivers
v000001251db69460_0 .net "Branch", 0 0, v000001251da8f380_0;  alias, 1 drivers
v000001251db69140_0 .net "Jump", 0 0, v000001251da8dc60_0;  alias, 1 drivers
v000001251db69280_0 .net "MemRead", 0 0, v000001251da0df20_0;  alias, 1 drivers
v000001251db696e0_0 .net "MemToReg", 0 0, v000001251daf2ae0_0;  alias, 1 drivers
v000001251db69640_0 .net "MemWrite", 0 0, v000001251daf2720_0;  alias, 1 drivers
v000001251db6a400_0 .net "RegWrite", 0 0, v000001251daf31c0_0;  alias, 1 drivers
L_000001251db73d48 .functor BUFT 1, C4<00000000000000000000000000000100>, C4<0>, C4<0>, C4<0>;
v000001251db69500_0 .net/2u *"_ivl_26", 31 0, L_000001251db73d48;  1 drivers
v000001251db68c40_0 .net/2u *"_ivl_36", 31 0, L_000001251db73d90;  1 drivers
v000001251db68e20_0 .var "alu_a_src", 1 0;
v000001251db6a4a0_0 .net "alu_control", 3 0, v000001251da8d9e0_0;  alias, 1 drivers
v000001251db69320_0 .var "alu_operand_a", 31 0;
v000001251db6a540_0 .net "alu_operand_b", 31 0, L_000001251db71c80;  1 drivers
v000001251db693c0_0 .net "alu_result", 31 0, v000001251daf3080_0;  alias, 1 drivers
v000001251db695a0_0 .net "alu_zero", 0 0, L_000001251db720e0;  1 drivers
v000001251db69820_0 .net "branch_condition", 0 0, v000001251daf3120_0;  1 drivers
v000001251db698c0_0 .net "branch_taken", 0 0, L_000001251da8bdb0;  alias, 1 drivers
v000001251db69960_0 .net "branch_target", 31 0, L_000001251db71fa0;  1 drivers
v000001251db69aa0_0 .net "clk", 0 0, v000001251db6d4c0_0;  alias, 1 drivers
v000001251db69b40_0 .net "funct3", 2 0, L_000001251db71be0;  1 drivers
v000001251db69be0_0 .net "funct7", 6 0, L_000001251db72040;  1 drivers
v000001251db6a040_0 .net "immediate", 31 0, v000001251daf1fa0_0;  1 drivers
v000001251db69f00_0 .net "instruction", 31 0, L_000001251da8bbf0;  alias, 1 drivers
v000001251db69c80_0 .net "jal_target", 31 0, L_000001251db72900;  1 drivers
v000001251db6a0e0_0 .net "jalr_target", 31 0, L_000001251da8be20;  1 drivers
v000001251db69d20_0 .net "jalr_target_raw", 31 0, L_000001251db72ea0;  1 drivers
v000001251db6d240_0 .net "mem_address", 31 0, L_000001251da8c750;  alias, 1 drivers
v000001251db6c840_0 .net "mem_funct3", 2 0, L_000001251db73440;  alias, 1 drivers
v000001251db6c520_0 .net "mem_read", 0 0, L_000001251da8c360;  alias, 1 drivers
v000001251db6cac0_0 .net "mem_read_data", 31 0, v000001251daf3260_0;  alias, 1 drivers
v000001251db6cca0_0 .net "mem_write", 0 0, L_000001251da8c210;  alias, 1 drivers
v000001251db6d740_0 .net "mem_write_data", 31 0, L_000001251da8c280;  alias, 1 drivers
v000001251db6cd40_0 .net "next_pc", 31 0, v000001251daf1960_0;  alias, 1 drivers
v000001251db6bbc0_0 .net "opcode", 6 0, L_000001251db734e0;  1 drivers
v000001251db6d560_0 .net "pc", 31 0, v000001251daf3300_0;  alias, 1 drivers
v000001251db6d420_0 .net "pc_plus_4", 31 0, L_000001251db73620;  1 drivers
v000001251db6bf80_0 .var "pc_src", 1 0;
v000001251db6c5c0_0 .net "rd_addr", 4 0, L_000001251db73120;  1 drivers
v000001251db6d920_0 .net "rd_data", 31 0, v000001251db6a9a0_0;  alias, 1 drivers
v000001251db6d600_0 .net "rs1_addr", 4 0, L_000001251db71dc0;  1 drivers
v000001251db6d7e0_0 .net "rs1_data", 31 0, L_000001251db73300;  1 drivers
v000001251db6c340_0 .net "rs2_addr", 4 0, L_000001251db72360;  1 drivers
v000001251db6cde0_0 .net "rs2_data", 31 0, L_000001251db733a0;  1 drivers
v000001251db6ca20_0 .net "rst", 0 0, v000001251db6c480_0;  alias, 1 drivers
v000001251db6c200_0 .var "wb_src", 1 0;
E_000001251daa4ac0 .event anyedge, v000001251daf2ae0_0, v000001251da8dc60_0;
E_000001251daa4440 .event anyedge, v000001251db6bbc0_0;
E_000001251daa4340 .event anyedge, v000001251db6bbc0_0, v000001251db68e20_0, v000001251daf33a0_0, v000001251daf2c20_0;
L_000001251db734e0 .part L_000001251da8bbf0, 0, 7;
L_000001251db73120 .part L_000001251da8bbf0, 7, 5;
L_000001251db71be0 .part L_000001251da8bbf0, 12, 3;
L_000001251db71dc0 .part L_000001251da8bbf0, 15, 5;
L_000001251db72360 .part L_000001251da8bbf0, 20, 5;
L_000001251db72040 .part L_000001251da8bbf0, 25, 7;
L_000001251db71c80 .functor MUXZ 32, L_000001251db733a0, v000001251daf1fa0_0, v000001251da8f1a0_0, C4<>;
L_000001251db73440 .part L_000001251da8bbf0, 12, 3;
L_000001251db73620 .arith/sum 32, v000001251daf3300_0, L_000001251db73d48;
L_000001251db71fa0 .arith/sum 32, v000001251daf3300_0, v000001251daf1fa0_0;
L_000001251db72900 .arith/sum 32, v000001251daf3300_0, v000001251daf1fa0_0;
L_000001251db72ea0 .arith/sum 32, L_000001251db73300, v000001251daf1fa0_0;
S_000001251da62ca0 .scope module, "u_alu" "alu" 9 261, 10 35 0, S_000001251da62b10;
 .timescale 0 0;
    .port_info 0 /INPUT 32 "operand_a";
    .port_info 1 /INPUT 32 "operand_b";
    .port_info 2 /INPUT 4 "alu_op";
    .port_info 3 /OUTPUT 32 "result";
    .port_info 4 /OUTPUT 1 "zero";
P_000001251daa4b40 .param/l "DATA_WIDTH" 0 10 36, +C4<00000000000000000000000000100000>;
L_000001251db73d00 .functor BUFT 1, C4<00000000000000000000000000000000>, C4<0>, C4<0>, C4<0>;
v000001251daf1e60_0 .net/2u *"_ivl_0", 31 0, L_000001251db73d00;  1 drivers
v000001251daf2400_0 .net "alu_op", 3 0, v000001251da8d9e0_0;  alias, 1 drivers
v000001251daf2fe0_0 .net "operand_a", 31 0, v000001251db69320_0;  1 drivers
v000001251daf1780_0 .net "operand_b", 31 0, L_000001251db71c80;  alias, 1 drivers
v000001251daf3080_0 .var "result", 31 0;
v000001251daf2040_0 .net "zero", 0 0, L_000001251db720e0;  alias, 1 drivers
E_000001251daa4480 .event anyedge, v000001251da8d9e0_0, v000001251daf2fe0_0, v000001251daf1780_0;
L_000001251db720e0 .cmp/eq 32, v000001251daf3080_0, L_000001251db73d00;
S_000001251da62e30 .scope module, "u_branch_unit" "branch_unit" 9 308, 11 33 0, S_000001251da62b10;
 .timescale 0 0;
    .port_info 0 /INPUT 3 "funct3";
    .port_info 1 /INPUT 32 "rs1_data";
    .port_info 2 /INPUT 32 "rs2_data";
    .port_info 3 /OUTPUT 1 "branch_taken";
P_000001251daa4bc0 .param/l "DATA_WIDTH" 0 11 34, +C4<00000000000000000000000000100000>;
v000001251daf3120_0 .var "branch_taken", 0 0;
v000001251daf2680_0 .net "funct3", 2 0, L_000001251db71be0;  alias, 1 drivers
v000001251daf33a0_0 .net "rs1_data", 31 0, L_000001251db73300;  alias, 1 drivers
v000001251daf1be0_0 .net "rs2_data", 31 0, L_000001251db733a0;  alias, 1 drivers
E_000001251daa4380 .event anyedge, v000001251daf2680_0, v000001251daf33a0_0, v000001251daf1be0_0;
S_000001251da56ce0 .scope module, "u_immediate_generator" "immediate_generator" 9 149, 12 27 0, S_000001251da62b10;
 .timescale 0 0;
    .port_info 0 /INPUT 32 "instruction";
    .port_info 1 /OUTPUT 32 "immediate";
P_000001251daa43c0 .param/l "DATA_WIDTH" 0 12 28, +C4<00000000000000000000000000100000>;
v000001251daf1fa0_0 .var "immediate", 31 0;
v000001251daf2e00_0 .net "instruction", 31 0, L_000001251da8bbf0;  alias, 1 drivers
v000001251daf18c0_0 .net "opcode", 6 0, L_000001251db73580;  1 drivers
E_000001251daa4500 .event anyedge, v000001251daf18c0_0, v000001251daf2360_0;
L_000001251db73580 .part L_000001251da8bbf0, 0, 7;
S_000001251da56e70 .scope module, "u_next_pc" "next_pc" 9 442, 13 21 0, S_000001251da62b10;
 .timescale 0 0;
    .port_info 0 /INPUT 32 "pc";
    .port_info 1 /INPUT 32 "branch_target";
    .port_info 2 /INPUT 32 "jal_target";
    .port_info 3 /INPUT 32 "jalr_target";
    .port_info 4 /INPUT 1 "branch_taken";
    .port_info 5 /INPUT 2 "pc_src";
    .port_info 6 /OUTPUT 32 "next_pc";
P_000001251daa4cc0 .param/l "DATA_WIDTH" 0 13 22, +C4<00000000000000000000000000100000>;
v000001251daf3440_0 .net "branch_taken", 0 0, L_000001251da8bdb0;  alias, 1 drivers
v000001251daf3580_0 .net "branch_target", 31 0, L_000001251db71fa0;  alias, 1 drivers
v000001251daf3620_0 .net "jal_target", 31 0, L_000001251db72900;  alias, 1 drivers
v000001251daf1820_0 .net "jalr_target", 31 0, L_000001251da8be20;  alias, 1 drivers
v000001251daf1960_0 .var "next_pc", 31 0;
v000001251daf1dc0_0 .net "pc", 31 0, v000001251daf3300_0;  alias, 1 drivers
v000001251daf20e0_0 .net "pc_src", 1 0, v000001251db6bf80_0;  1 drivers
E_000001251daa3ec0/0 .event anyedge, v000001251daf20e0_0, v000001251daf2c20_0, v000001251daf3440_0, v000001251daf3580_0;
E_000001251daa3ec0/1 .event anyedge, v000001251daf3620_0, v000001251daf1820_0;
E_000001251daa3ec0 .event/or E_000001251daa3ec0/0, E_000001251daa3ec0/1;
S_000001251da57000 .scope module, "u_register_file" "register_file" 9 122, 14 17 0, S_000001251da62b10;
 .timescale 0 0;
    .port_info 0 /INPUT 1 "clk";
    .port_info 1 /INPUT 1 "rst";
    .port_info 2 /INPUT 1 "reg_write";
    .port_info 3 /INPUT 5 "rs1_addr";
    .port_info 4 /INPUT 5 "rs2_addr";
    .port_info 5 /OUTPUT 32 "rs1_data";
    .port_info 6 /OUTPUT 32 "rs2_data";
    .port_info 7 /INPUT 5 "rd_addr";
    .port_info 8 /INPUT 32 "rd_data";
P_000001251d9f3dc0 .param/l "ADDR_WIDTH" 0 14 20, +C4<00000000000000000000000000000101>;
P_000001251d9f3df8 .param/l "DATA_WIDTH" 0 14 18, +C4<00000000000000000000000000100000>;
P_000001251d9f3e30 .param/l "REG_COUNT" 0 14 19, +C4<00000000000000000000000000100000>;
P_000001251d9f3e68 .param/l "ZERO_REG" 1 14 41, C4<00000>;
L_000001251db73b50 .functor BUFT 1, C4<00000>, C4<0>, C4<0>, C4<0>;
v000001251daf2d60_0 .net/2u *"_ivl_0", 4 0, L_000001251db73b50;  1 drivers
L_000001251db73be0 .functor BUFT 1, C4<00>, C4<0>, C4<0>, C4<0>;
v000001251daf2220_0 .net *"_ivl_11", 1 0, L_000001251db73be0;  1 drivers
L_000001251db73c28 .functor BUFT 1, C4<00000>, C4<0>, C4<0>, C4<0>;
v000001251daf2ea0_0 .net/2u *"_ivl_14", 4 0, L_000001251db73c28;  1 drivers
v000001251daf2540_0 .net *"_ivl_16", 0 0, L_000001251db72220;  1 drivers
L_000001251db73c70 .functor BUFT 1, C4<00000000000000000000000000000000>, C4<0>, C4<0>, C4<0>;
v000001251daf25e0_0 .net/2u *"_ivl_18", 31 0, L_000001251db73c70;  1 drivers
v000001251db6a360_0 .net *"_ivl_2", 0 0, L_000001251db725e0;  1 drivers
v000001251db68f60_0 .net *"_ivl_20", 31 0, L_000001251db72d60;  1 drivers
v000001251db6a220_0 .net *"_ivl_22", 6 0, L_000001251db72fe0;  1 drivers
L_000001251db73cb8 .functor BUFT 1, C4<00>, C4<0>, C4<0>, C4<0>;
v000001251db6a180_0 .net *"_ivl_25", 1 0, L_000001251db73cb8;  1 drivers
L_000001251db73b98 .functor BUFT 1, C4<00000000000000000000000000000000>, C4<0>, C4<0>, C4<0>;
v000001251db6a720_0 .net/2u *"_ivl_4", 31 0, L_000001251db73b98;  1 drivers
v000001251db68ce0_0 .net *"_ivl_6", 31 0, L_000001251db72540;  1 drivers
v000001251db6a5e0_0 .net *"_ivl_8", 6 0, L_000001251db71e60;  1 drivers
v000001251db68b00_0 .net "clk", 0 0, v000001251db6d4c0_0;  alias, 1 drivers
v000001251db6a2c0_0 .var/i "i", 31 0;
v000001251db6a7c0_0 .net "rd_addr", 4 0, L_000001251db73120;  alias, 1 drivers
v000001251db6a680_0 .net "rd_data", 31 0, v000001251db6a9a0_0;  alias, 1 drivers
v000001251db69000_0 .net "reg_write", 0 0, v000001251daf31c0_0;  alias, 1 drivers
v000001251db691e0 .array "registers", 31 0, 31 0;
v000001251db68d80_0 .net "rs1_addr", 4 0, L_000001251db71dc0;  alias, 1 drivers
v000001251db6a860_0 .net "rs1_data", 31 0, L_000001251db73300;  alias, 1 drivers
v000001251db69fa0_0 .net "rs2_addr", 4 0, L_000001251db72360;  alias, 1 drivers
v000001251db69dc0_0 .net "rs2_data", 31 0, L_000001251db733a0;  alias, 1 drivers
v000001251db69780_0 .net "rst", 0 0, v000001251db6c480_0;  alias, 1 drivers
L_000001251db725e0 .cmp/eq 5, L_000001251db71dc0, L_000001251db73b50;
L_000001251db72540 .array/port v000001251db691e0, L_000001251db71e60;
L_000001251db71e60 .concat [ 5 2 0 0], L_000001251db71dc0, L_000001251db73be0;
L_000001251db73300 .functor MUXZ 32, L_000001251db72540, L_000001251db73b98, L_000001251db725e0, C4<>;
L_000001251db72220 .cmp/eq 5, L_000001251db72360, L_000001251db73c28;
L_000001251db72d60 .array/port v000001251db691e0, L_000001251db72fe0;
L_000001251db72fe0 .concat [ 5 2 0 0], L_000001251db72360, L_000001251db73cb8;
L_000001251db733a0 .functor MUXZ 32, L_000001251db72d60, L_000001251db73c70, L_000001251db72220, C4<>;
S_000001251db6b920 .scope module, "u_write_back" "write_back" 9 510, 15 20 0, S_000001251da62b10;
 .timescale 0 0;
    .port_info 0 /INPUT 32 "alu_result";
    .port_info 1 /INPUT 32 "memory_data";
    .port_info 2 /INPUT 32 "pc_plus_4";
    .port_info 3 /INPUT 2 "wb_src";
    .port_info 4 /OUTPUT 32 "rd_data";
P_000001251daa4d40 .param/l "DATA_WIDTH" 0 15 21, +C4<00000000000000000000000000100000>;
v000001251db6a900_0 .net "alu_result", 31 0, v000001251daf3080_0;  alias, 1 drivers
v000001251db68ec0_0 .net "memory_data", 31 0, v000001251daf3260_0;  alias, 1 drivers
v000001251db69e60_0 .net "pc_plus_4", 31 0, L_000001251db73620;  alias, 1 drivers
v000001251db6a9a0_0 .var "rd_data", 31 0;
v000001251db68ba0_0 .net "wb_src", 1 0, v000001251db6c200_0;  1 drivers
E_000001251daa5580 .event anyedge, v000001251db68ba0_0, v000001251daf3080_0, v000001251daf3260_0, v000001251db69e60_0;
    .scope S_000001251d9fdd60;
T_2 ;
    %wait E_000001251daa4dc0;
    %load/vec4 v000001251daf2860_0;
    %flag_set/vec4 8;
    %jmp/0xz  T_2.0, 8;
    %pushi/vec4 0, 0, 32;
    %assign/vec4 v000001251daf3300_0, 0;
    %jmp T_2.1;
T_2.0 ;
    %load/vec4 v000001251daf2cc0_0;
    %flag_set/vec4 8;
    %jmp/0xz  T_2.2, 8;
    %load/vec4 v000001251daf1b40_0;
    %assign/vec4 v000001251daf3300_0, 0;
T_2.2 ;
T_2.1 ;
    %jmp T_2;
    .thread T_2;
    .scope S_000001251d9fdbd0;
T_3 ;
    %vpi_call 7 52 "$readmemh", P_000001251dafccd8, v000001251daf34e0 {0 0 0};
    %end;
    .thread T_3;
    .scope S_000001251db00a40;
T_4 ;
    %wait E_000001251daa4240;
    %pushi/vec4 0, 0, 1;
    %store/vec4 v000001251daf31c0_0, 0, 1;
    %pushi/vec4 0, 0, 1;
    %store/vec4 v000001251da0df20_0, 0, 1;
    %pushi/vec4 0, 0, 1;
    %store/vec4 v000001251daf2720_0, 0, 1;
    %pushi/vec4 0, 0, 1;
    %store/vec4 v000001251daf2ae0_0, 0, 1;
    %pushi/vec4 0, 0, 1;
    %store/vec4 v000001251da8f1a0_0, 0, 1;
    %pushi/vec4 0, 0, 1;
    %store/vec4 v000001251da8f380_0, 0, 1;
    %pushi/vec4 0, 0, 1;
    %store/vec4 v000001251da8dc60_0, 0, 1;
    %pushi/vec4 0, 0, 2;
    %store/vec4 v000001251da8ef20_0, 0, 2;
    %load/vec4 v000001251daf2f40_0;
    %dup/vec4;
    %pushi/vec4 51, 0, 7;
    %cmp/u;
    %jmp/1 T_4.0, 6;
    %dup/vec4;
    %pushi/vec4 19, 0, 7;
    %cmp/u;
    %jmp/1 T_4.1, 6;
    %dup/vec4;
    %pushi/vec4 3, 0, 7;
    %cmp/u;
    %jmp/1 T_4.2, 6;
    %dup/vec4;
    %pushi/vec4 35, 0, 7;
    %cmp/u;
    %jmp/1 T_4.3, 6;
    %dup/vec4;
    %pushi/vec4 99, 0, 7;
    %cmp/u;
    %jmp/1 T_4.4, 6;
    %dup/vec4;
    %pushi/vec4 55, 0, 7;
    %cmp/u;
    %jmp/1 T_4.5, 6;
    %dup/vec4;
    %pushi/vec4 23, 0, 7;
    %cmp/u;
    %jmp/1 T_4.6, 6;
    %dup/vec4;
    %pushi/vec4 111, 0, 7;
    %cmp/u;
    %jmp/1 T_4.7, 6;
    %dup/vec4;
    %pushi/vec4 103, 0, 7;
    %cmp/u;
    %jmp/1 T_4.8, 6;
    %jmp T_4.10;
T_4.0 ;
    %pushi/vec4 1, 0, 1;
    %store/vec4 v000001251daf31c0_0, 0, 1;
    %pushi/vec4 0, 0, 1;
    %store/vec4 v000001251da8f1a0_0, 0, 1;
    %pushi/vec4 2, 0, 2;
    %store/vec4 v000001251da8ef20_0, 0, 2;
    %jmp T_4.10;
T_4.1 ;
    %pushi/vec4 1, 0, 1;
    %store/vec4 v000001251daf31c0_0, 0, 1;
    %pushi/vec4 1, 0, 1;
    %store/vec4 v000001251da8f1a0_0, 0, 1;
    %pushi/vec4 2, 0, 2;
    %store/vec4 v000001251da8ef20_0, 0, 2;
    %jmp T_4.10;
T_4.2 ;
    %pushi/vec4 1, 0, 1;
    %store/vec4 v000001251daf31c0_0, 0, 1;
    %pushi/vec4 1, 0, 1;
    %store/vec4 v000001251da0df20_0, 0, 1;
    %pushi/vec4 1, 0, 1;
    %store/vec4 v000001251daf2ae0_0, 0, 1;
    %pushi/vec4 1, 0, 1;
    %store/vec4 v000001251da8f1a0_0, 0, 1;
    %pushi/vec4 0, 0, 2;
    %store/vec4 v000001251da8ef20_0, 0, 2;
    %jmp T_4.10;
T_4.3 ;
    %pushi/vec4 1, 0, 1;
    %store/vec4 v000001251daf2720_0, 0, 1;
    %pushi/vec4 1, 0, 1;
    %store/vec4 v000001251da8f1a0_0, 0, 1;
    %pushi/vec4 0, 0, 2;
    %store/vec4 v000001251da8ef20_0, 0, 2;
    %jmp T_4.10;
T_4.4 ;
    %pushi/vec4 1, 0, 1;
    %store/vec4 v000001251da8f380_0, 0, 1;
    %pushi/vec4 0, 0, 1;
    %store/vec4 v000001251da8f1a0_0, 0, 1;
    %pushi/vec4 1, 0, 2;
    %store/vec4 v000001251da8ef20_0, 0, 2;
    %jmp T_4.10;
T_4.5 ;
    %pushi/vec4 1, 0, 1;
    %store/vec4 v000001251daf31c0_0, 0, 1;
    %pushi/vec4 1, 0, 1;
    %store/vec4 v000001251da8f1a0_0, 0, 1;
    %pushi/vec4 0, 0, 2;
    %store/vec4 v000001251da8ef20_0, 0, 2;
    %jmp T_4.10;
T_4.6 ;
    %pushi/vec4 1, 0, 1;
    %store/vec4 v000001251daf31c0_0, 0, 1;
    %pushi/vec4 1, 0, 1;
    %store/vec4 v000001251da8f1a0_0, 0, 1;
    %pushi/vec4 0, 0, 2;
    %store/vec4 v000001251da8ef20_0, 0, 2;
    %jmp T_4.10;
T_4.7 ;
    %pushi/vec4 1, 0, 1;
    %store/vec4 v000001251daf31c0_0, 0, 1;
    %pushi/vec4 1, 0, 1;
    %store/vec4 v000001251da8dc60_0, 0, 1;
    %jmp T_4.10;
T_4.8 ;
    %pushi/vec4 1, 0, 1;
    %store/vec4 v000001251daf31c0_0, 0, 1;
    %pushi/vec4 1, 0, 1;
    %store/vec4 v000001251da8f1a0_0, 0, 1;
    %pushi/vec4 1, 0, 1;
    %store/vec4 v000001251da8dc60_0, 0, 1;
    %pushi/vec4 0, 0, 2;
    %store/vec4 v000001251da8ef20_0, 0, 2;
    %jmp T_4.10;
T_4.10 ;
    %pop/vec4 1;
    %jmp T_4;
    .thread T_4, $push;
    .scope S_000001251db008b0;
T_5 ;
    %wait E_000001251daa4200;
    %pushi/vec4 0, 0, 4;
    %store/vec4 v000001251da8d9e0_0, 0, 4;
    %load/vec4 v000001251da8f060_0;
    %dup/vec4;
    %pushi/vec4 0, 0, 2;
    %cmp/u;
    %jmp/1 T_5.0, 6;
    %dup/vec4;
    %pushi/vec4 1, 0, 2;
    %cmp/u;
    %jmp/1 T_5.1, 6;
    %dup/vec4;
    %pushi/vec4 2, 0, 2;
    %cmp/u;
    %jmp/1 T_5.2, 6;
    %pushi/vec4 0, 0, 4;
    %store/vec4 v000001251da8d9e0_0, 0, 4;
    %jmp T_5.4;
T_5.0 ;
    %pushi/vec4 0, 0, 4;
    %store/vec4 v000001251da8d9e0_0, 0, 4;
    %jmp T_5.4;
T_5.1 ;
    %pushi/vec4 1, 0, 4;
    %store/vec4 v000001251da8d9e0_0, 0, 4;
    %jmp T_5.4;
T_5.2 ;
    %load/vec4 v000001251da8e2a0_0;
    %dup/vec4;
    %pushi/vec4 0, 0, 3;
    %cmp/u;
    %jmp/1 T_5.5, 6;
    %dup/vec4;
    %pushi/vec4 1, 0, 3;
    %cmp/u;
    %jmp/1 T_5.6, 6;
    %dup/vec4;
    %pushi/vec4 2, 0, 3;
    %cmp/u;
    %jmp/1 T_5.7, 6;
    %dup/vec4;
    %pushi/vec4 3, 0, 3;
    %cmp/u;
    %jmp/1 T_5.8, 6;
    %dup/vec4;
    %pushi/vec4 4, 0, 3;
    %cmp/u;
    %jmp/1 T_5.9, 6;
    %dup/vec4;
    %pushi/vec4 5, 0, 3;
    %cmp/u;
    %jmp/1 T_5.10, 6;
    %dup/vec4;
    %pushi/vec4 6, 0, 3;
    %cmp/u;
    %jmp/1 T_5.11, 6;
    %dup/vec4;
    %pushi/vec4 7, 0, 3;
    %cmp/u;
    %jmp/1 T_5.12, 6;
    %pushi/vec4 0, 0, 4;
    %store/vec4 v000001251da8d9e0_0, 0, 4;
    %jmp T_5.14;
T_5.5 ;
    %load/vec4 v000001251da8ed40_0;
    %cmpi/e 32, 0, 7;
    %jmp/0xz  T_5.15, 4;
    %pushi/vec4 1, 0, 4;
    %store/vec4 v000001251da8d9e0_0, 0, 4;
    %jmp T_5.16;
T_5.15 ;
    %pushi/vec4 0, 0, 4;
    %store/vec4 v000001251da8d9e0_0, 0, 4;
T_5.16 ;
    %jmp T_5.14;
T_5.6 ;
    %pushi/vec4 5, 0, 4;
    %store/vec4 v000001251da8d9e0_0, 0, 4;
    %jmp T_5.14;
T_5.7 ;
    %pushi/vec4 8, 0, 4;
    %store/vec4 v000001251da8d9e0_0, 0, 4;
    %jmp T_5.14;
T_5.8 ;
    %pushi/vec4 9, 0, 4;
    %store/vec4 v000001251da8d9e0_0, 0, 4;
    %jmp T_5.14;
T_5.9 ;
    %pushi/vec4 4, 0, 4;
    %store/vec4 v000001251da8d9e0_0, 0, 4;
    %jmp T_5.14;
T_5.10 ;
    %load/vec4 v000001251da8ed40_0;
    %cmpi/e 32, 0, 7;
    %jmp/0xz  T_5.17, 4;
    %pushi/vec4 7, 0, 4;
    %store/vec4 v000001251da8d9e0_0, 0, 4;
    %jmp T_5.18;
T_5.17 ;
    %pushi/vec4 6, 0, 4;
    %store/vec4 v000001251da8d9e0_0, 0, 4;
T_5.18 ;
    %jmp T_5.14;
T_5.11 ;
    %pushi/vec4 3, 0, 4;
    %store/vec4 v000001251da8d9e0_0, 0, 4;
    %jmp T_5.14;
T_5.12 ;
    %pushi/vec4 2, 0, 4;
    %store/vec4 v000001251da8d9e0_0, 0, 4;
    %jmp T_5.14;
T_5.14 ;
    %pop/vec4 1;
    %jmp T_5.4;
T_5.4 ;
    %pop/vec4 1;
    %jmp T_5;
    .thread T_5, $push;
    .scope S_000001251da57000;
T_6 ;
    %wait E_000001251daa4dc0;
    %load/vec4 v000001251db69780_0;
    %flag_set/vec4 8;
    %jmp/0xz  T_6.0, 8;
    %pushi/vec4 0, 0, 32;
    %store/vec4 v000001251db6a2c0_0, 0, 32;
T_6.2 ;
    %load/vec4 v000001251db6a2c0_0;
    %cmpi/s 32, 0, 32;
    %jmp/0xz T_6.3, 5;
    %pushi/vec4 0, 0, 32;
    %ix/getv/s 3, v000001251db6a2c0_0;
    %ix/load 4, 0, 0; Constant delay
    %assign/vec4/a/d v000001251db691e0, 0, 4;
    %load/vec4 v000001251db6a2c0_0;
    %addi 1, 0, 32;
    %store/vec4 v000001251db6a2c0_0, 0, 32;
    %jmp T_6.2;
T_6.3 ;
    %jmp T_6.1;
T_6.0 ;
    %load/vec4 v000001251db69000_0;
    %load/vec4 v000001251db6a7c0_0;
    %pushi/vec4 0, 0, 5;
    %cmp/ne;
    %flag_get/vec4 4;
    %and;
    %flag_set/vec4 8;
    %jmp/0xz  T_6.4, 8;
    %load/vec4 v000001251db6a680_0;
    %load/vec4 v000001251db6a7c0_0;
    %pad/u 7;
    %ix/vec4 3;
    %ix/load 4, 0, 0; Constant delay
    %assign/vec4/a/d v000001251db691e0, 0, 4;
T_6.4 ;
T_6.1 ;
    %jmp T_6;
    .thread T_6;
    .scope S_000001251da56ce0;
T_7 ;
    %wait E_000001251daa4500;
    %load/vec4 v000001251daf18c0_0;
    %dup/vec4;
    %pushi/vec4 19, 0, 7;
    %cmp/u;
    %jmp/1 T_7.0, 6;
    %dup/vec4;
    %pushi/vec4 3, 0, 7;
    %cmp/u;
    %jmp/1 T_7.1, 6;
    %dup/vec4;
    %pushi/vec4 103, 0, 7;
    %cmp/u;
    %jmp/1 T_7.2, 6;
    %dup/vec4;
    %pushi/vec4 35, 0, 7;
    %cmp/u;
    %jmp/1 T_7.3, 6;
    %dup/vec4;
    %pushi/vec4 99, 0, 7;
    %cmp/u;
    %jmp/1 T_7.4, 6;
    %dup/vec4;
    %pushi/vec4 55, 0, 7;
    %cmp/u;
    %jmp/1 T_7.5, 6;
    %dup/vec4;
    %pushi/vec4 23, 0, 7;
    %cmp/u;
    %jmp/1 T_7.6, 6;
    %dup/vec4;
    %pushi/vec4 111, 0, 7;
    %cmp/u;
    %jmp/1 T_7.7, 6;
    %pushi/vec4 0, 0, 32;
    %store/vec4 v000001251daf1fa0_0, 0, 32;
    %jmp T_7.9;
T_7.0 ;
    %load/vec4 v000001251daf2e00_0;
    %parti/s 1, 31, 6;
    %replicate 20;
    %load/vec4 v000001251daf2e00_0;
    %parti/s 12, 20, 6;
    %concat/vec4; draw_concat_vec4
    %store/vec4 v000001251daf1fa0_0, 0, 32;
    %jmp T_7.9;
T_7.1 ;
    %load/vec4 v000001251daf2e00_0;
    %parti/s 1, 31, 6;
    %replicate 20;
    %load/vec4 v000001251daf2e00_0;
    %parti/s 12, 20, 6;
    %concat/vec4; draw_concat_vec4
    %store/vec4 v000001251daf1fa0_0, 0, 32;
    %jmp T_7.9;
T_7.2 ;
    %load/vec4 v000001251daf2e00_0;
    %parti/s 1, 31, 6;
    %replicate 20;
    %load/vec4 v000001251daf2e00_0;
    %parti/s 12, 20, 6;
    %concat/vec4; draw_concat_vec4
    %store/vec4 v000001251daf1fa0_0, 0, 32;
    %jmp T_7.9;
T_7.3 ;
    %load/vec4 v000001251daf2e00_0;
    %parti/s 1, 31, 6;
    %replicate 20;
    %load/vec4 v000001251daf2e00_0;
    %parti/s 7, 25, 6;
    %concat/vec4; draw_concat_vec4
    %load/vec4 v000001251daf2e00_0;
    %parti/s 5, 7, 4;
    %concat/vec4; draw_concat_vec4
    %store/vec4 v000001251daf1fa0_0, 0, 32;
    %jmp T_7.9;
T_7.4 ;
    %load/vec4 v000001251daf2e00_0;
    %parti/s 1, 31, 6;
    %replicate 19;
    %load/vec4 v000001251daf2e00_0;
    %parti/s 1, 31, 6;
    %concat/vec4; draw_concat_vec4
    %load/vec4 v000001251daf2e00_0;
    %parti/s 1, 7, 4;
    %concat/vec4; draw_concat_vec4
    %load/vec4 v000001251daf2e00_0;
    %parti/s 6, 25, 6;
    %concat/vec4; draw_concat_vec4
    %load/vec4 v000001251daf2e00_0;
    %parti/s 4, 8, 5;
    %concat/vec4; draw_concat_vec4
    %concati/vec4 0, 0, 1;
    %store/vec4 v000001251daf1fa0_0, 0, 32;
    %jmp T_7.9;
T_7.5 ;
    %load/vec4 v000001251daf2e00_0;
    %parti/s 20, 12, 5;
    %concati/vec4 0, 0, 12;
    %store/vec4 v000001251daf1fa0_0, 0, 32;
    %jmp T_7.9;
T_7.6 ;
    %load/vec4 v000001251daf2e00_0;
    %parti/s 20, 12, 5;
    %concati/vec4 0, 0, 12;
    %store/vec4 v000001251daf1fa0_0, 0, 32;
    %jmp T_7.9;
T_7.7 ;
    %load/vec4 v000001251daf2e00_0;
    %parti/s 1, 31, 6;
    %replicate 11;
    %load/vec4 v000001251daf2e00_0;
    %parti/s 1, 31, 6;
    %concat/vec4; draw_concat_vec4
    %load/vec4 v000001251daf2e00_0;
    %parti/s 8, 12, 5;
    %concat/vec4; draw_concat_vec4
    %load/vec4 v000001251daf2e00_0;
    %parti/s 1, 20, 6;
    %concat/vec4; draw_concat_vec4
    %load/vec4 v000001251daf2e00_0;
    %parti/s 10, 21, 6;
    %concat/vec4; draw_concat_vec4
    %concati/vec4 0, 0, 1;
    %store/vec4 v000001251daf1fa0_0, 0, 32;
    %jmp T_7.9;
T_7.9 ;
    %pop/vec4 1;
    %jmp T_7;
    .thread T_7, $push;
    .scope S_000001251da62ca0;
T_8 ;
    %wait E_000001251daa4480;
    %pushi/vec4 0, 0, 32;
    %store/vec4 v000001251daf3080_0, 0, 32;
    %load/vec4 v000001251daf2400_0;
    %dup/vec4;
    %pushi/vec4 0, 0, 4;
    %cmp/u;
    %jmp/1 T_8.0, 6;
    %dup/vec4;
    %pushi/vec4 1, 0, 4;
    %cmp/u;
    %jmp/1 T_8.1, 6;
    %dup/vec4;
    %pushi/vec4 2, 0, 4;
    %cmp/u;
    %jmp/1 T_8.2, 6;
    %dup/vec4;
    %pushi/vec4 3, 0, 4;
    %cmp/u;
    %jmp/1 T_8.3, 6;
    %dup/vec4;
    %pushi/vec4 4, 0, 4;
    %cmp/u;
    %jmp/1 T_8.4, 6;
    %dup/vec4;
    %pushi/vec4 5, 0, 4;
    %cmp/u;
    %jmp/1 T_8.5, 6;
    %dup/vec4;
    %pushi/vec4 6, 0, 4;
    %cmp/u;
    %jmp/1 T_8.6, 6;
    %dup/vec4;
    %pushi/vec4 7, 0, 4;
    %cmp/u;
    %jmp/1 T_8.7, 6;
    %dup/vec4;
    %pushi/vec4 8, 0, 4;
    %cmp/u;
    %jmp/1 T_8.8, 6;
    %dup/vec4;
    %pushi/vec4 9, 0, 4;
    %cmp/u;
    %jmp/1 T_8.9, 6;
    %dup/vec4;
    %pushi/vec4 10, 0, 4;
    %cmp/u;
    %jmp/1 T_8.10, 6;
    %pushi/vec4 0, 0, 32;
    %store/vec4 v000001251daf3080_0, 0, 32;
    %jmp T_8.12;
T_8.0 ;
    %load/vec4 v000001251daf2fe0_0;
    %load/vec4 v000001251daf1780_0;
    %add;
    %store/vec4 v000001251daf3080_0, 0, 32;
    %jmp T_8.12;
T_8.1 ;
    %load/vec4 v000001251daf2fe0_0;
    %load/vec4 v000001251daf1780_0;
    %sub;
    %store/vec4 v000001251daf3080_0, 0, 32;
    %jmp T_8.12;
T_8.2 ;
    %load/vec4 v000001251daf2fe0_0;
    %load/vec4 v000001251daf1780_0;
    %and;
    %store/vec4 v000001251daf3080_0, 0, 32;
    %jmp T_8.12;
T_8.3 ;
    %load/vec4 v000001251daf2fe0_0;
    %load/vec4 v000001251daf1780_0;
    %or;
    %store/vec4 v000001251daf3080_0, 0, 32;
    %jmp T_8.12;
T_8.4 ;
    %load/vec4 v000001251daf2fe0_0;
    %load/vec4 v000001251daf1780_0;
    %xor;
    %store/vec4 v000001251daf3080_0, 0, 32;
    %jmp T_8.12;
T_8.5 ;
    %load/vec4 v000001251daf2fe0_0;
    %load/vec4 v000001251daf1780_0;
    %parti/s 5, 0, 2;
    %ix/vec4 4;
    %shiftl 4;
    %store/vec4 v000001251daf3080_0, 0, 32;
    %jmp T_8.12;
T_8.6 ;
    %load/vec4 v000001251daf2fe0_0;
    %load/vec4 v000001251daf1780_0;
    %parti/s 5, 0, 2;
    %ix/vec4 4;
    %shiftr 4;
    %store/vec4 v000001251daf3080_0, 0, 32;
    %jmp T_8.12;
T_8.7 ;
    %load/vec4 v000001251daf2fe0_0;
    %load/vec4 v000001251daf1780_0;
    %parti/s 5, 0, 2;
    %ix/vec4 4;
    %shiftr/s 4;
    %store/vec4 v000001251daf3080_0, 0, 32;
    %jmp T_8.12;
T_8.8 ;
    %load/vec4 v000001251daf2fe0_0;
    %load/vec4 v000001251daf1780_0;
    %cmp/s;
    %flag_mov 8, 5;
    %jmp/0 T_8.13, 8;
    %pushi/vec4 1, 0, 32;
    %jmp/1 T_8.14, 8;
T_8.13 ; End of true expr.
    %pushi/vec4 0, 0, 32;
    %jmp/0 T_8.14, 8;
 ; End of false expr.
    %blend;
T_8.14;
    %store/vec4 v000001251daf3080_0, 0, 32;
    %jmp T_8.12;
T_8.9 ;
    %load/vec4 v000001251daf2fe0_0;
    %load/vec4 v000001251daf1780_0;
    %cmp/u;
    %flag_mov 8, 5;
    %jmp/0 T_8.15, 8;
    %pushi/vec4 1, 0, 32;
    %jmp/1 T_8.16, 8;
T_8.15 ; End of true expr.
    %pushi/vec4 0, 0, 32;
    %jmp/0 T_8.16, 8;
 ; End of false expr.
    %blend;
T_8.16;
    %store/vec4 v000001251daf3080_0, 0, 32;
    %jmp T_8.12;
T_8.10 ;
    %load/vec4 v000001251daf1780_0;
    %store/vec4 v000001251daf3080_0, 0, 32;
    %jmp T_8.12;
T_8.12 ;
    %pop/vec4 1;
    %jmp T_8;
    .thread T_8, $push;
    .scope S_000001251da62e30;
T_9 ;
    %wait E_000001251daa4380;
    %pushi/vec4 0, 0, 1;
    %store/vec4 v000001251daf3120_0, 0, 1;
    %load/vec4 v000001251daf2680_0;
    %dup/vec4;
    %pushi/vec4 0, 0, 3;
    %cmp/u;
    %jmp/1 T_9.0, 6;
    %dup/vec4;
    %pushi/vec4 1, 0, 3;
    %cmp/u;
    %jmp/1 T_9.1, 6;
    %dup/vec4;
    %pushi/vec4 4, 0, 3;
    %cmp/u;
    %jmp/1 T_9.2, 6;
    %dup/vec4;
    %pushi/vec4 5, 0, 3;
    %cmp/u;
    %jmp/1 T_9.3, 6;
    %dup/vec4;
    %pushi/vec4 6, 0, 3;
    %cmp/u;
    %jmp/1 T_9.4, 6;
    %dup/vec4;
    %pushi/vec4 7, 0, 3;
    %cmp/u;
    %jmp/1 T_9.5, 6;
    %pushi/vec4 0, 0, 1;
    %store/vec4 v000001251daf3120_0, 0, 1;
    %jmp T_9.7;
T_9.0 ;
    %load/vec4 v000001251daf33a0_0;
    %load/vec4 v000001251daf1be0_0;
    %cmp/e;
    %jmp/0xz  T_9.8, 4;
    %pushi/vec4 1, 0, 1;
    %store/vec4 v000001251daf3120_0, 0, 1;
T_9.8 ;
    %jmp T_9.7;
T_9.1 ;
    %load/vec4 v000001251daf33a0_0;
    %load/vec4 v000001251daf1be0_0;
    %cmp/ne;
    %jmp/0xz  T_9.10, 4;
    %pushi/vec4 1, 0, 1;
    %store/vec4 v000001251daf3120_0, 0, 1;
T_9.10 ;
    %jmp T_9.7;
T_9.2 ;
    %load/vec4 v000001251daf33a0_0;
    %load/vec4 v000001251daf1be0_0;
    %cmp/s;
    %jmp/0xz  T_9.12, 5;
    %pushi/vec4 1, 0, 1;
    %store/vec4 v000001251daf3120_0, 0, 1;
T_9.12 ;
    %jmp T_9.7;
T_9.3 ;
    %load/vec4 v000001251daf1be0_0;
    %load/vec4 v000001251daf33a0_0;
    %cmp/s;
    %flag_or 5, 4;
    %jmp/0xz  T_9.14, 5;
    %pushi/vec4 1, 0, 1;
    %store/vec4 v000001251daf3120_0, 0, 1;
T_9.14 ;
    %jmp T_9.7;
T_9.4 ;
    %load/vec4 v000001251daf33a0_0;
    %load/vec4 v000001251daf1be0_0;
    %cmp/u;
    %jmp/0xz  T_9.16, 5;
    %pushi/vec4 1, 0, 1;
    %store/vec4 v000001251daf3120_0, 0, 1;
T_9.16 ;
    %jmp T_9.7;
T_9.5 ;
    %load/vec4 v000001251daf1be0_0;
    %load/vec4 v000001251daf33a0_0;
    %cmp/u;
    %flag_or 5, 4;
    %jmp/0xz  T_9.18, 5;
    %pushi/vec4 1, 0, 1;
    %store/vec4 v000001251daf3120_0, 0, 1;
T_9.18 ;
    %jmp T_9.7;
T_9.7 ;
    %pop/vec4 1;
    %jmp T_9;
    .thread T_9, $push;
    .scope S_000001251da56e70;
T_10 ;
    %wait E_000001251daa3ec0;
    %load/vec4 v000001251daf20e0_0;
    %dup/vec4;
    %pushi/vec4 0, 0, 2;
    %cmp/u;
    %jmp/1 T_10.0, 6;
    %dup/vec4;
    %pushi/vec4 1, 0, 2;
    %cmp/u;
    %jmp/1 T_10.1, 6;
    %dup/vec4;
    %pushi/vec4 2, 0, 2;
    %cmp/u;
    %jmp/1 T_10.2, 6;
    %dup/vec4;
    %pushi/vec4 3, 0, 2;
    %cmp/u;
    %jmp/1 T_10.3, 6;
    %load/vec4 v000001251daf1dc0_0;
    %addi 4, 0, 32;
    %store/vec4 v000001251daf1960_0, 0, 32;
    %jmp T_10.5;
T_10.0 ;
    %load/vec4 v000001251daf1dc0_0;
    %addi 4, 0, 32;
    %store/vec4 v000001251daf1960_0, 0, 32;
    %jmp T_10.5;
T_10.1 ;
    %load/vec4 v000001251daf3440_0;
    %flag_set/vec4 8;
    %jmp/0xz  T_10.6, 8;
    %load/vec4 v000001251daf3580_0;
    %store/vec4 v000001251daf1960_0, 0, 32;
    %jmp T_10.7;
T_10.6 ;
    %load/vec4 v000001251daf1dc0_0;
    %addi 4, 0, 32;
    %store/vec4 v000001251daf1960_0, 0, 32;
T_10.7 ;
    %jmp T_10.5;
T_10.2 ;
    %load/vec4 v000001251daf3620_0;
    %store/vec4 v000001251daf1960_0, 0, 32;
    %jmp T_10.5;
T_10.3 ;
    %load/vec4 v000001251daf1820_0;
    %store/vec4 v000001251daf1960_0, 0, 32;
    %jmp T_10.5;
T_10.5 ;
    %pop/vec4 1;
    %jmp T_10;
    .thread T_10, $push;
    .scope S_000001251db6b920;
T_11 ;
    %wait E_000001251daa5580;
    %load/vec4 v000001251db68ba0_0;
    %dup/vec4;
    %pushi/vec4 0, 0, 2;
    %cmp/u;
    %jmp/1 T_11.0, 6;
    %dup/vec4;
    %pushi/vec4 1, 0, 2;
    %cmp/u;
    %jmp/1 T_11.1, 6;
    %dup/vec4;
    %pushi/vec4 2, 0, 2;
    %cmp/u;
    %jmp/1 T_11.2, 6;
    %dup/vec4;
    %pushi/vec4 3, 0, 2;
    %cmp/u;
    %jmp/1 T_11.3, 6;
    %pushi/vec4 0, 0, 32;
    %store/vec4 v000001251db6a9a0_0, 0, 32;
    %jmp T_11.5;
T_11.0 ;
    %load/vec4 v000001251db6a900_0;
    %store/vec4 v000001251db6a9a0_0, 0, 32;
    %jmp T_11.5;
T_11.1 ;
    %load/vec4 v000001251db68ec0_0;
    %store/vec4 v000001251db6a9a0_0, 0, 32;
    %jmp T_11.5;
T_11.2 ;
    %load/vec4 v000001251db69e60_0;
    %store/vec4 v000001251db6a9a0_0, 0, 32;
    %jmp T_11.5;
T_11.3 ;
    %pushi/vec4 0, 0, 32;
    %store/vec4 v000001251db6a9a0_0, 0, 32;
    %jmp T_11.5;
T_11.5 ;
    %pop/vec4 1;
    %jmp T_11;
    .thread T_11, $push;
    .scope S_000001251da62b10;
T_12 ;
    %wait E_000001251daa4340;
    %load/vec4 v000001251db6bbc0_0;
    %cmpi/e 23, 0, 7;
    %jmp/0xz  T_12.0, 4;
    %pushi/vec4 1, 0, 2;
    %store/vec4 v000001251db68e20_0, 0, 2;
    %jmp T_12.1;
T_12.0 ;
    %load/vec4 v000001251db6bbc0_0;
    %cmpi/e 55, 0, 7;
    %jmp/0xz  T_12.2, 4;
    %pushi/vec4 2, 0, 2;
    %store/vec4 v000001251db68e20_0, 0, 2;
    %jmp T_12.3;
T_12.2 ;
    %pushi/vec4 0, 0, 2;
    %store/vec4 v000001251db68e20_0, 0, 2;
T_12.3 ;
T_12.1 ;
    %load/vec4 v000001251db68e20_0;
    %dup/vec4;
    %pushi/vec4 0, 0, 2;
    %cmp/u;
    %jmp/1 T_12.4, 6;
    %dup/vec4;
    %pushi/vec4 1, 0, 2;
    %cmp/u;
    %jmp/1 T_12.5, 6;
    %dup/vec4;
    %pushi/vec4 2, 0, 2;
    %cmp/u;
    %jmp/1 T_12.6, 6;
    %pushi/vec4 0, 0, 32;
    %store/vec4 v000001251db69320_0, 0, 32;
    %jmp T_12.8;
T_12.4 ;
    %load/vec4 v000001251db6d7e0_0;
    %store/vec4 v000001251db69320_0, 0, 32;
    %jmp T_12.8;
T_12.5 ;
    %load/vec4 v000001251db6d560_0;
    %store/vec4 v000001251db69320_0, 0, 32;
    %jmp T_12.8;
T_12.6 ;
    %pushi/vec4 0, 0, 32;
    %store/vec4 v000001251db69320_0, 0, 32;
    %jmp T_12.8;
T_12.8 ;
    %pop/vec4 1;
    %jmp T_12;
    .thread T_12, $push;
    .scope S_000001251da62b10;
T_13 ;
    %wait E_000001251daa4440;
    %load/vec4 v000001251db6bbc0_0;
    %cmpi/e 99, 0, 7;
    %jmp/0xz  T_13.0, 4;
    %pushi/vec4 1, 0, 2;
    %store/vec4 v000001251db6bf80_0, 0, 2;
    %jmp T_13.1;
T_13.0 ;
    %load/vec4 v000001251db6bbc0_0;
    %cmpi/e 111, 0, 7;
    %jmp/0xz  T_13.2, 4;
    %pushi/vec4 2, 0, 2;
    %store/vec4 v000001251db6bf80_0, 0, 2;
    %jmp T_13.3;
T_13.2 ;
    %load/vec4 v000001251db6bbc0_0;
    %cmpi/e 103, 0, 7;
    %jmp/0xz  T_13.4, 4;
    %pushi/vec4 3, 0, 2;
    %store/vec4 v000001251db6bf80_0, 0, 2;
    %jmp T_13.5;
T_13.4 ;
    %pushi/vec4 0, 0, 2;
    %store/vec4 v000001251db6bf80_0, 0, 2;
T_13.5 ;
T_13.3 ;
T_13.1 ;
    %jmp T_13;
    .thread T_13, $push;
    .scope S_000001251da62b10;
T_14 ;
    %wait E_000001251daa4ac0;
    %load/vec4 v000001251db696e0_0;
    %flag_set/vec4 8;
    %jmp/0xz  T_14.0, 8;
    %pushi/vec4 1, 0, 2;
    %store/vec4 v000001251db6c200_0, 0, 2;
    %jmp T_14.1;
T_14.0 ;
    %load/vec4 v000001251db69140_0;
    %flag_set/vec4 8;
    %jmp/0xz  T_14.2, 8;
    %pushi/vec4 2, 0, 2;
    %store/vec4 v000001251db6c200_0, 0, 2;
    %jmp T_14.3;
T_14.2 ;
    %pushi/vec4 0, 0, 2;
    %store/vec4 v000001251db6c200_0, 0, 2;
T_14.3 ;
T_14.1 ;
    %jmp T_14;
    .thread T_14, $push;
    .scope S_000001251d9fda40;
T_15 ;
    %wait E_000001251daa4dc0;
    %load/vec4 v000001251daf2900_0;
    %flag_set/vec4 8;
    %jmp/0xz  T_15.0, 8;
    %pushi/vec4 0, 0, 32;
    %store/vec4 v000001251daf1d20_0, 0, 32;
T_15.2 ;
    %load/vec4 v000001251daf1d20_0;
    %pad/s 42;
    %cmpi/s 1024, 0, 42;
    %jmp/0xz T_15.3, 5;
    %pushi/vec4 0, 0, 8;
    %ix/getv/s 3, v000001251daf1d20_0;
    %ix/load 4, 0, 0; Constant delay
    %assign/vec4/a/d v000001251daf22c0, 0, 4;
    %load/vec4 v000001251daf1d20_0;
    %addi 1, 0, 32;
    %store/vec4 v000001251daf1d20_0, 0, 32;
    %jmp T_15.2;
T_15.3 ;
    %jmp T_15.1;
T_15.0 ;
    %load/vec4 v000001251daf2b80_0;
    %flag_set/vec4 8;
    %jmp/0xz  T_15.4, 8;
    %load/vec4 v000001251daf1aa0_0;
    %dup/vec4;
    %pushi/vec4 0, 0, 3;
    %cmp/u;
    %jmp/1 T_15.6, 6;
    %dup/vec4;
    %pushi/vec4 1, 0, 3;
    %cmp/u;
    %jmp/1 T_15.7, 6;
    %dup/vec4;
    %pushi/vec4 2, 0, 3;
    %cmp/u;
    %jmp/1 T_15.8, 6;
    %jmp T_15.10;
T_15.6 ;
    %load/vec4 v000001251daf2a40_0;
    %parti/s 8, 0, 2;
    %load/vec4 v000001251daf1c80_0;
    %parti/s 10, 0, 2;
    %pad/u 12;
    %ix/vec4 3;
    %ix/load 4, 0, 0; Constant delay
    %assign/vec4/a/d v000001251daf22c0, 0, 4;
    %jmp T_15.10;
T_15.7 ;
    %load/vec4 v000001251daf2a40_0;
    %parti/s 8, 0, 2;
    %load/vec4 v000001251daf1c80_0;
    %parti/s 10, 0, 2;
    %pad/u 12;
    %ix/vec4 3;
    %ix/load 4, 0, 0; Constant delay
    %assign/vec4/a/d v000001251daf22c0, 0, 4;
    %load/vec4 v000001251daf2a40_0;
    %parti/s 8, 8, 5;
    %load/vec4 v000001251daf1c80_0;
    %parti/s 10, 0, 2;
    %pad/u 33;
    %addi 1, 0, 33;
    %ix/vec4 3;
    %ix/load 4, 0, 0; Constant delay
    %assign/vec4/a/d v000001251daf22c0, 0, 4;
    %jmp T_15.10;
T_15.8 ;
    %load/vec4 v000001251daf2a40_0;
    %parti/s 8, 0, 2;
    %load/vec4 v000001251daf1c80_0;
    %parti/s 10, 0, 2;
    %pad/u 12;
    %ix/vec4 3;
    %ix/load 4, 0, 0; Constant delay
    %assign/vec4/a/d v000001251daf22c0, 0, 4;
    %load/vec4 v000001251daf2a40_0;
    %parti/s 8, 8, 5;
    %load/vec4 v000001251daf1c80_0;
    %parti/s 10, 0, 2;
    %pad/u 33;
    %addi 1, 0, 33;
    %ix/vec4 3;
    %ix/load 4, 0, 0; Constant delay
    %assign/vec4/a/d v000001251daf22c0, 0, 4;
    %load/vec4 v000001251daf2a40_0;
    %parti/s 8, 16, 6;
    %load/vec4 v000001251daf1c80_0;
    %parti/s 10, 0, 2;
    %pad/u 33;
    %addi 2, 0, 33;
    %ix/vec4 3;
    %ix/load 4, 0, 0; Constant delay
    %assign/vec4/a/d v000001251daf22c0, 0, 4;
    %load/vec4 v000001251daf2a40_0;
    %parti/s 8, 24, 6;
    %load/vec4 v000001251daf1c80_0;
    %parti/s 10, 0, 2;
    %pad/u 33;
    %addi 3, 0, 33;
    %ix/vec4 3;
    %ix/load 4, 0, 0; Constant delay
    %assign/vec4/a/d v000001251daf22c0, 0, 4;
    %jmp T_15.10;
T_15.10 ;
    %pop/vec4 1;
T_15.4 ;
T_15.1 ;
    %jmp T_15;
    .thread T_15;
    .scope S_000001251d9fda40;
T_16 ;
    %wait E_000001251daa4c00;
    %pushi/vec4 0, 0, 32;
    %store/vec4 v000001251daf3260_0, 0, 32;
    %load/vec4 v000001251daf29a0_0;
    %flag_set/vec4 8;
    %jmp/0xz  T_16.0, 8;
    %load/vec4 v000001251daf1aa0_0;
    %dup/vec4;
    %pushi/vec4 0, 0, 3;
    %cmp/u;
    %jmp/1 T_16.2, 6;
    %dup/vec4;
    %pushi/vec4 1, 0, 3;
    %cmp/u;
    %jmp/1 T_16.3, 6;
    %dup/vec4;
    %pushi/vec4 2, 0, 3;
    %cmp/u;
    %jmp/1 T_16.4, 6;
    %dup/vec4;
    %pushi/vec4 4, 0, 3;
    %cmp/u;
    %jmp/1 T_16.5, 6;
    %dup/vec4;
    %pushi/vec4 5, 0, 3;
    %cmp/u;
    %jmp/1 T_16.6, 6;
    %pushi/vec4 0, 0, 32;
    %store/vec4 v000001251daf3260_0, 0, 32;
    %jmp T_16.8;
T_16.2 ;
    %load/vec4 v000001251daf1c80_0;
    %parti/s 10, 0, 2;
    %pad/u 12;
    %ix/vec4 4;
    %load/vec4a v000001251daf22c0, 4;
    %parti/s 1, 7, 4;
    %replicate 24;
    %load/vec4 v000001251daf1c80_0;
    %parti/s 10, 0, 2;
    %pad/u 12;
    %ix/vec4 4;
    %load/vec4a v000001251daf22c0, 4;
    %concat/vec4; draw_concat_vec4
    %store/vec4 v000001251daf3260_0, 0, 32;
    %jmp T_16.8;
T_16.3 ;
    %load/vec4 v000001251daf1c80_0;
    %parti/s 10, 0, 2;
    %pad/u 33;
    %addi 1, 0, 33;
    %ix/vec4 4;
    %load/vec4a v000001251daf22c0, 4;
    %parti/s 1, 7, 4;
    %replicate 16;
    %load/vec4 v000001251daf1c80_0;
    %parti/s 10, 0, 2;
    %pad/u 33;
    %addi 1, 0, 33;
    %ix/vec4 4;
    %load/vec4a v000001251daf22c0, 4;
    %concat/vec4; draw_concat_vec4
    %load/vec4 v000001251daf1c80_0;
    %parti/s 10, 0, 2;
    %pad/u 12;
    %ix/vec4 4;
    %load/vec4a v000001251daf22c0, 4;
    %concat/vec4; draw_concat_vec4
    %store/vec4 v000001251daf3260_0, 0, 32;
    %jmp T_16.8;
T_16.4 ;
    %load/vec4 v000001251daf1c80_0;
    %parti/s 10, 0, 2;
    %pad/u 33;
    %addi 3, 0, 33;
    %ix/vec4 4;
    %load/vec4a v000001251daf22c0, 4;
    %load/vec4 v000001251daf1c80_0;
    %parti/s 10, 0, 2;
    %pad/u 33;
    %addi 2, 0, 33;
    %ix/vec4 4;
    %load/vec4a v000001251daf22c0, 4;
    %concat/vec4; draw_concat_vec4
    %load/vec4 v000001251daf1c80_0;
    %parti/s 10, 0, 2;
    %pad/u 33;
    %addi 1, 0, 33;
    %ix/vec4 4;
    %load/vec4a v000001251daf22c0, 4;
    %concat/vec4; draw_concat_vec4
    %load/vec4 v000001251daf1c80_0;
    %parti/s 10, 0, 2;
    %pad/u 12;
    %ix/vec4 4;
    %load/vec4a v000001251daf22c0, 4;
    %concat/vec4; draw_concat_vec4
    %store/vec4 v000001251daf3260_0, 0, 32;
    %jmp T_16.8;
T_16.5 ;
    %pushi/vec4 0, 0, 24;
    %load/vec4 v000001251daf1c80_0;
    %parti/s 10, 0, 2;
    %pad/u 12;
    %ix/vec4 4;
    %load/vec4a v000001251daf22c0, 4;
    %concat/vec4; draw_concat_vec4
    %store/vec4 v000001251daf3260_0, 0, 32;
    %jmp T_16.8;
T_16.6 ;
    %pushi/vec4 0, 0, 16;
    %load/vec4 v000001251daf1c80_0;
    %parti/s 10, 0, 2;
    %pad/u 33;
    %addi 1, 0, 33;
    %ix/vec4 4;
    %load/vec4a v000001251daf22c0, 4;
    %concat/vec4; draw_concat_vec4
    %load/vec4 v000001251daf1c80_0;
    %parti/s 10, 0, 2;
    %pad/u 12;
    %ix/vec4 4;
    %load/vec4a v000001251daf22c0, 4;
    %concat/vec4; draw_concat_vec4
    %store/vec4 v000001251daf3260_0, 0, 32;
    %jmp T_16.8;
T_16.8 ;
    %pop/vec4 1;
T_16.0 ;
    %jmp T_16;
    .thread T_16, $push;
    .scope S_000001251db03570;
T_17 ;
    %pushi/vec4 0, 0, 1;
    %store/vec4 v000001251db6d4c0_0, 0, 1;
T_17.0 ;
    %delay 5000, 0;
    %load/vec4 v000001251db6d4c0_0;
    %inv;
    %store/vec4 v000001251db6d4c0_0, 0, 1;
    %jmp T_17.0;
    %end;
    .thread T_17;
    .scope S_000001251db03570;
T_18 ;
    %pushi/vec4 0, 0, 32;
    %store/vec4 v000001251db6c660_0, 0, 32;
    %pushi/vec4 0, 0, 32;
    %store/vec4 v000001251db6bc60_0, 0, 32;
    %pushi/vec4 1, 0, 1;
    %store/vec4 v000001251db6c480_0, 0, 1;
    %delay 20000, 0;
    %pushi/vec4 0, 0, 1;
    %store/vec4 v000001251db6c480_0, 0, 1;
    %vpi_call 2 164 "$display", "\000" {0 0 0};
    %vpi_call 2 165 "$display", "=================================================" {0 0 0};
    %vpi_call 2 166 "$display", "             RV32I CPU VERIFICATION" {0 0 0};
    %vpi_call 2 167 "$display", "=================================================" {0 0 0};
    %vpi_call 2 168 "$display", "\000" {0 0 0};
    %pushi/vec4 100, 0, 32;
T_18.0 %dup/vec4;
    %pushi/vec4 0, 0, 32;
    %cmp/s;
    %jmp/1xz T_18.1, 5;
    %jmp/1 T_18.1, 4;
    %pushi/vec4 1, 0, 32;
    %sub;
    %wait E_000001251daa4dc0;
    %jmp T_18.0;
T_18.1 ;
    %pop/vec4 1;
    %delay 1000, 0;
    %pushi/vec4 1, 0, 32;
    %store/vec4 v000001251da8e020_0, 0, 32;
    %pushi/vec4 10, 0, 32;
    %store/vec4 v000001251da8f100_0, 0, 32;
    %pushi/vec4 0, 0, 32; draw_string_vec4
    %pushi/vec4 0, 0, 32; draw_string_vec4
    %concat/vec4; draw_string_vec4
    %pushi/vec4 0, 0, 32; draw_string_vec4
    %concat/vec4; draw_string_vec4
    %pushi/vec4 0, 0, 32; draw_string_vec4
    %concat/vec4; draw_string_vec4
    %pushi/vec4 4277316, 0, 32; draw_string_vec4
    %concat/vec4; draw_string_vec4
    %pushi/vec4 1226864689, 0, 32; draw_string_vec4
    %concat/vec4; draw_string_vec4
    %pushi/vec4 740325424, 0, 32; draw_string_vec4
    %concat/vec4; draw_string_vec4
    %pushi/vec4 740307248, 0, 32; draw_string_vec4
    %concat/vec4; draw_string_vec4
    %store/vec4 v000001251da8eca0_0, 0, 256;
    %fork TD_rv32i_cpu_tb.check_register, S_000001251dabcad0;
    %join;
    %pushi/vec4 2, 0, 32;
    %store/vec4 v000001251da8e020_0, 0, 32;
    %pushi/vec4 20, 0, 32;
    %store/vec4 v000001251da8f100_0, 0, 32;
    %pushi/vec4 0, 0, 32; draw_string_vec4
    %pushi/vec4 0, 0, 32; draw_string_vec4
    %concat/vec4; draw_string_vec4
    %pushi/vec4 0, 0, 32; draw_string_vec4
    %concat/vec4; draw_string_vec4
    %pushi/vec4 0, 0, 32; draw_string_vec4
    %concat/vec4; draw_string_vec4
    %pushi/vec4 4277316, 0, 32; draw_string_vec4
    %concat/vec4; draw_string_vec4
    %pushi/vec4 1226864690, 0, 32; draw_string_vec4
    %concat/vec4; draw_string_vec4
    %pushi/vec4 740325424, 0, 32; draw_string_vec4
    %concat/vec4; draw_string_vec4
    %pushi/vec4 740307504, 0, 32; draw_string_vec4
    %concat/vec4; draw_string_vec4
    %store/vec4 v000001251da8eca0_0, 0, 256;
    %fork TD_rv32i_cpu_tb.check_register, S_000001251dabcad0;
    %join;
    %pushi/vec4 3, 0, 32;
    %store/vec4 v000001251da8e020_0, 0, 32;
    %pushi/vec4 30, 0, 32;
    %store/vec4 v000001251da8f100_0, 0, 32;
    %pushi/vec4 0, 0, 32; draw_string_vec4
    %pushi/vec4 0, 0, 32; draw_string_vec4
    %concat/vec4; draw_string_vec4
    %pushi/vec4 0, 0, 32; draw_string_vec4
    %concat/vec4; draw_string_vec4
    %pushi/vec4 0, 0, 32; draw_string_vec4
    %concat/vec4; draw_string_vec4
    %pushi/vec4 16708, 0, 32; draw_string_vec4
    %concat/vec4; draw_string_vec4
    %pushi/vec4 1142978611, 0, 32; draw_string_vec4
    %concat/vec4; draw_string_vec4
    %pushi/vec4 740325425, 0, 32; draw_string_vec4
    %concat/vec4; draw_string_vec4
    %pushi/vec4 740325426, 0, 32; draw_string_vec4
    %concat/vec4; draw_string_vec4
    %store/vec4 v000001251da8eca0_0, 0, 256;
    %fork TD_rv32i_cpu_tb.check_register, S_000001251dabcad0;
    %join;
    %pushi/vec4 4, 0, 32;
    %store/vec4 v000001251da8e020_0, 0, 32;
    %pushi/vec4 10, 0, 32;
    %store/vec4 v000001251da8f100_0, 0, 32;
    %pushi/vec4 0, 0, 32; draw_string_vec4
    %pushi/vec4 0, 0, 32; draw_string_vec4
    %concat/vec4; draw_string_vec4
    %pushi/vec4 0, 0, 32; draw_string_vec4
    %concat/vec4; draw_string_vec4
    %pushi/vec4 0, 0, 32; draw_string_vec4
    %concat/vec4; draw_string_vec4
    %pushi/vec4 21333, 0, 32; draw_string_vec4
    %concat/vec4; draw_string_vec4
    %pushi/vec4 1109424180, 0, 32; draw_string_vec4
    %concat/vec4; draw_string_vec4
    %pushi/vec4 740325426, 0, 32; draw_string_vec4
    %concat/vec4; draw_string_vec4
    %pushi/vec4 740325425, 0, 32; draw_string_vec4
    %concat/vec4; draw_string_vec4
    %store/vec4 v000001251da8eca0_0, 0, 256;
    %fork TD_rv32i_cpu_tb.check_register, S_000001251dabcad0;
    %join;
    %pushi/vec4 5, 0, 32;
    %store/vec4 v000001251da8e020_0, 0, 32;
    %pushi/vec4 0, 0, 32;
    %store/vec4 v000001251da8f100_0, 0, 32;
    %pushi/vec4 0, 0, 32; draw_string_vec4
    %pushi/vec4 0, 0, 32; draw_string_vec4
    %concat/vec4; draw_string_vec4
    %pushi/vec4 0, 0, 32; draw_string_vec4
    %concat/vec4; draw_string_vec4
    %pushi/vec4 0, 0, 32; draw_string_vec4
    %concat/vec4; draw_string_vec4
    %pushi/vec4 16718, 0, 32; draw_string_vec4
    %concat/vec4; draw_string_vec4
    %pushi/vec4 1142978613, 0, 32; draw_string_vec4
    %concat/vec4; draw_string_vec4
    %pushi/vec4 740325425, 0, 32; draw_string_vec4
    %concat/vec4; draw_string_vec4
    %pushi/vec4 740325426, 0, 32; draw_string_vec4
    %concat/vec4; draw_string_vec4
    %store/vec4 v000001251da8eca0_0, 0, 256;
    %fork TD_rv32i_cpu_tb.check_register, S_000001251dabcad0;
    %join;
    %pushi/vec4 6, 0, 32;
    %store/vec4 v000001251da8e020_0, 0, 32;
    %pushi/vec4 30, 0, 32;
    %store/vec4 v000001251da8f100_0, 0, 32;
    %pushi/vec4 0, 0, 32; draw_string_vec4
    %pushi/vec4 0, 0, 32; draw_string_vec4
    %concat/vec4; draw_string_vec4
    %pushi/vec4 0, 0, 32; draw_string_vec4
    %concat/vec4; draw_string_vec4
    %pushi/vec4 0, 0, 32; draw_string_vec4
    %concat/vec4; draw_string_vec4
    %pushi/vec4 79, 0, 32; draw_string_vec4
    %concat/vec4; draw_string_vec4
    %pushi/vec4 1377859638, 0, 32; draw_string_vec4
    %concat/vec4; draw_string_vec4
    %pushi/vec4 740325425, 0, 32; draw_string_vec4
    %concat/vec4; draw_string_vec4
    %pushi/vec4 740325426, 0, 32; draw_string_vec4
    %concat/vec4; draw_string_vec4
    %store/vec4 v000001251da8eca0_0, 0, 256;
    %fork TD_rv32i_cpu_tb.check_register, S_000001251dabcad0;
    %join;
    %pushi/vec4 7, 0, 32;
    %store/vec4 v000001251da8e020_0, 0, 32;
    %pushi/vec4 30, 0, 32;
    %store/vec4 v000001251da8f100_0, 0, 32;
    %pushi/vec4 0, 0, 32; draw_string_vec4
    %pushi/vec4 0, 0, 32; draw_string_vec4
    %concat/vec4; draw_string_vec4
    %pushi/vec4 0, 0, 32; draw_string_vec4
    %concat/vec4; draw_string_vec4
    %pushi/vec4 0, 0, 32; draw_string_vec4
    %concat/vec4; draw_string_vec4
    %pushi/vec4 22607, 0, 32; draw_string_vec4
    %concat/vec4; draw_string_vec4
    %pushi/vec4 1377859639, 0, 32; draw_string_vec4
    %concat/vec4; draw_string_vec4
    %pushi/vec4 740325425, 0, 32; draw_string_vec4
    %concat/vec4; draw_string_vec4
    %pushi/vec4 740325426, 0, 32; draw_string_vec4
    %concat/vec4; draw_string_vec4
    %store/vec4 v000001251da8eca0_0, 0, 256;
    %fork TD_rv32i_cpu_tb.check_register, S_000001251dabcad0;
    %join;
    %pushi/vec4 8, 0, 32;
    %store/vec4 v000001251da8e020_0, 0, 32;
    %pushi/vec4 40, 0, 32;
    %store/vec4 v000001251da8f100_0, 0, 32;
    %pushi/vec4 0, 0, 32; draw_string_vec4
    %pushi/vec4 0, 0, 32; draw_string_vec4
    %concat/vec4; draw_string_vec4
    %pushi/vec4 0, 0, 32; draw_string_vec4
    %concat/vec4; draw_string_vec4
    %pushi/vec4 0, 0, 32; draw_string_vec4
    %concat/vec4; draw_string_vec4
    %pushi/vec4 5459020, 0, 32; draw_string_vec4
    %concat/vec4; draw_string_vec4
    %pushi/vec4 544749612, 0, 32; draw_string_vec4
    %concat/vec4; draw_string_vec4
    %pushi/vec4 544747820, 0, 32; draw_string_vec4
    %concat/vec4; draw_string_vec4
    %pushi/vec4 544747832, 0, 32; draw_string_vec4
    %concat/vec4; draw_string_vec4
    %store/vec4 v000001251da8eca0_0, 0, 256;
    %fork TD_rv32i_cpu_tb.check_register, S_000001251dabcad0;
    %join;
    %pushi/vec4 9, 0, 32;
    %store/vec4 v000001251da8e020_0, 0, 32;
    %pushi/vec4 10, 0, 32;
    %store/vec4 v000001251da8f100_0, 0, 32;
    %pushi/vec4 0, 0, 32; draw_string_vec4
    %pushi/vec4 0, 0, 32; draw_string_vec4
    %concat/vec4; draw_string_vec4
    %pushi/vec4 0, 0, 32; draw_string_vec4
    %concat/vec4; draw_string_vec4
    %pushi/vec4 0, 0, 32; draw_string_vec4
    %concat/vec4; draw_string_vec4
    %pushi/vec4 5460556, 0, 32; draw_string_vec4
    %concat/vec4; draw_string_vec4
    %pushi/vec4 544749868, 0, 32; draw_string_vec4
    %concat/vec4; draw_string_vec4
    %pushi/vec4 544749612, 0, 32; draw_string_vec4
    %concat/vec4; draw_string_vec4
    %pushi/vec4 544747832, 0, 32; draw_string_vec4
    %concat/vec4; draw_string_vec4
    %store/vec4 v000001251da8eca0_0, 0, 256;
    %fork TD_rv32i_cpu_tb.check_register, S_000001251dabcad0;
    %join;
    %pushi/vec4 10, 0, 32;
    %store/vec4 v000001251da8e020_0, 0, 32;
    %pushi/vec4 10, 0, 32;
    %store/vec4 v000001251da8f100_0, 0, 32;
    %pushi/vec4 0, 0, 32; draw_string_vec4
    %pushi/vec4 0, 0, 32; draw_string_vec4
    %concat/vec4; draw_string_vec4
    %pushi/vec4 0, 0, 32; draw_string_vec4
    %concat/vec4; draw_string_vec4
    %pushi/vec4 0, 0, 32; draw_string_vec4
    %concat/vec4; draw_string_vec4
    %pushi/vec4 1397899552, 0, 32; draw_string_vec4
    %concat/vec4; draw_string_vec4
    %pushi/vec4 2016489516, 0, 32; draw_string_vec4
    %concat/vec4; draw_string_vec4
    %pushi/vec4 544749612, 0, 32; draw_string_vec4
    %concat/vec4; draw_string_vec4
    %pushi/vec4 544747832, 0, 32; draw_string_vec4
    %concat/vec4; draw_string_vec4
    %store/vec4 v000001251da8eca0_0, 0, 256;
    %fork TD_rv32i_cpu_tb.check_register, S_000001251dabcad0;
    %join;
    %pushi/vec4 11, 0, 32;
    %store/vec4 v000001251da8e020_0, 0, 32;
    %pushi/vec4 1, 0, 32;
    %store/vec4 v000001251da8f100_0, 0, 32;
    %pushi/vec4 0, 0, 32; draw_string_vec4
    %pushi/vec4 0, 0, 32; draw_string_vec4
    %concat/vec4; draw_string_vec4
    %pushi/vec4 0, 0, 32; draw_string_vec4
    %concat/vec4; draw_string_vec4
    %pushi/vec4 0, 0, 32; draw_string_vec4
    %concat/vec4; draw_string_vec4
    %pushi/vec4 5459028, 0, 32; draw_string_vec4
    %concat/vec4; draw_string_vec4
    %pushi/vec4 544747825, 0, 32; draw_string_vec4
    %concat/vec4; draw_string_vec4
    %pushi/vec4 740325425, 0, 32; draw_string_vec4
    %concat/vec4; draw_string_vec4
    %pushi/vec4 740325426, 0, 32; draw_string_vec4
    %concat/vec4; draw_string_vec4
    %store/vec4 v000001251da8eca0_0, 0, 256;
    %fork TD_rv32i_cpu_tb.check_register, S_000001251dabcad0;
    %join;
    %pushi/vec4 12, 0, 32;
    %store/vec4 v000001251da8e020_0, 0, 32;
    %pushi/vec4 1, 0, 32;
    %store/vec4 v000001251da8f100_0, 0, 32;
    %pushi/vec4 0, 0, 32; draw_string_vec4
    %pushi/vec4 0, 0, 32; draw_string_vec4
    %concat/vec4; draw_string_vec4
    %pushi/vec4 0, 0, 32; draw_string_vec4
    %concat/vec4; draw_string_vec4
    %pushi/vec4 0, 0, 32; draw_string_vec4
    %concat/vec4; draw_string_vec4
    %pushi/vec4 1397511253, 0, 32; draw_string_vec4
    %concat/vec4; draw_string_vec4
    %pushi/vec4 544747826, 0, 32; draw_string_vec4
    %concat/vec4; draw_string_vec4
    %pushi/vec4 740325425, 0, 32; draw_string_vec4
    %concat/vec4; draw_string_vec4
    %pushi/vec4 740325426, 0, 32; draw_string_vec4
    %concat/vec4; draw_string_vec4
    %store/vec4 v000001251da8eca0_0, 0, 256;
    %fork TD_rv32i_cpu_tb.check_register, S_000001251dabcad0;
    %join;
    %pushi/vec4 13, 0, 32;
    %store/vec4 v000001251da8e020_0, 0, 32;
    %pushi/vec4 1, 0, 32;
    %store/vec4 v000001251da8f100_0, 0, 32;
    %pushi/vec4 21324, 0, 32; draw_string_vec4
    %pushi/vec4 1411412841, 0, 32; draw_string_vec4
    %concat/vec4; draw_string_vec4
    %pushi/vec4 1735288164, 0, 32; draw_string_vec4
    %concat/vec4; draw_string_vec4
    %pushi/vec4 544105831, 0, 32; draw_string_vec4
    %concat/vec4; draw_string_vec4
    %pushi/vec4 1635019126, 0, 32; draw_string_vec4
    %concat/vec4; draw_string_vec4
    %pushi/vec4 1696621423, 0, 32; draw_string_vec4
    %concat/vec4; draw_string_vec4
    %pushi/vec4 1836081522, 0, 32; draw_string_vec4
    %concat/vec4; draw_string_vec4
    %pushi/vec4 1769172846, 0, 32; draw_string_vec4
    %concat/vec4; draw_string_vec4
    %store/vec4 v000001251da8eca0_0, 0, 256;
    %fork TD_rv32i_cpu_tb.check_register, S_000001251dabcad0;
    %join;
    %pushi/vec4 14, 0, 32;
    %store/vec4 v000001251da8e020_0, 0, 32;
    %pushi/vec4 0, 0, 32;
    %store/vec4 v000001251da8f100_0, 0, 32;
    %pushi/vec4 2829730022, 0, 33;
    %concati/vec4 3536772298, 0, 32;
    %concati/vec4 3361391826, 0, 32;
    %concati/vec4 3898269890, 0, 32;
    %concati/vec4 3907570404, 0, 32;
    %concati/vec4 3695232734, 0, 32;
    %concati/vec4 3672163044, 0, 32;
    %concati/vec4 1769172846, 0, 31;
    %store/vec4 v000001251da8eca0_0, 0, 256;
    %fork TD_rv32i_cpu_tb.check_register, S_000001251dabcad0;
    %join;
    %pushi/vec4 15, 0, 32;
    %store/vec4 v000001251da8e020_0, 0, 32;
    %pushi/vec4 40, 0, 32;
    %store/vec4 v000001251da8f100_0, 0, 32;
    %pushi/vec4 0, 0, 32; draw_string_vec4
    %pushi/vec4 0, 0, 32; draw_string_vec4
    %concat/vec4; draw_string_vec4
    %pushi/vec4 0, 0, 32; draw_string_vec4
    %concat/vec4; draw_string_vec4
    %pushi/vec4 0, 0, 32; draw_string_vec4
    %concat/vec4; draw_string_vec4
    %pushi/vec4 0, 0, 32; draw_string_vec4
    %concat/vec4; draw_string_vec4
    %pushi/vec4 0, 0, 32; draw_string_vec4
    %concat/vec4; draw_string_vec4
    %pushi/vec4 1397509193, 0, 32; draw_string_vec4
    %concat/vec4; draw_string_vec4
    %pushi/vec4 544747829, 0, 32; draw_string_vec4
    %concat/vec4; draw_string_vec4
    %store/vec4 v000001251da8eca0_0, 0, 256;
    %fork TD_rv32i_cpu_tb.check_register, S_000001251dabcad0;
    %join;
    %pushi/vec4 16, 0, 32;
    %store/vec4 v000001251da8e020_0, 0, 32;
    %pushi/vec4 10, 0, 32;
    %store/vec4 v000001251da8f100_0, 0, 32;
    %pushi/vec4 0, 0, 32; draw_string_vec4
    %pushi/vec4 0, 0, 32; draw_string_vec4
    %concat/vec4; draw_string_vec4
    %pushi/vec4 0, 0, 32; draw_string_vec4
    %concat/vec4; draw_string_vec4
    %pushi/vec4 0, 0, 32; draw_string_vec4
    %concat/vec4; draw_string_vec4
    %pushi/vec4 0, 0, 32; draw_string_vec4
    %concat/vec4; draw_string_vec4
    %pushi/vec4 0, 0, 32; draw_string_vec4
    %concat/vec4; draw_string_vec4
    %pushi/vec4 1397902409, 0, 32; draw_string_vec4
    %concat/vec4; draw_string_vec4
    %pushi/vec4 544747830, 0, 32; draw_string_vec4
    %concat/vec4; draw_string_vec4
    %store/vec4 v000001251da8eca0_0, 0, 256;
    %fork TD_rv32i_cpu_tb.check_register, S_000001251dabcad0;
    %join;
    %pushi/vec4 17, 0, 32;
    %store/vec4 v000001251da8e020_0, 0, 32;
    %pushi/vec4 4294967295, 0, 32;
    %store/vec4 v000001251da8f100_0, 0, 32;
    %pushi/vec4 0, 0, 32; draw_string_vec4
    %pushi/vec4 0, 0, 32; draw_string_vec4
    %concat/vec4; draw_string_vec4
    %pushi/vec4 0, 0, 32; draw_string_vec4
    %concat/vec4; draw_string_vec4
    %pushi/vec4 0, 0, 32; draw_string_vec4
    %concat/vec4; draw_string_vec4
    %pushi/vec4 0, 0, 32; draw_string_vec4
    %concat/vec4; draw_string_vec4
    %pushi/vec4 0, 0, 32; draw_string_vec4
    %concat/vec4; draw_string_vec4
    %pushi/vec4 1397899593, 0, 32; draw_string_vec4
    %concat/vec4; draw_string_vec4
    %pushi/vec4 544747831, 0, 32; draw_string_vec4
    %concat/vec4; draw_string_vec4
    %store/vec4 v000001251da8eca0_0, 0, 256;
    %fork TD_rv32i_cpu_tb.check_register, S_000001251dabcad0;
    %join;
    %pushi/vec4 20, 0, 32;
    %store/vec4 v000001251da8e020_0, 0, 32;
    %pushi/vec4 4, 0, 32;
    %store/vec4 v000001251da8f100_0, 0, 32;
    %pushi/vec4 0, 0, 32; draw_string_vec4
    %pushi/vec4 0, 0, 32; draw_string_vec4
    %concat/vec4; draw_string_vec4
    %pushi/vec4 0, 0, 32; draw_string_vec4
    %concat/vec4; draw_string_vec4
    %pushi/vec4 0, 0, 32; draw_string_vec4
    %concat/vec4; draw_string_vec4
    %pushi/vec4 0, 0, 32; draw_string_vec4
    %concat/vec4; draw_string_vec4
    %pushi/vec4 0, 0, 32; draw_string_vec4
    %concat/vec4; draw_string_vec4
    %pushi/vec4 1095648329, 0, 32; draw_string_vec4
    %concat/vec4; draw_string_vec4
    %pushi/vec4 544748080, 0, 32; draw_string_vec4
    %concat/vec4; draw_string_vec4
    %store/vec4 v000001251da8eca0_0, 0, 256;
    %fork TD_rv32i_cpu_tb.check_register, S_000001251dabcad0;
    %join;
    %pushi/vec4 21, 0, 32;
    %store/vec4 v000001251da8e020_0, 0, 32;
    %pushi/vec4 30, 0, 32;
    %store/vec4 v000001251da8f100_0, 0, 32;
    %pushi/vec4 0, 0, 32; draw_string_vec4
    %pushi/vec4 0, 0, 32; draw_string_vec4
    %concat/vec4; draw_string_vec4
    %pushi/vec4 0, 0, 32; draw_string_vec4
    %concat/vec4; draw_string_vec4
    %pushi/vec4 0, 0, 32; draw_string_vec4
    %concat/vec4; draw_string_vec4
    %pushi/vec4 0, 0, 32; draw_string_vec4
    %concat/vec4; draw_string_vec4
    %pushi/vec4 0, 0, 32; draw_string_vec4
    %concat/vec4; draw_string_vec4
    %pushi/vec4 5198409, 0, 32; draw_string_vec4
    %concat/vec4; draw_string_vec4
    %pushi/vec4 544748081, 0, 32; draw_string_vec4
    %concat/vec4; draw_string_vec4
    %store/vec4 v000001251da8eca0_0, 0, 256;
    %fork TD_rv32i_cpu_tb.check_register, S_000001251dabcad0;
    %join;
    %pushi/vec4 22, 0, 32;
    %store/vec4 v000001251da8e020_0, 0, 32;
    %pushi/vec4 27, 0, 32;
    %store/vec4 v000001251da8f100_0, 0, 32;
    %pushi/vec4 0, 0, 32; draw_string_vec4
    %pushi/vec4 0, 0, 32; draw_string_vec4
    %concat/vec4; draw_string_vec4
    %pushi/vec4 0, 0, 32; draw_string_vec4
    %concat/vec4; draw_string_vec4
    %pushi/vec4 0, 0, 32; draw_string_vec4
    %concat/vec4; draw_string_vec4
    %pushi/vec4 0, 0, 32; draw_string_vec4
    %concat/vec4; draw_string_vec4
    %pushi/vec4 0, 0, 32; draw_string_vec4
    %concat/vec4; draw_string_vec4
    %pushi/vec4 1481593417, 0, 32; draw_string_vec4
    %concat/vec4; draw_string_vec4
    %pushi/vec4 544748082, 0, 32; draw_string_vec4
    %concat/vec4; draw_string_vec4
    %store/vec4 v000001251da8eca0_0, 0, 256;
    %fork TD_rv32i_cpu_tb.check_register, S_000001251dabcad0;
    %join;
    %pushi/vec4 23, 0, 32;
    %store/vec4 v000001251da8e020_0, 0, 32;
    %pushi/vec4 30, 0, 32;
    %store/vec4 v000001251da8f100_0, 0, 32;
    %pushi/vec4 0, 0, 32; draw_string_vec4
    %pushi/vec4 0, 0, 32; draw_string_vec4
    %concat/vec4; draw_string_vec4
    %pushi/vec4 0, 0, 32; draw_string_vec4
    %concat/vec4; draw_string_vec4
    %pushi/vec4 0, 0, 32; draw_string_vec4
    %concat/vec4; draw_string_vec4
    %pushi/vec4 76, 0, 32; draw_string_vec4
    %concat/vec4; draw_string_vec4
    %pushi/vec4 1461745714, 0, 32; draw_string_vec4
    %concat/vec4; draw_string_vec4
    %pushi/vec4 858529840, 0, 32; draw_string_vec4
    %concat/vec4; draw_string_vec4
    %pushi/vec4 678965289, 0, 32; draw_string_vec4
    %concat/vec4; draw_string_vec4
    %store/vec4 v000001251da8eca0_0, 0, 256;
    %fork TD_rv32i_cpu_tb.check_register, S_000001251dabcad0;
    %join;
    %pushi/vec4 24, 0, 32;
    %store/vec4 v000001251da8e020_0, 0, 32;
    %pushi/vec4 4294967295, 0, 32;
    %store/vec4 v000001251da8f100_0, 0, 32;
    %pushi/vec4 0, 0, 32; draw_string_vec4
    %pushi/vec4 0, 0, 32; draw_string_vec4
    %concat/vec4; draw_string_vec4
    %pushi/vec4 0, 0, 32; draw_string_vec4
    %concat/vec4; draw_string_vec4
    %pushi/vec4 76, 0, 32; draw_string_vec4
    %concat/vec4; draw_string_vec4
    %pushi/vec4 1210086249, 0, 32; draw_string_vec4
    %concat/vec4; draw_string_vec4
    %pushi/vec4 1735270501, 0, 32; draw_string_vec4
    %concat/vec4; draw_string_vec4
    %pushi/vec4 2020894062, 0, 32; draw_string_vec4
    %concat/vec4; draw_string_vec4
    %pushi/vec4 1936289646, 0, 32; draw_string_vec4
    %concat/vec4; draw_string_vec4
    %store/vec4 v000001251da8eca0_0, 0, 256;
    %fork TD_rv32i_cpu_tb.check_register, S_000001251dabcad0;
    %join;
    %pushi/vec4 18, 0, 32;
    %store/vec4 v000001251da8e020_0, 0, 32;
    %pushi/vec4 65535, 0, 32;
    %store/vec4 v000001251da8f100_0, 0, 32;
    %pushi/vec4 0, 0, 32; draw_string_vec4
    %pushi/vec4 0, 0, 32; draw_string_vec4
    %concat/vec4; draw_string_vec4
    %pushi/vec4 0, 0, 32; draw_string_vec4
    %concat/vec4; draw_string_vec4
    %pushi/vec4 19528, 0, 32; draw_string_vec4
    %concat/vec4; draw_string_vec4
    %pushi/vec4 1428191845, 0, 32; draw_string_vec4
    %concat/vec4; draw_string_vec4
    %pushi/vec4 1919885413, 0, 32; draw_string_vec4
    %concat/vec4; draw_string_vec4
    %pushi/vec4 2020894062, 0, 32; draw_string_vec4
    %concat/vec4; draw_string_vec4
    %pushi/vec4 1936289646, 0, 32; draw_string_vec4
    %concat/vec4; draw_string_vec4
    %store/vec4 v000001251da8eca0_0, 0, 256;
    %fork TD_rv32i_cpu_tb.check_register, S_000001251dabcad0;
    %join;
    %pushi/vec4 25, 0, 32;
    %store/vec4 v000001251da8e020_0, 0, 32;
    %pushi/vec4 4294967295, 0, 32;
    %store/vec4 v000001251da8f100_0, 0, 32;
    %pushi/vec4 0, 0, 32; draw_string_vec4
    %pushi/vec4 0, 0, 32; draw_string_vec4
    %concat/vec4; draw_string_vec4
    %pushi/vec4 0, 0, 32; draw_string_vec4
    %concat/vec4; draw_string_vec4
    %pushi/vec4 76, 0, 32; draw_string_vec4
    %concat/vec4; draw_string_vec4
    %pushi/vec4 1109422953, 0, 32; draw_string_vec4
    %concat/vec4; draw_string_vec4
    %pushi/vec4 1735270501, 0, 32; draw_string_vec4
    %concat/vec4; draw_string_vec4
    %pushi/vec4 2020894062, 0, 32; draw_string_vec4
    %concat/vec4; draw_string_vec4
    %pushi/vec4 1936289646, 0, 32; draw_string_vec4
    %concat/vec4; draw_string_vec4
    %store/vec4 v000001251da8eca0_0, 0, 256;
    %fork TD_rv32i_cpu_tb.check_register, S_000001251dabcad0;
    %join;
    %pushi/vec4 26, 0, 32;
    %store/vec4 v000001251da8e020_0, 0, 32;
    %pushi/vec4 255, 0, 32;
    %store/vec4 v000001251da8f100_0, 0, 32;
    %pushi/vec4 0, 0, 32; draw_string_vec4
    %pushi/vec4 0, 0, 32; draw_string_vec4
    %concat/vec4; draw_string_vec4
    %pushi/vec4 0, 0, 32; draw_string_vec4
    %concat/vec4; draw_string_vec4
    %pushi/vec4 19522, 0, 32; draw_string_vec4
    %concat/vec4; draw_string_vec4
    %pushi/vec4 1428191845, 0, 32; draw_string_vec4
    %concat/vec4; draw_string_vec4
    %pushi/vec4 1919885413, 0, 32; draw_string_vec4
    %concat/vec4; draw_string_vec4
    %pushi/vec4 2020894062, 0, 32; draw_string_vec4
    %concat/vec4; draw_string_vec4
    %pushi/vec4 1936289646, 0, 32; draw_string_vec4
    %concat/vec4; draw_string_vec4
    %store/vec4 v000001251da8eca0_0, 0, 256;
    %fork TD_rv32i_cpu_tb.check_register, S_000001251dabcad0;
    %join;
    %pushi/vec4 32, 0, 32;
    %store/vec4 v000001251da8e840_0, 0, 32;
    %pushi/vec4 1, 0, 8;
    %store/vec4 v000001251da8ec00_0, 0, 8;
    %pushi/vec4 0, 0, 32; draw_string_vec4
    %pushi/vec4 0, 0, 32; draw_string_vec4
    %concat/vec4; draw_string_vec4
    %pushi/vec4 0, 0, 32; draw_string_vec4
    %concat/vec4; draw_string_vec4
    %pushi/vec4 0, 0, 32; draw_string_vec4
    %concat/vec4; draw_string_vec4
    %pushi/vec4 0, 0, 32; draw_string_vec4
    %concat/vec4; draw_string_vec4
    %pushi/vec4 66, 0, 32; draw_string_vec4
    %concat/vec4; draw_string_vec4
    %pushi/vec4 1162944628, 0, 32; draw_string_vec4
    %concat/vec4; draw_string_vec4
    %pushi/vec4 1634428270, 0, 32; draw_string_vec4
    %concat/vec4; draw_string_vec4
    %store/vec4 v000001251da8e200_0, 0, 256;
    %fork TD_rv32i_cpu_tb.check_memory_byte, S_000001251dadfcf0;
    %join;
    %pushi/vec4 36, 0, 32;
    %store/vec4 v000001251da8e840_0, 0, 32;
    %pushi/vec4 0, 0, 8;
    %store/vec4 v000001251da8ec00_0, 0, 8;
    %pushi/vec4 0, 0, 32; draw_string_vec4
    %pushi/vec4 0, 0, 32; draw_string_vec4
    %concat/vec4; draw_string_vec4
    %pushi/vec4 0, 0, 32; draw_string_vec4
    %concat/vec4; draw_string_vec4
    %pushi/vec4 0, 0, 32; draw_string_vec4
    %concat/vec4; draw_string_vec4
    %pushi/vec4 66, 0, 32; draw_string_vec4
    %concat/vec4; draw_string_vec4
    %pushi/vec4 1313153134, 0, 32; draw_string_vec4
    %concat/vec4; draw_string_vec4
    %pushi/vec4 1869881460, 0, 32; draw_string_vec4
    %concat/vec4; draw_string_vec4
    %pushi/vec4 1634428270, 0, 32; draw_string_vec4
    %concat/vec4; draw_string_vec4
    %store/vec4 v000001251da8e200_0, 0, 256;
    %fork TD_rv32i_cpu_tb.check_memory_byte, S_000001251dadfcf0;
    %join;
    %pushi/vec4 40, 0, 32;
    %store/vec4 v000001251da8e840_0, 0, 32;
    %pushi/vec4 1, 0, 8;
    %store/vec4 v000001251da8ec00_0, 0, 8;
    %pushi/vec4 0, 0, 32; draw_string_vec4
    %pushi/vec4 0, 0, 32; draw_string_vec4
    %concat/vec4; draw_string_vec4
    %pushi/vec4 0, 0, 32; draw_string_vec4
    %concat/vec4; draw_string_vec4
    %pushi/vec4 0, 0, 32; draw_string_vec4
    %concat/vec4; draw_string_vec4
    %pushi/vec4 0, 0, 32; draw_string_vec4
    %concat/vec4; draw_string_vec4
    %pushi/vec4 66, 0, 32; draw_string_vec4
    %concat/vec4; draw_string_vec4
    %pushi/vec4 1280581748, 0, 32; draw_string_vec4
    %concat/vec4; draw_string_vec4
    %pushi/vec4 1634428270, 0, 32; draw_string_vec4
    %concat/vec4; draw_string_vec4
    %store/vec4 v000001251da8e200_0, 0, 256;
    %fork TD_rv32i_cpu_tb.check_memory_byte, S_000001251dadfcf0;
    %join;
    %pushi/vec4 44, 0, 32;
    %store/vec4 v000001251da8e840_0, 0, 32;
    %pushi/vec4 0, 0, 8;
    %store/vec4 v000001251da8ec00_0, 0, 8;
    %pushi/vec4 0, 0, 32; draw_string_vec4
    %pushi/vec4 0, 0, 32; draw_string_vec4
    %concat/vec4; draw_string_vec4
    %pushi/vec4 0, 0, 32; draw_string_vec4
    %concat/vec4; draw_string_vec4
    %pushi/vec4 0, 0, 32; draw_string_vec4
    %concat/vec4; draw_string_vec4
    %pushi/vec4 66, 0, 32; draw_string_vec4
    %concat/vec4; draw_string_vec4
    %pushi/vec4 1195712622, 0, 32; draw_string_vec4
    %concat/vec4; draw_string_vec4
    %pushi/vec4 1869881460, 0, 32; draw_string_vec4
    %concat/vec4; draw_string_vec4
    %pushi/vec4 1634428270, 0, 32; draw_string_vec4
    %concat/vec4; draw_string_vec4
    %store/vec4 v000001251da8e200_0, 0, 256;
    %fork TD_rv32i_cpu_tb.check_memory_byte, S_000001251dadfcf0;
    %join;
    %pushi/vec4 48, 0, 32;
    %store/vec4 v000001251da8e840_0, 0, 32;
    %pushi/vec4 1, 0, 8;
    %store/vec4 v000001251da8ec00_0, 0, 8;
    %pushi/vec4 0, 0, 32; draw_string_vec4
    %pushi/vec4 0, 0, 32; draw_string_vec4
    %concat/vec4; draw_string_vec4
    %pushi/vec4 0, 0, 32; draw_string_vec4
    %concat/vec4; draw_string_vec4
    %pushi/vec4 0, 0, 32; draw_string_vec4
    %concat/vec4; draw_string_vec4
    %pushi/vec4 0, 0, 32; draw_string_vec4
    %concat/vec4; draw_string_vec4
    %pushi/vec4 16972, 0, 32; draw_string_vec4
    %concat/vec4; draw_string_vec4
    %pushi/vec4 1414865012, 0, 32; draw_string_vec4
    %concat/vec4; draw_string_vec4
    %pushi/vec4 1634428270, 0, 32; draw_string_vec4
    %concat/vec4; draw_string_vec4
    %store/vec4 v000001251da8e200_0, 0, 256;
    %fork TD_rv32i_cpu_tb.check_memory_byte, S_000001251dadfcf0;
    %join;
    %pushi/vec4 52, 0, 32;
    %store/vec4 v000001251da8e840_0, 0, 32;
    %pushi/vec4 0, 0, 8;
    %store/vec4 v000001251da8ec00_0, 0, 8;
    %pushi/vec4 0, 0, 32; draw_string_vec4
    %pushi/vec4 0, 0, 32; draw_string_vec4
    %concat/vec4; draw_string_vec4
    %pushi/vec4 0, 0, 32; draw_string_vec4
    %concat/vec4; draw_string_vec4
    %pushi/vec4 0, 0, 32; draw_string_vec4
    %concat/vec4; draw_string_vec4
    %pushi/vec4 16967, 0, 32; draw_string_vec4
    %concat/vec4; draw_string_vec4
    %pushi/vec4 1163206766, 0, 32; draw_string_vec4
    %concat/vec4; draw_string_vec4
    %pushi/vec4 1869881460, 0, 32; draw_string_vec4
    %concat/vec4; draw_string_vec4
    %pushi/vec4 1634428270, 0, 32; draw_string_vec4
    %concat/vec4; draw_string_vec4
    %store/vec4 v000001251da8e200_0, 0, 256;
    %fork TD_rv32i_cpu_tb.check_memory_byte, S_000001251dadfcf0;
    %join;
    %pushi/vec4 56, 0, 32;
    %store/vec4 v000001251da8e840_0, 0, 32;
    %pushi/vec4 232, 0, 8;
    %store/vec4 v000001251da8ec00_0, 0, 8;
    %pushi/vec4 0, 0, 32; draw_string_vec4
    %pushi/vec4 74, 0, 32; draw_string_vec4
    %concat/vec4; draw_string_vec4
    %pushi/vec4 1095508082, 0, 32; draw_string_vec4
    %concat/vec4; draw_string_vec4
    %pushi/vec4 1702131058, 0, 32; draw_string_vec4
    %concat/vec4; draw_string_vec4
    %pushi/vec4 1847615844, 0, 32; draw_string_vec4
    %concat/vec4; draw_string_vec4
    %pushi/vec4 1685218675, 0, 32; draw_string_vec4
    %concat/vec4; draw_string_vec4
    %pushi/vec4 1931502201, 0, 32; draw_string_vec4
    %concat/vec4; draw_string_vec4
    %pushi/vec4 1952784432, 0, 32; draw_string_vec4
    %concat/vec4; draw_string_vec4
    %store/vec4 v000001251da8e200_0, 0, 256;
    %fork TD_rv32i_cpu_tb.check_memory_byte, S_000001251dadfcf0;
    %join;
    %pushi/vec4 57, 0, 32;
    %store/vec4 v000001251da8e840_0, 0, 32;
    %pushi/vec4 0, 0, 8;
    %store/vec4 v000001251da8ec00_0, 0, 8;
    %pushi/vec4 0, 0, 32; draw_string_vec4
    %pushi/vec4 74, 0, 32; draw_string_vec4
    %concat/vec4; draw_string_vec4
    %pushi/vec4 1095508082, 0, 32; draw_string_vec4
    %concat/vec4; draw_string_vec4
    %pushi/vec4 1702131058, 0, 32; draw_string_vec4
    %concat/vec4; draw_string_vec4
    %pushi/vec4 1847615844, 0, 32; draw_string_vec4
    %concat/vec4; draw_string_vec4
    %pushi/vec4 1685218675, 0, 32; draw_string_vec4
    %concat/vec4; draw_string_vec4
    %pushi/vec4 1931502201, 0, 32; draw_string_vec4
    %concat/vec4; draw_string_vec4
    %pushi/vec4 1952784433, 0, 32; draw_string_vec4
    %concat/vec4; draw_string_vec4
    %store/vec4 v000001251da8e200_0, 0, 256;
    %fork TD_rv32i_cpu_tb.check_memory_byte, S_000001251dadfcf0;
    %join;
    %pushi/vec4 58, 0, 32;
    %store/vec4 v000001251da8e840_0, 0, 32;
    %pushi/vec4 0, 0, 8;
    %store/vec4 v000001251da8ec00_0, 0, 8;
    %pushi/vec4 0, 0, 32; draw_string_vec4
    %pushi/vec4 74, 0, 32; draw_string_vec4
    %concat/vec4; draw_string_vec4
    %pushi/vec4 1095508082, 0, 32; draw_string_vec4
    %concat/vec4; draw_string_vec4
    %pushi/vec4 1702131058, 0, 32; draw_string_vec4
    %concat/vec4; draw_string_vec4
    %pushi/vec4 1847615844, 0, 32; draw_string_vec4
    %concat/vec4; draw_string_vec4
    %pushi/vec4 1685218675, 0, 32; draw_string_vec4
    %concat/vec4; draw_string_vec4
    %pushi/vec4 1931502201, 0, 32; draw_string_vec4
    %concat/vec4; draw_string_vec4
    %pushi/vec4 1952784434, 0, 32; draw_string_vec4
    %concat/vec4; draw_string_vec4
    %store/vec4 v000001251da8e200_0, 0, 256;
    %fork TD_rv32i_cpu_tb.check_memory_byte, S_000001251dadfcf0;
    %join;
    %pushi/vec4 59, 0, 32;
    %store/vec4 v000001251da8e840_0, 0, 32;
    %pushi/vec4 0, 0, 8;
    %store/vec4 v000001251da8ec00_0, 0, 8;
    %pushi/vec4 0, 0, 32; draw_string_vec4
    %pushi/vec4 74, 0, 32; draw_string_vec4
    %concat/vec4; draw_string_vec4
    %pushi/vec4 1095508082, 0, 32; draw_string_vec4
    %concat/vec4; draw_string_vec4
    %pushi/vec4 1702131058, 0, 32; draw_string_vec4
    %concat/vec4; draw_string_vec4
    %pushi/vec4 1847615844, 0, 32; draw_string_vec4
    %concat/vec4; draw_string_vec4
    %pushi/vec4 1685218675, 0, 32; draw_string_vec4
    %concat/vec4; draw_string_vec4
    %pushi/vec4 1931502201, 0, 32; draw_string_vec4
    %concat/vec4; draw_string_vec4
    %pushi/vec4 1952784435, 0, 32; draw_string_vec4
    %concat/vec4; draw_string_vec4
    %store/vec4 v000001251da8e200_0, 0, 256;
    %fork TD_rv32i_cpu_tb.check_memory_byte, S_000001251dadfcf0;
    %join;
    %pushi/vec4 60, 0, 32;
    %store/vec4 v000001251da8e840_0, 0, 32;
    %pushi/vec4 248, 0, 8;
    %store/vec4 v000001251da8ec00_0, 0, 8;
    %pushi/vec4 0, 0, 32; draw_string_vec4
    %pushi/vec4 19009, 0, 32; draw_string_vec4
    %concat/vec4; draw_string_vec4
    %pushi/vec4 1280450674, 0, 32; draw_string_vec4
    %concat/vec4; draw_string_vec4
    %pushi/vec4 1702131058, 0, 32; draw_string_vec4
    %concat/vec4; draw_string_vec4
    %pushi/vec4 1847615844, 0, 32; draw_string_vec4
    %concat/vec4; draw_string_vec4
    %pushi/vec4 1685218675, 0, 32; draw_string_vec4
    %concat/vec4; draw_string_vec4
    %pushi/vec4 1931502201, 0, 32; draw_string_vec4
    %concat/vec4; draw_string_vec4
    %pushi/vec4 1952784432, 0, 32; draw_string_vec4
    %concat/vec4; draw_string_vec4
    %store/vec4 v000001251da8e200_0, 0, 256;
    %fork TD_rv32i_cpu_tb.check_memory_byte, S_000001251dadfcf0;
    %join;
    %pushi/vec4 61, 0, 32;
    %store/vec4 v000001251da8e840_0, 0, 32;
    %pushi/vec4 0, 0, 8;
    %store/vec4 v000001251da8ec00_0, 0, 8;
    %pushi/vec4 0, 0, 32; draw_string_vec4
    %pushi/vec4 19009, 0, 32; draw_string_vec4
    %concat/vec4; draw_string_vec4
    %pushi/vec4 1280450674, 0, 32; draw_string_vec4
    %concat/vec4; draw_string_vec4
    %pushi/vec4 1702131058, 0, 32; draw_string_vec4
    %concat/vec4; draw_string_vec4
    %pushi/vec4 1847615844, 0, 32; draw_string_vec4
    %concat/vec4; draw_string_vec4
    %pushi/vec4 1685218675, 0, 32; draw_string_vec4
    %concat/vec4; draw_string_vec4
    %pushi/vec4 1931502201, 0, 32; draw_string_vec4
    %concat/vec4; draw_string_vec4
    %pushi/vec4 1952784433, 0, 32; draw_string_vec4
    %concat/vec4; draw_string_vec4
    %store/vec4 v000001251da8e200_0, 0, 256;
    %fork TD_rv32i_cpu_tb.check_memory_byte, S_000001251dadfcf0;
    %join;
    %pushi/vec4 62, 0, 32;
    %store/vec4 v000001251da8e840_0, 0, 32;
    %pushi/vec4 0, 0, 8;
    %store/vec4 v000001251da8ec00_0, 0, 8;
    %pushi/vec4 0, 0, 32; draw_string_vec4
    %pushi/vec4 19009, 0, 32; draw_string_vec4
    %concat/vec4; draw_string_vec4
    %pushi/vec4 1280450674, 0, 32; draw_string_vec4
    %concat/vec4; draw_string_vec4
    %pushi/vec4 1702131058, 0, 32; draw_string_vec4
    %concat/vec4; draw_string_vec4
    %pushi/vec4 1847615844, 0, 32; draw_string_vec4
    %concat/vec4; draw_string_vec4
    %pushi/vec4 1685218675, 0, 32; draw_string_vec4
    %concat/vec4; draw_string_vec4
    %pushi/vec4 1931502201, 0, 32; draw_string_vec4
    %concat/vec4; draw_string_vec4
    %pushi/vec4 1952784434, 0, 32; draw_string_vec4
    %concat/vec4; draw_string_vec4
    %store/vec4 v000001251da8e200_0, 0, 256;
    %fork TD_rv32i_cpu_tb.check_memory_byte, S_000001251dadfcf0;
    %join;
    %pushi/vec4 63, 0, 32;
    %store/vec4 v000001251da8e840_0, 0, 32;
    %pushi/vec4 0, 0, 8;
    %store/vec4 v000001251da8ec00_0, 0, 8;
    %pushi/vec4 0, 0, 32; draw_string_vec4
    %pushi/vec4 19009, 0, 32; draw_string_vec4
    %concat/vec4; draw_string_vec4
    %pushi/vec4 1280450674, 0, 32; draw_string_vec4
    %concat/vec4; draw_string_vec4
    %pushi/vec4 1702131058, 0, 32; draw_string_vec4
    %concat/vec4; draw_string_vec4
    %pushi/vec4 1847615844, 0, 32; draw_string_vec4
    %concat/vec4; draw_string_vec4
    %pushi/vec4 1685218675, 0, 32; draw_string_vec4
    %concat/vec4; draw_string_vec4
    %pushi/vec4 1931502201, 0, 32; draw_string_vec4
    %concat/vec4; draw_string_vec4
    %pushi/vec4 1952784435, 0, 32; draw_string_vec4
    %concat/vec4; draw_string_vec4
    %store/vec4 v000001251da8e200_0, 0, 256;
    %fork TD_rv32i_cpu_tb.check_memory_byte, S_000001251dadfcf0;
    %join;
    %pushi/vec4 30, 0, 32;
    %store/vec4 v000001251da8e020_0, 0, 32;
    %pushi/vec4 305418240, 0, 32;
    %store/vec4 v000001251da8f100_0, 0, 32;
    %pushi/vec4 0, 0, 32; draw_string_vec4
    %pushi/vec4 0, 0, 32; draw_string_vec4
    %concat/vec4; draw_string_vec4
    %pushi/vec4 0, 0, 32; draw_string_vec4
    %concat/vec4; draw_string_vec4
    %pushi/vec4 0, 0, 32; draw_string_vec4
    %concat/vec4; draw_string_vec4
    %pushi/vec4 1280657696, 0, 32; draw_string_vec4
    %concat/vec4; draw_string_vec4
    %pushi/vec4 2016620588, 0, 32; draw_string_vec4
    %concat/vec4; draw_string_vec4
    %pushi/vec4 540047409, 0, 32; draw_string_vec4
    %concat/vec4; draw_string_vec4
    %pushi/vec4 842216501, 0, 32; draw_string_vec4
    %concat/vec4; draw_string_vec4
    %store/vec4 v000001251da8eca0_0, 0, 256;
    %fork TD_rv32i_cpu_tb.check_register, S_000001251dabcad0;
    %join;
    %pushi/vec4 31, 0, 32;
    %store/vec4 v000001251da8e020_0, 0, 32;
    %pushi/vec4 4356, 0, 32;
    %store/vec4 v000001251da8f100_0, 0, 32;
    %pushi/vec4 0, 0, 32; draw_string_vec4
    %pushi/vec4 0, 0, 32; draw_string_vec4
    %concat/vec4; draw_string_vec4
    %pushi/vec4 0, 0, 32; draw_string_vec4
    %concat/vec4; draw_string_vec4
    %pushi/vec4 0, 0, 32; draw_string_vec4
    %concat/vec4; draw_string_vec4
    %pushi/vec4 16725, 0, 32; draw_string_vec4
    %concat/vec4; draw_string_vec4
    %pushi/vec4 1229996832, 0, 32; draw_string_vec4
    %concat/vec4; draw_string_vec4
    %pushi/vec4 2016620844, 0, 32; draw_string_vec4
    %concat/vec4; draw_string_vec4
    %pushi/vec4 540047409, 0, 32; draw_string_vec4
    %concat/vec4; draw_string_vec4
    %store/vec4 v000001251da8eca0_0, 0, 256;
    %fork TD_rv32i_cpu_tb.check_register, S_000001251dabcad0;
    %join;
    %pushi/vec4 0, 0, 32;
    %store/vec4 v000001251da8e840_0, 0, 32;
    %pushi/vec4 30, 0, 8;
    %store/vec4 v000001251da8ec00_0, 0, 8;
    %pushi/vec4 0, 0, 32; draw_string_vec4
    %pushi/vec4 0, 0, 32; draw_string_vec4
    %concat/vec4; draw_string_vec4
    %pushi/vec4 0, 0, 32; draw_string_vec4
    %concat/vec4; draw_string_vec4
    %pushi/vec4 0, 0, 32; draw_string_vec4
    %concat/vec4; draw_string_vec4
    %pushi/vec4 0, 0, 32; draw_string_vec4
    %concat/vec4; draw_string_vec4
    %pushi/vec4 83, 0, 32; draw_string_vec4
    %concat/vec4; draw_string_vec4
    %pushi/vec4 1461740153, 0, 32; draw_string_vec4
    %concat/vec4; draw_string_vec4
    %pushi/vec4 1952784432, 0, 32; draw_string_vec4
    %concat/vec4; draw_string_vec4
    %store/vec4 v000001251da8e200_0, 0, 256;
    %fork TD_rv32i_cpu_tb.check_memory_byte, S_000001251dadfcf0;
    %join;
    %pushi/vec4 1, 0, 32;
    %store/vec4 v000001251da8e840_0, 0, 32;
    %pushi/vec4 0, 0, 8;
    %store/vec4 v000001251da8ec00_0, 0, 8;
    %pushi/vec4 0, 0, 32; draw_string_vec4
    %pushi/vec4 0, 0, 32; draw_string_vec4
    %concat/vec4; draw_string_vec4
    %pushi/vec4 0, 0, 32; draw_string_vec4
    %concat/vec4; draw_string_vec4
    %pushi/vec4 0, 0, 32; draw_string_vec4
    %concat/vec4; draw_string_vec4
    %pushi/vec4 0, 0, 32; draw_string_vec4
    %concat/vec4; draw_string_vec4
    %pushi/vec4 83, 0, 32; draw_string_vec4
    %concat/vec4; draw_string_vec4
    %pushi/vec4 1461740153, 0, 32; draw_string_vec4
    %concat/vec4; draw_string_vec4
    %pushi/vec4 1952784433, 0, 32; draw_string_vec4
    %concat/vec4; draw_string_vec4
    %store/vec4 v000001251da8e200_0, 0, 256;
    %fork TD_rv32i_cpu_tb.check_memory_byte, S_000001251dadfcf0;
    %join;
    %pushi/vec4 2, 0, 32;
    %store/vec4 v000001251da8e840_0, 0, 32;
    %pushi/vec4 0, 0, 8;
    %store/vec4 v000001251da8ec00_0, 0, 8;
    %pushi/vec4 0, 0, 32; draw_string_vec4
    %pushi/vec4 0, 0, 32; draw_string_vec4
    %concat/vec4; draw_string_vec4
    %pushi/vec4 0, 0, 32; draw_string_vec4
    %concat/vec4; draw_string_vec4
    %pushi/vec4 0, 0, 32; draw_string_vec4
    %concat/vec4; draw_string_vec4
    %pushi/vec4 0, 0, 32; draw_string_vec4
    %concat/vec4; draw_string_vec4
    %pushi/vec4 83, 0, 32; draw_string_vec4
    %concat/vec4; draw_string_vec4
    %pushi/vec4 1461740153, 0, 32; draw_string_vec4
    %concat/vec4; draw_string_vec4
    %pushi/vec4 1952784434, 0, 32; draw_string_vec4
    %concat/vec4; draw_string_vec4
    %store/vec4 v000001251da8e200_0, 0, 256;
    %fork TD_rv32i_cpu_tb.check_memory_byte, S_000001251dadfcf0;
    %join;
    %pushi/vec4 3, 0, 32;
    %store/vec4 v000001251da8e840_0, 0, 32;
    %pushi/vec4 0, 0, 8;
    %store/vec4 v000001251da8ec00_0, 0, 8;
    %pushi/vec4 0, 0, 32; draw_string_vec4
    %pushi/vec4 0, 0, 32; draw_string_vec4
    %concat/vec4; draw_string_vec4
    %pushi/vec4 0, 0, 32; draw_string_vec4
    %concat/vec4; draw_string_vec4
    %pushi/vec4 0, 0, 32; draw_string_vec4
    %concat/vec4; draw_string_vec4
    %pushi/vec4 0, 0, 32; draw_string_vec4
    %concat/vec4; draw_string_vec4
    %pushi/vec4 83, 0, 32; draw_string_vec4
    %concat/vec4; draw_string_vec4
    %pushi/vec4 1461740153, 0, 32; draw_string_vec4
    %concat/vec4; draw_string_vec4
    %pushi/vec4 1952784435, 0, 32; draw_string_vec4
    %concat/vec4; draw_string_vec4
    %store/vec4 v000001251da8e200_0, 0, 256;
    %fork TD_rv32i_cpu_tb.check_memory_byte, S_000001251dadfcf0;
    %join;
    %pushi/vec4 4, 0, 32;
    %store/vec4 v000001251da8e840_0, 0, 32;
    %pushi/vec4 30, 0, 8;
    %store/vec4 v000001251da8ec00_0, 0, 8;
    %pushi/vec4 0, 0, 32; draw_string_vec4
    %pushi/vec4 0, 0, 32; draw_string_vec4
    %concat/vec4; draw_string_vec4
    %pushi/vec4 0, 0, 32; draw_string_vec4
    %concat/vec4; draw_string_vec4
    %pushi/vec4 0, 0, 32; draw_string_vec4
    %concat/vec4; draw_string_vec4
    %pushi/vec4 0, 0, 32; draw_string_vec4
    %concat/vec4; draw_string_vec4
    %pushi/vec4 83, 0, 32; draw_string_vec4
    %concat/vec4; draw_string_vec4
    %pushi/vec4 1210081913, 0, 32; draw_string_vec4
    %concat/vec4; draw_string_vec4
    %pushi/vec4 1952784432, 0, 32; draw_string_vec4
    %concat/vec4; draw_string_vec4
    %store/vec4 v000001251da8e200_0, 0, 256;
    %fork TD_rv32i_cpu_tb.check_memory_byte, S_000001251dadfcf0;
    %join;
    %pushi/vec4 5, 0, 32;
    %store/vec4 v000001251da8e840_0, 0, 32;
    %pushi/vec4 0, 0, 8;
    %store/vec4 v000001251da8ec00_0, 0, 8;
    %pushi/vec4 0, 0, 32; draw_string_vec4
    %pushi/vec4 0, 0, 32; draw_string_vec4
    %concat/vec4; draw_string_vec4
    %pushi/vec4 0, 0, 32; draw_string_vec4
    %concat/vec4; draw_string_vec4
    %pushi/vec4 0, 0, 32; draw_string_vec4
    %concat/vec4; draw_string_vec4
    %pushi/vec4 0, 0, 32; draw_string_vec4
    %concat/vec4; draw_string_vec4
    %pushi/vec4 83, 0, 32; draw_string_vec4
    %concat/vec4; draw_string_vec4
    %pushi/vec4 1210081913, 0, 32; draw_string_vec4
    %concat/vec4; draw_string_vec4
    %pushi/vec4 1952784433, 0, 32; draw_string_vec4
    %concat/vec4; draw_string_vec4
    %store/vec4 v000001251da8e200_0, 0, 256;
    %fork TD_rv32i_cpu_tb.check_memory_byte, S_000001251dadfcf0;
    %join;
    %pushi/vec4 6, 0, 32;
    %store/vec4 v000001251da8e840_0, 0, 32;
    %pushi/vec4 30, 0, 8;
    %store/vec4 v000001251da8ec00_0, 0, 8;
    %pushi/vec4 0, 0, 32; draw_string_vec4
    %pushi/vec4 0, 0, 32; draw_string_vec4
    %concat/vec4; draw_string_vec4
    %pushi/vec4 0, 0, 32; draw_string_vec4
    %concat/vec4; draw_string_vec4
    %pushi/vec4 0, 0, 32; draw_string_vec4
    %concat/vec4; draw_string_vec4
    %pushi/vec4 0, 0, 32; draw_string_vec4
    %concat/vec4; draw_string_vec4
    %pushi/vec4 0, 0, 32; draw_string_vec4
    %concat/vec4; draw_string_vec4
    %pushi/vec4 5456416, 0, 32; draw_string_vec4
    %concat/vec4; draw_string_vec4
    %pushi/vec4 1652126821, 0, 32; draw_string_vec4
    %concat/vec4; draw_string_vec4
    %store/vec4 v000001251da8e200_0, 0, 256;
    %fork TD_rv32i_cpu_tb.check_memory_byte, S_000001251dadfcf0;
    %join;
    %pushi/vec4 16, 0, 32;
    %store/vec4 v000001251da8e840_0, 0, 32;
    %pushi/vec4 255, 0, 8;
    %store/vec4 v000001251da8ec00_0, 0, 8;
    %pushi/vec4 0, 0, 32; draw_string_vec4
    %pushi/vec4 0, 0, 32; draw_string_vec4
    %concat/vec4; draw_string_vec4
    %pushi/vec4 0, 0, 32; draw_string_vec4
    %concat/vec4; draw_string_vec4
    %pushi/vec4 5137767, 0, 32; draw_string_vec4
    %concat/vec4; draw_string_vec4
    %pushi/vec4 1635019126, 0, 32; draw_string_vec4
    %concat/vec4; draw_string_vec4
    %pushi/vec4 1696621177, 0, 32; draw_string_vec4
    %concat/vec4; draw_string_vec4
    %pushi/vec4 1952784499, 0, 32; draw_string_vec4
    %concat/vec4; draw_string_vec4
    %pushi/vec4 1953460837, 0, 32; draw_string_vec4
    %concat/vec4; draw_string_vec4
    %store/vec4 v000001251da8e200_0, 0, 256;
    %fork TD_rv32i_cpu_tb.check_memory_byte, S_000001251dadfcf0;
    %join;
    %pushi/vec4 18, 0, 32;
    %store/vec4 v000001251da8e840_0, 0, 32;
    %pushi/vec4 255, 0, 8;
    %store/vec4 v000001251da8ec00_0, 0, 8;
    %pushi/vec4 0, 0, 32; draw_string_vec4
    %pushi/vec4 0, 0, 32; draw_string_vec4
    %concat/vec4; draw_string_vec4
    %pushi/vec4 1315268449, 0, 32; draw_string_vec4
    %concat/vec4; draw_string_vec4
    %pushi/vec4 1953068645, 0, 32; draw_string_vec4
    %concat/vec4; draw_string_vec4
    %pushi/vec4 543711596, 0, 32; draw_string_vec4
    %concat/vec4; draw_string_vec4
    %pushi/vec4 1719103346, 0, 32; draw_string_vec4
    %concat/vec4; draw_string_vec4
    %pushi/vec4 1679843961, 0, 32; draw_string_vec4
    %concat/vec4; draw_string_vec4
    %pushi/vec4 1952784432, 0, 32; draw_string_vec4
    %concat/vec4; draw_string_vec4
    %store/vec4 v000001251da8e200_0, 0, 256;
    %fork TD_rv32i_cpu_tb.check_memory_byte, S_000001251dadfcf0;
    %join;
    %pushi/vec4 19, 0, 32;
    %store/vec4 v000001251da8e840_0, 0, 32;
    %pushi/vec4 255, 0, 8;
    %store/vec4 v000001251da8ec00_0, 0, 8;
    %pushi/vec4 0, 0, 32; draw_string_vec4
    %pushi/vec4 0, 0, 32; draw_string_vec4
    %concat/vec4; draw_string_vec4
    %pushi/vec4 1315268449, 0, 32; draw_string_vec4
    %concat/vec4; draw_string_vec4
    %pushi/vec4 1953068645, 0, 32; draw_string_vec4
    %concat/vec4; draw_string_vec4
    %pushi/vec4 543711596, 0, 32; draw_string_vec4
    %concat/vec4; draw_string_vec4
    %pushi/vec4 1719103346, 0, 32; draw_string_vec4
    %concat/vec4; draw_string_vec4
    %pushi/vec4 1679843961, 0, 32; draw_string_vec4
    %concat/vec4; draw_string_vec4
    %pushi/vec4 1952784433, 0, 32; draw_string_vec4
    %concat/vec4; draw_string_vec4
    %store/vec4 v000001251da8e200_0, 0, 256;
    %fork TD_rv32i_cpu_tb.check_memory_byte, S_000001251dadfcf0;
    %join;
    %pushi/vec4 0, 0, 32;
    %store/vec4 v000001251da8e020_0, 0, 32;
    %pushi/vec4 0, 0, 32;
    %store/vec4 v000001251da8f100_0, 0, 32;
    %pushi/vec4 0, 0, 32; draw_string_vec4
    %pushi/vec4 2016419954, 0, 32; draw_string_vec4
    %concat/vec4; draw_string_vec4
    %pushi/vec4 1701667177, 0, 32; draw_string_vec4
    %concat/vec4; draw_string_vec4
    %pushi/vec4 1853038696, 0, 32; draw_string_vec4
    %concat/vec4; draw_string_vec4
    %pushi/vec4 1634886775, 0, 32; draw_string_vec4
    %concat/vec4; draw_string_vec4
    %pushi/vec4 1769104740, 0, 32; draw_string_vec4
    %concat/vec4; draw_string_vec4
    %pushi/vec4 544501536, 0, 32; draw_string_vec4
    %concat/vec4; draw_string_vec4
    %pushi/vec4 2053468783, 0, 32; draw_string_vec4
    %concat/vec4; draw_string_vec4
    %store/vec4 v000001251da8eca0_0, 0, 256;
    %fork TD_rv32i_cpu_tb.check_register, S_000001251dabcad0;
    %join;
    %vpi_call 2 590 "$display", "\000" {0 0 0};
    %vpi_call 2 591 "$display", "=================================================" {0 0 0};
    %vpi_call 2 592 "$display", "              VERIFICATION SUMMARY" {0 0 0};
    %vpi_call 2 593 "$display", "=================================================" {0 0 0};
    %vpi_call 2 594 "$display", "\000" {0 0 0};
    %vpi_call 2 596 "$display", "Tests  : %0d", v000001251db6c660_0 {0 0 0};
    %vpi_call 2 597 "$display", "Errors : %0d", v000001251db6bc60_0 {0 0 0};
    %vpi_call 2 599 "$display", "\000" {0 0 0};
    %load/vec4 v000001251db6bc60_0;
    %cmpi/e 0, 0, 32;
    %jmp/0xz  T_18.2, 4;
    %vpi_call 2 603 "$display", "***********************************************" {0 0 0};
    %vpi_call 2 604 "$display", "*                                             *" {0 0 0};
    %vpi_call 2 605 "$display", "*       ALL CPU TESTS PASSED!                *" {0 0 0};
    %vpi_call 2 606 "$display", "*                                             *" {0 0 0};
    %vpi_call 2 607 "$display", "***********************************************" {0 0 0};
    %jmp T_18.3;
T_18.2 ;
    %vpi_call 2 612 "$display", "***********************************************" {0 0 0};
    %vpi_call 2 613 "$display", "*                                             *" {0 0 0};
    %vpi_call 2 614 "$display", "*       CPU VERIFICATION FAILED              *" {0 0 0};
    %vpi_call 2 615 "$display", "*                                             *" {0 0 0};
    %vpi_call 2 616 "$display", "***********************************************" {0 0 0};
T_18.3 ;
    %vpi_call 2 620 "$display", "\000" {0 0 0};
    %vpi_call 2 622 "$finish" {0 0 0};
    %end;
    .thread T_18;
# The file index is used to find the file name in the following table.
:file_names 16;
    "N/A";
    "<interactive>";
    "tb/core/rv32i_cpu_tb.v";
    "rtl/core/rv32i_cpu.v";
    "rtl/core/alu_control.v";
    "rtl/core/control_unit.v";
    "rtl/core/data_memory.v";
    "rtl/core/instruction_memory.v";
    "rtl/core/program_counter.v";
    "rtl/core/rv32i_datapath.v";
    "rtl/core/alu.v";
    "rtl/core/branch_unit.v";
    "rtl/core/immediate_generator.v";
    "rtl/core/next_pc.v";
    "rtl/common/register_file.v";
    "rtl/core/write_back.v";
