#! /c/Source/iverilog-install/bin/vvp
:ivl_version "12.0 (devel)" "(s20150603-1110-g18392a46)";
:ivl_delay_selection "TYPICAL";
:vpi_time_precision - 12;
:vpi_module "C:\iverilog\lib\ivl\system.vpi";
:vpi_module "C:\iverilog\lib\ivl\vhdl_sys.vpi";
:vpi_module "C:\iverilog\lib\ivl\vhdl_textio.vpi";
:vpi_module "C:\iverilog\lib\ivl\v2005_math.vpi";
:vpi_module "C:\iverilog\lib\ivl\va_math.vpi";
S_0000024b2bcb3280 .scope module, "rv32i_cpu_tb" "rv32i_cpu_tb" 2 26;
 .timescale -9 -12;
v0000024b2bd73580_0 .var "clk", 0 0;
v0000024b2bd73a80_0 .var/i "errors", 31 0;
v0000024b2bd73da0_0 .var "rst", 0 0;
v0000024b2bd73e40_0 .var/i "tests", 31 0;
S_0000024b2bcb8100 .scope task, "check_memory_byte" "check_memory_byte" 2 110, 2 110 0, S_0000024b2bcb3280;
 .timescale -9 -12;
v0000024b2bc96ed0_0 .var "actual", 7 0;
v0000024b2bc95f30_0 .var/i "address", 31 0;
v0000024b2bc950d0_0 .var "expected", 7 0;
v0000024b2bc95e90_0 .var "test_name", 255 0;
TD_rv32i_cpu_tb.check_memory_byte ;
    %ix/getv/s 4, v0000024b2bc95f30_0;
    %load/vec4a v0000024b2bd56b60, 4;
    %store/vec4 v0000024b2bc96ed0_0, 0, 8;
    %load/vec4 v0000024b2bd73e40_0;
    %addi 1, 0, 32;
    %store/vec4 v0000024b2bd73e40_0, 0, 32;
    %load/vec4 v0000024b2bc96ed0_0;
    %load/vec4 v0000024b2bc950d0_0;
    %cmp/e;
    %jmp/0xz  T_0.0, 6;
    %vpi_call 2 129 "$display", "[PASS] %s", v0000024b2bc95e90_0 {0 0 0};
    %jmp T_0.1;
T_0.0 ;
    %load/vec4 v0000024b2bd73a80_0;
    %addi 1, 0, 32;
    %store/vec4 v0000024b2bd73a80_0, 0, 32;
    %vpi_call 2 136 "$display", "[FAIL] %s", v0000024b2bc95e90_0 {0 0 0};
    %vpi_call 2 137 "$display", "Address  = %0d", v0000024b2bc95f30_0 {0 0 0};
    %vpi_call 2 138 "$display", "Expected = %02h", v0000024b2bc950d0_0 {0 0 0};
    %vpi_call 2 139 "$display", "Got      = %02h", v0000024b2bc96ed0_0 {0 0 0};
T_0.1 ;
    %end;
S_0000024b2bcb8290 .scope task, "check_register" "check_register" 2 69, 2 69 0, S_0000024b2bcb3280;
 .timescale -9 -12;
v0000024b2bc96cf0_0 .var "actual", 31 0;
v0000024b2bc96d90_0 .var "expected", 31 0;
v0000024b2bc969d0_0 .var/i "reg_num", 31 0;
v0000024b2bc96f70_0 .var "test_name", 255 0;
TD_rv32i_cpu_tb.check_register ;
    %ix/getv/s 4, v0000024b2bc969d0_0;
    %load/vec4a v0000024b2bd708b0, 4;
    %store/vec4 v0000024b2bc96cf0_0, 0, 32;
    %load/vec4 v0000024b2bd73e40_0;
    %addi 1, 0, 32;
    %store/vec4 v0000024b2bd73e40_0, 0, 32;
    %load/vec4 v0000024b2bc96cf0_0;
    %load/vec4 v0000024b2bc96d90_0;
    %cmp/e;
    %jmp/0xz  T_1.2, 6;
    %vpi_call 2 88 "$display", "[PASS] %s", v0000024b2bc96f70_0 {0 0 0};
    %jmp T_1.3;
T_1.2 ;
    %load/vec4 v0000024b2bd73a80_0;
    %addi 1, 0, 32;
    %store/vec4 v0000024b2bd73a80_0, 0, 32;
    %vpi_call 2 95 "$display", "[FAIL] %s", v0000024b2bc96f70_0 {0 0 0};
    %vpi_call 2 96 "$display", "Register = x%0d", v0000024b2bc969d0_0 {0 0 0};
    %vpi_call 2 97 "$display", "Expected = %08h", v0000024b2bc96d90_0 {0 0 0};
    %vpi_call 2 98 "$display", "Got      = %08h", v0000024b2bc96cf0_0 {0 0 0};
T_1.3 ;
    %end;
S_0000024b2bcd3d00 .scope module, "dut" "rv32i_cpu" 2 41, 3 25 0, S_0000024b2bcb3280;
 .timescale -9 -12;
    .port_info 0 /INPUT 1 "clk";
    .port_info 1 /INPUT 1 "rst";
P_0000024b2bc846f0 .param/l "DATA_WIDTH" 0 3 26, +C4<00000000000000000000000000100000>;
P_0000024b2bc84728 .param/str "INIT_FILE" 0 3 27, "programs/program.hex";
v0000024b2bd74ca0_0 .net "ALUOp", 1 0, v0000024b2bc967f0_0;  1 drivers
v0000024b2bd74f20_0 .net "ALUSrc", 0 0, v0000024b2bc95d50_0;  1 drivers
v0000024b2bd74ac0_0 .net "Branch", 0 0, v0000024b2bc96890_0;  1 drivers
v0000024b2bd74fc0_0 .net "Jump", 0 0, v0000024b2bc95fd0_0;  1 drivers
v0000024b2bd73620_0 .net "MemRead", 0 0, v0000024b2bc95530_0;  1 drivers
v0000024b2bd747a0_0 .net "MemToReg", 0 0, v0000024b2bc95710_0;  1 drivers
v0000024b2bd73800_0 .net "MemWrite", 0 0, v0000024b2bc961b0_0;  1 drivers
v0000024b2bd74020_0 .net "RegWrite", 0 0, v0000024b2bc962f0_0;  1 drivers
v0000024b2bd73300_0 .net "alu_control", 3 0, v0000024b2bc95170_0;  1 drivers
v0000024b2bd733a0_0 .net "alu_result", 31 0, v0000024b2bd55bc0_0;  1 drivers
v0000024b2bd736c0_0 .net "branch_taken", 0 0, L_0000024b2bca2340;  1 drivers
v0000024b2bd738a0_0 .net "clk", 0 0, v0000024b2bd73580_0;  1 drivers
v0000024b2bd74d40_0 .net "funct3", 2 0, L_0000024b2bd740c0;  1 drivers
v0000024b2bd73b20_0 .net "funct7", 6 0, L_0000024b2bd74520;  1 drivers
v0000024b2bd748e0_0 .net "instruction", 31 0, L_0000024b2bca1700;  1 drivers
v0000024b2bd739e0_0 .net "memory_data", 31 0, v0000024b2bd56480_0;  1 drivers
v0000024b2bd742a0_0 .net "opcode", 6 0, L_0000024b2bd74480;  1 drivers
v0000024b2bd73440_0 .net "pc", 31 0, v0000024b2bd55760_0;  1 drivers
v0000024b2bd734e0_0 .net "pc_next", 31 0, v0000024b2bd55300_0;  1 drivers
v0000024b2bd73bc0_0 .net "rd_data", 31 0, v0000024b2bd6fd70_0;  1 drivers
v0000024b2bd73d00_0 .net "rst", 0 0, v0000024b2bd73da0_0;  1 drivers
L_0000024b2bd74480 .part L_0000024b2bca1700, 0, 7;
L_0000024b2bd740c0 .part L_0000024b2bca1700, 12, 3;
L_0000024b2bd74520 .part L_0000024b2bca1700, 25, 7;
S_0000024b2bcd3e90 .scope module, "u_alu_control" "alu_control" 3 140, 4 31 0, S_0000024b2bcd3d00;
 .timescale -9 -12;
    .port_info 0 /INPUT 2 "ALUOp";
    .port_info 1 /INPUT 3 "funct3";
    .port_info 2 /INPUT 7 "funct7";
    .port_info 3 /OUTPUT 4 "alu_control";
v0000024b2bc95df0_0 .net "ALUOp", 1 0, v0000024b2bc967f0_0;  alias, 1 drivers
v0000024b2bc95170_0 .var "alu_control", 3 0;
v0000024b2bc95a30_0 .net "funct3", 2 0, L_0000024b2bd740c0;  alias, 1 drivers
v0000024b2bc96750_0 .net "funct7", 6 0, L_0000024b2bd74520;  alias, 1 drivers
E_0000024b2bcd8bd0 .event anyedge, v0000024b2bc95df0_0, v0000024b2bc95a30_0, v0000024b2bc96750_0;
S_0000024b2bc81940 .scope module, "u_control_unit" "control_unit" 3 123, 5 27 0, S_0000024b2bcd3d00;
 .timescale -9 -12;
    .port_info 0 /INPUT 7 "opcode";
    .port_info 1 /OUTPUT 1 "RegWrite";
    .port_info 2 /OUTPUT 1 "MemRead";
    .port_info 3 /OUTPUT 1 "MemWrite";
    .port_info 4 /OUTPUT 1 "MemToReg";
    .port_info 5 /OUTPUT 1 "ALUSrc";
    .port_info 6 /OUTPUT 1 "Branch";
    .port_info 7 /OUTPUT 1 "Jump";
    .port_info 8 /OUTPUT 2 "ALUOp";
v0000024b2bc967f0_0 .var "ALUOp", 1 0;
v0000024b2bc95d50_0 .var "ALUSrc", 0 0;
v0000024b2bc96890_0 .var "Branch", 0 0;
v0000024b2bc95fd0_0 .var "Jump", 0 0;
v0000024b2bc95530_0 .var "MemRead", 0 0;
v0000024b2bc95710_0 .var "MemToReg", 0 0;
v0000024b2bc961b0_0 .var "MemWrite", 0 0;
v0000024b2bc962f0_0 .var "RegWrite", 0 0;
v0000024b2bc96390_0 .net "opcode", 6 0, L_0000024b2bd74480;  alias, 1 drivers
E_0000024b2bcd8410 .event anyedge, v0000024b2bc96390_0;
S_0000024b2bc81ad0 .scope module, "u_instruction_memory" "instruction_memory" 3 114, 6 20 0, S_0000024b2bcd3d00;
 .timescale -9 -12;
    .port_info 0 /INPUT 32 "address";
    .port_info 1 /OUTPUT 32 "instruction";
P_0000024b2bce8b40 .param/l "DATA_WIDTH" 0 6 21, +C4<00000000000000000000000000100000>;
P_0000024b2bce8b78 .param/str "INIT_FILE" 0 6 23, "programs/program.hex";
P_0000024b2bce8bb0 .param/l "MEM_DEPTH" 0 6 22, +C4<00000000000000000000010000000000>;
L_0000024b2bca1700 .functor BUFZ 32, L_0000024b2bd74700, C4<00000000000000000000000000000000>, C4<00000000000000000000000000000000>, C4<00000000000000000000000000000000>;
v0000024b2bc4e670_0 .net *"_ivl_2", 31 0, L_0000024b2bd74700;  1 drivers
v0000024b2bd556c0_0 .net "address", 31 0, v0000024b2bd55760_0;  alias, 1 drivers
v0000024b2bd568e0_0 .net "instruction", 31 0, L_0000024b2bca1700;  alias, 1 drivers
v0000024b2bd553a0 .array "instruction_mem", 1023 0, 31 0;
v0000024b2bd56d40_0 .net "word_address", 29 0, L_0000024b2bd74160;  1 drivers
L_0000024b2bd74160 .part v0000024b2bd55760_0, 2, 30;
L_0000024b2bd74700 .array/port v0000024b2bd553a0, L_0000024b2bd74160;
S_0000024b2bc81c60 .scope module, "u_program_counter" "program_counter" 3 99, 7 26 0, S_0000024b2bcd3d00;
 .timescale -9 -12;
    .port_info 0 /INPUT 1 "clk";
    .port_info 1 /INPUT 1 "rst";
    .port_info 2 /INPUT 1 "pc_write";
    .port_info 3 /INPUT 32 "pc_next";
    .port_info 4 /OUTPUT 32 "pc";
P_0000024b2bcd8450 .param/l "DATA_WIDTH" 0 7 27, +C4<00000000000000000000000000100000>;
v0000024b2bd563e0_0 .net "clk", 0 0, v0000024b2bd73580_0;  alias, 1 drivers
v0000024b2bd55760_0 .var "pc", 31 0;
v0000024b2bd55e40_0 .net "pc_next", 31 0, v0000024b2bd55300_0;  alias, 1 drivers
L_0000024b2bd75228 .functor BUFT 1, C4<1>, C4<0>, C4<0>, C4<0>;
v0000024b2bd56980_0 .net "pc_write", 0 0, L_0000024b2bd75228;  1 drivers
v0000024b2bd55da0_0 .net "rst", 0 0, v0000024b2bd73da0_0;  alias, 1 drivers
E_0000024b2bcd85d0 .event posedge, v0000024b2bd563e0_0;
S_0000024b2bc39760 .scope module, "u_rv32i_datapath" "rv32i_datapath" 3 153, 8 30 0, S_0000024b2bcd3d00;
 .timescale -9 -12;
    .port_info 0 /INPUT 1 "clk";
    .port_info 1 /INPUT 1 "rst";
    .port_info 2 /INPUT 32 "pc";
    .port_info 3 /INPUT 32 "instruction";
    .port_info 4 /INPUT 1 "RegWrite";
    .port_info 5 /INPUT 1 "MemRead";
    .port_info 6 /INPUT 1 "MemWrite";
    .port_info 7 /INPUT 1 "MemToReg";
    .port_info 8 /INPUT 1 "ALUSrc";
    .port_info 9 /INPUT 1 "Branch";
    .port_info 10 /INPUT 1 "Jump";
    .port_info 11 /INPUT 2 "ALUOp";
    .port_info 12 /INPUT 4 "alu_control";
    .port_info 13 /OUTPUT 32 "next_pc";
    .port_info 14 /OUTPUT 32 "rd_data";
    .port_info 15 /OUTPUT 32 "alu_result";
    .port_info 16 /OUTPUT 32 "memory_data";
    .port_info 17 /OUTPUT 1 "branch_taken";
P_0000024b2bcd8c10 .param/l "DATA_WIDTH" 0 8 31, +C4<00000000000000000000000000100000>;
L_0000024b2bca2340 .functor BUFZ 1, v0000024b2bd56de0_0, C4<0>, C4<0>, C4<0>;
L_0000024b2bd754b0 .functor BUFT 1, C4<11111111111111111111111111111110>, C4<0>, C4<0>, C4<0>;
L_0000024b2bca19a0 .functor AND 32, L_0000024b2bdce230, L_0000024b2bd754b0, C4<11111111111111111111111111111111>, C4<11111111111111111111111111111111>;
v0000024b2bd6f5f0_0 .net "ALUOp", 1 0, v0000024b2bc967f0_0;  alias, 1 drivers
v0000024b2bd6fff0_0 .net "ALUSrc", 0 0, v0000024b2bc95d50_0;  alias, 1 drivers
v0000024b2bd710d0_0 .net "Branch", 0 0, v0000024b2bc96890_0;  alias, 1 drivers
v0000024b2bd70b30_0 .net "Jump", 0 0, v0000024b2bc95fd0_0;  alias, 1 drivers
v0000024b2bd6feb0_0 .net "MemRead", 0 0, v0000024b2bc95530_0;  alias, 1 drivers
v0000024b2bd701d0_0 .net "MemToReg", 0 0, v0000024b2bc95710_0;  alias, 1 drivers
v0000024b2bd70270_0 .net "MemWrite", 0 0, v0000024b2bc961b0_0;  alias, 1 drivers
v0000024b2bd70f90_0 .net "RegWrite", 0 0, v0000024b2bc962f0_0;  alias, 1 drivers
L_0000024b2bd75468 .functor BUFT 1, C4<00000000000000000000000000000100>, C4<0>, C4<0>, C4<0>;
v0000024b2bd70090_0 .net/2u *"_ivl_16", 31 0, L_0000024b2bd75468;  1 drivers
v0000024b2bd6f230_0 .net/2u *"_ivl_26", 31 0, L_0000024b2bd754b0;  1 drivers
v0000024b2bd6f870_0 .var "alu_a_src", 1 0;
v0000024b2bd70770_0 .net "alu_control", 3 0, v0000024b2bc95170_0;  alias, 1 drivers
v0000024b2bd70c70_0 .var "alu_operand_a", 31 0;
v0000024b2bd6f370_0 .net "alu_operand_b", 31 0, L_0000024b2bdcd510;  1 drivers
v0000024b2bd71030_0 .net "alu_result", 31 0, v0000024b2bd55bc0_0;  alias, 1 drivers
v0000024b2bd70d10_0 .net "alu_zero", 0 0, L_0000024b2bdcee10;  1 drivers
v0000024b2bd6f910_0 .net "branch_condition", 0 0, v0000024b2bd56de0_0;  1 drivers
v0000024b2bd70590_0 .net "branch_taken", 0 0, L_0000024b2bca2340;  alias, 1 drivers
v0000024b2bd70810_0 .net "branch_target", 31 0, L_0000024b2bdcd5b0;  1 drivers
v0000024b2bd6faf0_0 .net "clk", 0 0, v0000024b2bd73580_0;  alias, 1 drivers
v0000024b2bd70310_0 .net "funct3", 2 0, L_0000024b2bd743e0;  1 drivers
v0000024b2bd70130_0 .net "funct7", 6 0, L_0000024b2bd74de0;  1 drivers
v0000024b2bd6fb90_0 .net "immediate", 31 0, v0000024b2bd551c0_0;  1 drivers
v0000024b2bd6fc30_0 .net "instruction", 31 0, L_0000024b2bca1700;  alias, 1 drivers
v0000024b2bd703b0_0 .net "jal_target", 31 0, L_0000024b2bdcddd0;  1 drivers
v0000024b2bd6f2d0_0 .net "jalr_target", 31 0, L_0000024b2bca19a0;  1 drivers
v0000024b2bd70630_0 .net "jalr_target_raw", 31 0, L_0000024b2bdce230;  1 drivers
v0000024b2bd6f410_0 .net "memory_data", 31 0, v0000024b2bd56480_0;  alias, 1 drivers
v0000024b2bd706d0_0 .net "next_pc", 31 0, v0000024b2bd55300_0;  alias, 1 drivers
v0000024b2bd70950_0 .net "opcode", 6 0, L_0000024b2bd74200;  1 drivers
v0000024b2bd70db0_0 .net "pc", 31 0, v0000024b2bd55760_0;  alias, 1 drivers
v0000024b2bd75060_0 .net "pc_plus_4", 31 0, L_0000024b2bdce730;  1 drivers
v0000024b2bd74b60_0 .var "pc_src", 1 0;
v0000024b2bd74c00_0 .net "rd_addr", 4 0, L_0000024b2bd74340;  1 drivers
v0000024b2bd73ee0_0 .net "rd_data", 31 0, v0000024b2bd6fd70_0;  alias, 1 drivers
v0000024b2bd74e80_0 .net "rs1_addr", 4 0, L_0000024b2bd745c0;  1 drivers
v0000024b2bd73c60_0 .net "rs1_data", 31 0, L_0000024b2bd56340;  1 drivers
v0000024b2bd73f80_0 .net "rs2_addr", 4 0, L_0000024b2bd74660;  1 drivers
v0000024b2bd75100_0 .net "rs2_data", 31 0, L_0000024b2bdcdb50;  1 drivers
v0000024b2bd73760_0 .net "rst", 0 0, v0000024b2bd73da0_0;  alias, 1 drivers
v0000024b2bd73940_0 .var "wb_src", 1 0;
E_0000024b2bcd8e90 .event anyedge, v0000024b2bc95710_0, v0000024b2bc95fd0_0;
E_0000024b2bcd8fd0 .event anyedge, v0000024b2bd70950_0;
E_0000024b2bcd8490 .event anyedge, v0000024b2bd70950_0, v0000024b2bd6f870_0, v0000024b2bd56e80_0, v0000024b2bd556c0_0;
L_0000024b2bd74200 .part L_0000024b2bca1700, 0, 7;
L_0000024b2bd74340 .part L_0000024b2bca1700, 7, 5;
L_0000024b2bd743e0 .part L_0000024b2bca1700, 12, 3;
L_0000024b2bd745c0 .part L_0000024b2bca1700, 15, 5;
L_0000024b2bd74660 .part L_0000024b2bca1700, 20, 5;
L_0000024b2bd74de0 .part L_0000024b2bca1700, 25, 7;
L_0000024b2bdcd510 .functor MUXZ 32, L_0000024b2bdcdb50, v0000024b2bd551c0_0, v0000024b2bc95d50_0, C4<>;
L_0000024b2bdce730 .arith/sum 32, v0000024b2bd55760_0, L_0000024b2bd75468;
L_0000024b2bdcd5b0 .arith/sum 32, v0000024b2bd55760_0, v0000024b2bd551c0_0;
L_0000024b2bdcddd0 .arith/sum 32, v0000024b2bd55760_0, v0000024b2bd551c0_0;
L_0000024b2bdce230 .arith/sum 32, L_0000024b2bd56340, v0000024b2bd551c0_0;
S_0000024b2bc39a20 .scope module, "u_alu" "alu" 8 246, 9 35 0, S_0000024b2bc39760;
 .timescale -9 -12;
    .port_info 0 /INPUT 32 "operand_a";
    .port_info 1 /INPUT 32 "operand_b";
    .port_info 2 /INPUT 4 "alu_op";
    .port_info 3 /OUTPUT 32 "result";
    .port_info 4 /OUTPUT 1 "zero";
P_0000024b2bcd9010 .param/l "DATA_WIDTH" 0 9 36, +C4<00000000000000000000000000100000>;
L_0000024b2bd75420 .functor BUFT 1, C4<00000000000000000000000000000000>, C4<0>, C4<0>, C4<0>;
v0000024b2bd56200_0 .net/2u *"_ivl_0", 31 0, L_0000024b2bd75420;  1 drivers
v0000024b2bd55c60_0 .net "alu_op", 3 0, v0000024b2bc95170_0;  alias, 1 drivers
v0000024b2bd55ee0_0 .net "operand_a", 31 0, v0000024b2bd70c70_0;  1 drivers
v0000024b2bd55800_0 .net "operand_b", 31 0, L_0000024b2bdcd510;  alias, 1 drivers
v0000024b2bd55bc0_0 .var "result", 31 0;
v0000024b2bd55440_0 .net "zero", 0 0, L_0000024b2bdcee10;  alias, 1 drivers
E_0000024b2bcd84d0 .event anyedge, v0000024b2bc95170_0, v0000024b2bd55ee0_0, v0000024b2bd55800_0;
L_0000024b2bdcee10 .cmp/eq 32, v0000024b2bd55bc0_0, L_0000024b2bd75420;
S_0000024b2bc18190 .scope module, "u_branch_unit" "branch_unit" 8 318, 10 33 0, S_0000024b2bc39760;
 .timescale -9 -12;
    .port_info 0 /INPUT 3 "funct3";
    .port_info 1 /INPUT 32 "rs1_data";
    .port_info 2 /INPUT 32 "rs2_data";
    .port_info 3 /OUTPUT 1 "branch_taken";
P_0000024b2bcd8810 .param/l "DATA_WIDTH" 0 10 34, +C4<00000000000000000000000000100000>;
v0000024b2bd56de0_0 .var "branch_taken", 0 0;
v0000024b2bd56fc0_0 .net "funct3", 2 0, L_0000024b2bd743e0;  alias, 1 drivers
v0000024b2bd56e80_0 .net "rs1_data", 31 0, L_0000024b2bd56340;  alias, 1 drivers
v0000024b2bd56660_0 .net "rs2_data", 31 0, L_0000024b2bdcdb50;  alias, 1 drivers
E_0000024b2bcd8a10 .event anyedge, v0000024b2bd56fc0_0, v0000024b2bd56e80_0, v0000024b2bd56660_0;
S_0000024b2bc18320 .scope module, "u_data_memory" "data_memory" 8 285, 11 30 0, S_0000024b2bc39760;
 .timescale -9 -12;
    .port_info 0 /INPUT 1 "clk";
    .port_info 1 /INPUT 1 "rst";
    .port_info 2 /INPUT 1 "mem_read";
    .port_info 3 /INPUT 1 "mem_write";
    .port_info 4 /INPUT 3 "funct3";
    .port_info 5 /INPUT 32 "address";
    .port_info 6 /INPUT 32 "write_data";
    .port_info 7 /OUTPUT 32 "read_data";
P_0000024b2bce8bf0 .param/l "ADDR_WIDTH" 0 11 32, +C4<00000000000000000000000000001010>;
P_0000024b2bce8c28 .param/l "DATA_WIDTH" 0 11 31, +C4<00000000000000000000000000100000>;
P_0000024b2bce8c60 .param/l "MEMORY_SIZE" 1 11 79, +C4<000000000000000000000000000000010000000000>;
v0000024b2bd56020_0 .net "address", 31 0, v0000024b2bd55bc0_0;  alias, 1 drivers
v0000024b2bd56c00_0 .net "clk", 0 0, v0000024b2bd73580_0;  alias, 1 drivers
v0000024b2bd56f20_0 .net "funct3", 2 0, L_0000024b2bd743e0;  alias, 1 drivers
v0000024b2bd560c0_0 .var/i "i", 31 0;
v0000024b2bd56160_0 .net "mem_read", 0 0, v0000024b2bc95530_0;  alias, 1 drivers
v0000024b2bd57060_0 .net "mem_write", 0 0, v0000024b2bc961b0_0;  alias, 1 drivers
v0000024b2bd56b60 .array "memory", 1023 0, 7 0;
v0000024b2bd56480_0 .var "read_data", 31 0;
v0000024b2bd55f80_0 .net "rst", 0 0, v0000024b2bd73da0_0;  alias, 1 drivers
v0000024b2bd554e0_0 .net "write_data", 31 0, L_0000024b2bdcdb50;  alias, 1 drivers
v0000024b2bd56b60_0 .array/port v0000024b2bd56b60, 0;
E_0000024b2bcd8510/0 .event anyedge, v0000024b2bc95530_0, v0000024b2bd56fc0_0, v0000024b2bd55bc0_0, v0000024b2bd56b60_0;
v0000024b2bd56b60_1 .array/port v0000024b2bd56b60, 1;
v0000024b2bd56b60_2 .array/port v0000024b2bd56b60, 2;
v0000024b2bd56b60_3 .array/port v0000024b2bd56b60, 3;
v0000024b2bd56b60_4 .array/port v0000024b2bd56b60, 4;
E_0000024b2bcd8510/1 .event anyedge, v0000024b2bd56b60_1, v0000024b2bd56b60_2, v0000024b2bd56b60_3, v0000024b2bd56b60_4;
v0000024b2bd56b60_5 .array/port v0000024b2bd56b60, 5;
v0000024b2bd56b60_6 .array/port v0000024b2bd56b60, 6;
v0000024b2bd56b60_7 .array/port v0000024b2bd56b60, 7;
v0000024b2bd56b60_8 .array/port v0000024b2bd56b60, 8;
E_0000024b2bcd8510/2 .event anyedge, v0000024b2bd56b60_5, v0000024b2bd56b60_6, v0000024b2bd56b60_7, v0000024b2bd56b60_8;
v0000024b2bd56b60_9 .array/port v0000024b2bd56b60, 9;
v0000024b2bd56b60_10 .array/port v0000024b2bd56b60, 10;
v0000024b2bd56b60_11 .array/port v0000024b2bd56b60, 11;
v0000024b2bd56b60_12 .array/port v0000024b2bd56b60, 12;
E_0000024b2bcd8510/3 .event anyedge, v0000024b2bd56b60_9, v0000024b2bd56b60_10, v0000024b2bd56b60_11, v0000024b2bd56b60_12;
v0000024b2bd56b60_13 .array/port v0000024b2bd56b60, 13;
v0000024b2bd56b60_14 .array/port v0000024b2bd56b60, 14;
v0000024b2bd56b60_15 .array/port v0000024b2bd56b60, 15;
v0000024b2bd56b60_16 .array/port v0000024b2bd56b60, 16;
E_0000024b2bcd8510/4 .event anyedge, v0000024b2bd56b60_13, v0000024b2bd56b60_14, v0000024b2bd56b60_15, v0000024b2bd56b60_16;
v0000024b2bd56b60_17 .array/port v0000024b2bd56b60, 17;
v0000024b2bd56b60_18 .array/port v0000024b2bd56b60, 18;
v0000024b2bd56b60_19 .array/port v0000024b2bd56b60, 19;
v0000024b2bd56b60_20 .array/port v0000024b2bd56b60, 20;
E_0000024b2bcd8510/5 .event anyedge, v0000024b2bd56b60_17, v0000024b2bd56b60_18, v0000024b2bd56b60_19, v0000024b2bd56b60_20;
v0000024b2bd56b60_21 .array/port v0000024b2bd56b60, 21;
v0000024b2bd56b60_22 .array/port v0000024b2bd56b60, 22;
v0000024b2bd56b60_23 .array/port v0000024b2bd56b60, 23;
v0000024b2bd56b60_24 .array/port v0000024b2bd56b60, 24;
E_0000024b2bcd8510/6 .event anyedge, v0000024b2bd56b60_21, v0000024b2bd56b60_22, v0000024b2bd56b60_23, v0000024b2bd56b60_24;
v0000024b2bd56b60_25 .array/port v0000024b2bd56b60, 25;
v0000024b2bd56b60_26 .array/port v0000024b2bd56b60, 26;
v0000024b2bd56b60_27 .array/port v0000024b2bd56b60, 27;
v0000024b2bd56b60_28 .array/port v0000024b2bd56b60, 28;
E_0000024b2bcd8510/7 .event anyedge, v0000024b2bd56b60_25, v0000024b2bd56b60_26, v0000024b2bd56b60_27, v0000024b2bd56b60_28;
v0000024b2bd56b60_29 .array/port v0000024b2bd56b60, 29;
v0000024b2bd56b60_30 .array/port v0000024b2bd56b60, 30;
v0000024b2bd56b60_31 .array/port v0000024b2bd56b60, 31;
v0000024b2bd56b60_32 .array/port v0000024b2bd56b60, 32;
E_0000024b2bcd8510/8 .event anyedge, v0000024b2bd56b60_29, v0000024b2bd56b60_30, v0000024b2bd56b60_31, v0000024b2bd56b60_32;
v0000024b2bd56b60_33 .array/port v0000024b2bd56b60, 33;
v0000024b2bd56b60_34 .array/port v0000024b2bd56b60, 34;
v0000024b2bd56b60_35 .array/port v0000024b2bd56b60, 35;
v0000024b2bd56b60_36 .array/port v0000024b2bd56b60, 36;
E_0000024b2bcd8510/9 .event anyedge, v0000024b2bd56b60_33, v0000024b2bd56b60_34, v0000024b2bd56b60_35, v0000024b2bd56b60_36;
v0000024b2bd56b60_37 .array/port v0000024b2bd56b60, 37;
v0000024b2bd56b60_38 .array/port v0000024b2bd56b60, 38;
v0000024b2bd56b60_39 .array/port v0000024b2bd56b60, 39;
v0000024b2bd56b60_40 .array/port v0000024b2bd56b60, 40;
E_0000024b2bcd8510/10 .event anyedge, v0000024b2bd56b60_37, v0000024b2bd56b60_38, v0000024b2bd56b60_39, v0000024b2bd56b60_40;
v0000024b2bd56b60_41 .array/port v0000024b2bd56b60, 41;
v0000024b2bd56b60_42 .array/port v0000024b2bd56b60, 42;
v0000024b2bd56b60_43 .array/port v0000024b2bd56b60, 43;
v0000024b2bd56b60_44 .array/port v0000024b2bd56b60, 44;
E_0000024b2bcd8510/11 .event anyedge, v0000024b2bd56b60_41, v0000024b2bd56b60_42, v0000024b2bd56b60_43, v0000024b2bd56b60_44;
v0000024b2bd56b60_45 .array/port v0000024b2bd56b60, 45;
v0000024b2bd56b60_46 .array/port v0000024b2bd56b60, 46;
v0000024b2bd56b60_47 .array/port v0000024b2bd56b60, 47;
v0000024b2bd56b60_48 .array/port v0000024b2bd56b60, 48;
E_0000024b2bcd8510/12 .event anyedge, v0000024b2bd56b60_45, v0000024b2bd56b60_46, v0000024b2bd56b60_47, v0000024b2bd56b60_48;
v0000024b2bd56b60_49 .array/port v0000024b2bd56b60, 49;
v0000024b2bd56b60_50 .array/port v0000024b2bd56b60, 50;
v0000024b2bd56b60_51 .array/port v0000024b2bd56b60, 51;
v0000024b2bd56b60_52 .array/port v0000024b2bd56b60, 52;
E_0000024b2bcd8510/13 .event anyedge, v0000024b2bd56b60_49, v0000024b2bd56b60_50, v0000024b2bd56b60_51, v0000024b2bd56b60_52;
v0000024b2bd56b60_53 .array/port v0000024b2bd56b60, 53;
v0000024b2bd56b60_54 .array/port v0000024b2bd56b60, 54;
v0000024b2bd56b60_55 .array/port v0000024b2bd56b60, 55;
v0000024b2bd56b60_56 .array/port v0000024b2bd56b60, 56;
E_0000024b2bcd8510/14 .event anyedge, v0000024b2bd56b60_53, v0000024b2bd56b60_54, v0000024b2bd56b60_55, v0000024b2bd56b60_56;
v0000024b2bd56b60_57 .array/port v0000024b2bd56b60, 57;
v0000024b2bd56b60_58 .array/port v0000024b2bd56b60, 58;
v0000024b2bd56b60_59 .array/port v0000024b2bd56b60, 59;
v0000024b2bd56b60_60 .array/port v0000024b2bd56b60, 60;
E_0000024b2bcd8510/15 .event anyedge, v0000024b2bd56b60_57, v0000024b2bd56b60_58, v0000024b2bd56b60_59, v0000024b2bd56b60_60;
v0000024b2bd56b60_61 .array/port v0000024b2bd56b60, 61;
v0000024b2bd56b60_62 .array/port v0000024b2bd56b60, 62;
v0000024b2bd56b60_63 .array/port v0000024b2bd56b60, 63;
v0000024b2bd56b60_64 .array/port v0000024b2bd56b60, 64;
E_0000024b2bcd8510/16 .event anyedge, v0000024b2bd56b60_61, v0000024b2bd56b60_62, v0000024b2bd56b60_63, v0000024b2bd56b60_64;
v0000024b2bd56b60_65 .array/port v0000024b2bd56b60, 65;
v0000024b2bd56b60_66 .array/port v0000024b2bd56b60, 66;
v0000024b2bd56b60_67 .array/port v0000024b2bd56b60, 67;
v0000024b2bd56b60_68 .array/port v0000024b2bd56b60, 68;
E_0000024b2bcd8510/17 .event anyedge, v0000024b2bd56b60_65, v0000024b2bd56b60_66, v0000024b2bd56b60_67, v0000024b2bd56b60_68;
v0000024b2bd56b60_69 .array/port v0000024b2bd56b60, 69;
v0000024b2bd56b60_70 .array/port v0000024b2bd56b60, 70;
v0000024b2bd56b60_71 .array/port v0000024b2bd56b60, 71;
v0000024b2bd56b60_72 .array/port v0000024b2bd56b60, 72;
E_0000024b2bcd8510/18 .event anyedge, v0000024b2bd56b60_69, v0000024b2bd56b60_70, v0000024b2bd56b60_71, v0000024b2bd56b60_72;
v0000024b2bd56b60_73 .array/port v0000024b2bd56b60, 73;
v0000024b2bd56b60_74 .array/port v0000024b2bd56b60, 74;
v0000024b2bd56b60_75 .array/port v0000024b2bd56b60, 75;
v0000024b2bd56b60_76 .array/port v0000024b2bd56b60, 76;
E_0000024b2bcd8510/19 .event anyedge, v0000024b2bd56b60_73, v0000024b2bd56b60_74, v0000024b2bd56b60_75, v0000024b2bd56b60_76;
v0000024b2bd56b60_77 .array/port v0000024b2bd56b60, 77;
v0000024b2bd56b60_78 .array/port v0000024b2bd56b60, 78;
v0000024b2bd56b60_79 .array/port v0000024b2bd56b60, 79;
v0000024b2bd56b60_80 .array/port v0000024b2bd56b60, 80;
E_0000024b2bcd8510/20 .event anyedge, v0000024b2bd56b60_77, v0000024b2bd56b60_78, v0000024b2bd56b60_79, v0000024b2bd56b60_80;
v0000024b2bd56b60_81 .array/port v0000024b2bd56b60, 81;
v0000024b2bd56b60_82 .array/port v0000024b2bd56b60, 82;
v0000024b2bd56b60_83 .array/port v0000024b2bd56b60, 83;
v0000024b2bd56b60_84 .array/port v0000024b2bd56b60, 84;
E_0000024b2bcd8510/21 .event anyedge, v0000024b2bd56b60_81, v0000024b2bd56b60_82, v0000024b2bd56b60_83, v0000024b2bd56b60_84;
v0000024b2bd56b60_85 .array/port v0000024b2bd56b60, 85;
v0000024b2bd56b60_86 .array/port v0000024b2bd56b60, 86;
v0000024b2bd56b60_87 .array/port v0000024b2bd56b60, 87;
v0000024b2bd56b60_88 .array/port v0000024b2bd56b60, 88;
E_0000024b2bcd8510/22 .event anyedge, v0000024b2bd56b60_85, v0000024b2bd56b60_86, v0000024b2bd56b60_87, v0000024b2bd56b60_88;
v0000024b2bd56b60_89 .array/port v0000024b2bd56b60, 89;
v0000024b2bd56b60_90 .array/port v0000024b2bd56b60, 90;
v0000024b2bd56b60_91 .array/port v0000024b2bd56b60, 91;
v0000024b2bd56b60_92 .array/port v0000024b2bd56b60, 92;
E_0000024b2bcd8510/23 .event anyedge, v0000024b2bd56b60_89, v0000024b2bd56b60_90, v0000024b2bd56b60_91, v0000024b2bd56b60_92;
v0000024b2bd56b60_93 .array/port v0000024b2bd56b60, 93;
v0000024b2bd56b60_94 .array/port v0000024b2bd56b60, 94;
v0000024b2bd56b60_95 .array/port v0000024b2bd56b60, 95;
v0000024b2bd56b60_96 .array/port v0000024b2bd56b60, 96;
E_0000024b2bcd8510/24 .event anyedge, v0000024b2bd56b60_93, v0000024b2bd56b60_94, v0000024b2bd56b60_95, v0000024b2bd56b60_96;
v0000024b2bd56b60_97 .array/port v0000024b2bd56b60, 97;
v0000024b2bd56b60_98 .array/port v0000024b2bd56b60, 98;
v0000024b2bd56b60_99 .array/port v0000024b2bd56b60, 99;
v0000024b2bd56b60_100 .array/port v0000024b2bd56b60, 100;
E_0000024b2bcd8510/25 .event anyedge, v0000024b2bd56b60_97, v0000024b2bd56b60_98, v0000024b2bd56b60_99, v0000024b2bd56b60_100;
v0000024b2bd56b60_101 .array/port v0000024b2bd56b60, 101;
v0000024b2bd56b60_102 .array/port v0000024b2bd56b60, 102;
v0000024b2bd56b60_103 .array/port v0000024b2bd56b60, 103;
v0000024b2bd56b60_104 .array/port v0000024b2bd56b60, 104;
E_0000024b2bcd8510/26 .event anyedge, v0000024b2bd56b60_101, v0000024b2bd56b60_102, v0000024b2bd56b60_103, v0000024b2bd56b60_104;
v0000024b2bd56b60_105 .array/port v0000024b2bd56b60, 105;
v0000024b2bd56b60_106 .array/port v0000024b2bd56b60, 106;
v0000024b2bd56b60_107 .array/port v0000024b2bd56b60, 107;
v0000024b2bd56b60_108 .array/port v0000024b2bd56b60, 108;
E_0000024b2bcd8510/27 .event anyedge, v0000024b2bd56b60_105, v0000024b2bd56b60_106, v0000024b2bd56b60_107, v0000024b2bd56b60_108;
v0000024b2bd56b60_109 .array/port v0000024b2bd56b60, 109;
v0000024b2bd56b60_110 .array/port v0000024b2bd56b60, 110;
v0000024b2bd56b60_111 .array/port v0000024b2bd56b60, 111;
v0000024b2bd56b60_112 .array/port v0000024b2bd56b60, 112;
E_0000024b2bcd8510/28 .event anyedge, v0000024b2bd56b60_109, v0000024b2bd56b60_110, v0000024b2bd56b60_111, v0000024b2bd56b60_112;
v0000024b2bd56b60_113 .array/port v0000024b2bd56b60, 113;
v0000024b2bd56b60_114 .array/port v0000024b2bd56b60, 114;
v0000024b2bd56b60_115 .array/port v0000024b2bd56b60, 115;
v0000024b2bd56b60_116 .array/port v0000024b2bd56b60, 116;
E_0000024b2bcd8510/29 .event anyedge, v0000024b2bd56b60_113, v0000024b2bd56b60_114, v0000024b2bd56b60_115, v0000024b2bd56b60_116;
v0000024b2bd56b60_117 .array/port v0000024b2bd56b60, 117;
v0000024b2bd56b60_118 .array/port v0000024b2bd56b60, 118;
v0000024b2bd56b60_119 .array/port v0000024b2bd56b60, 119;
v0000024b2bd56b60_120 .array/port v0000024b2bd56b60, 120;
E_0000024b2bcd8510/30 .event anyedge, v0000024b2bd56b60_117, v0000024b2bd56b60_118, v0000024b2bd56b60_119, v0000024b2bd56b60_120;
v0000024b2bd56b60_121 .array/port v0000024b2bd56b60, 121;
v0000024b2bd56b60_122 .array/port v0000024b2bd56b60, 122;
v0000024b2bd56b60_123 .array/port v0000024b2bd56b60, 123;
v0000024b2bd56b60_124 .array/port v0000024b2bd56b60, 124;
E_0000024b2bcd8510/31 .event anyedge, v0000024b2bd56b60_121, v0000024b2bd56b60_122, v0000024b2bd56b60_123, v0000024b2bd56b60_124;
v0000024b2bd56b60_125 .array/port v0000024b2bd56b60, 125;
v0000024b2bd56b60_126 .array/port v0000024b2bd56b60, 126;
v0000024b2bd56b60_127 .array/port v0000024b2bd56b60, 127;
v0000024b2bd56b60_128 .array/port v0000024b2bd56b60, 128;
E_0000024b2bcd8510/32 .event anyedge, v0000024b2bd56b60_125, v0000024b2bd56b60_126, v0000024b2bd56b60_127, v0000024b2bd56b60_128;
v0000024b2bd56b60_129 .array/port v0000024b2bd56b60, 129;
v0000024b2bd56b60_130 .array/port v0000024b2bd56b60, 130;
v0000024b2bd56b60_131 .array/port v0000024b2bd56b60, 131;
v0000024b2bd56b60_132 .array/port v0000024b2bd56b60, 132;
E_0000024b2bcd8510/33 .event anyedge, v0000024b2bd56b60_129, v0000024b2bd56b60_130, v0000024b2bd56b60_131, v0000024b2bd56b60_132;
v0000024b2bd56b60_133 .array/port v0000024b2bd56b60, 133;
v0000024b2bd56b60_134 .array/port v0000024b2bd56b60, 134;
v0000024b2bd56b60_135 .array/port v0000024b2bd56b60, 135;
v0000024b2bd56b60_136 .array/port v0000024b2bd56b60, 136;
E_0000024b2bcd8510/34 .event anyedge, v0000024b2bd56b60_133, v0000024b2bd56b60_134, v0000024b2bd56b60_135, v0000024b2bd56b60_136;
v0000024b2bd56b60_137 .array/port v0000024b2bd56b60, 137;
v0000024b2bd56b60_138 .array/port v0000024b2bd56b60, 138;
v0000024b2bd56b60_139 .array/port v0000024b2bd56b60, 139;
v0000024b2bd56b60_140 .array/port v0000024b2bd56b60, 140;
E_0000024b2bcd8510/35 .event anyedge, v0000024b2bd56b60_137, v0000024b2bd56b60_138, v0000024b2bd56b60_139, v0000024b2bd56b60_140;
v0000024b2bd56b60_141 .array/port v0000024b2bd56b60, 141;
v0000024b2bd56b60_142 .array/port v0000024b2bd56b60, 142;
v0000024b2bd56b60_143 .array/port v0000024b2bd56b60, 143;
v0000024b2bd56b60_144 .array/port v0000024b2bd56b60, 144;
E_0000024b2bcd8510/36 .event anyedge, v0000024b2bd56b60_141, v0000024b2bd56b60_142, v0000024b2bd56b60_143, v0000024b2bd56b60_144;
v0000024b2bd56b60_145 .array/port v0000024b2bd56b60, 145;
v0000024b2bd56b60_146 .array/port v0000024b2bd56b60, 146;
v0000024b2bd56b60_147 .array/port v0000024b2bd56b60, 147;
v0000024b2bd56b60_148 .array/port v0000024b2bd56b60, 148;
E_0000024b2bcd8510/37 .event anyedge, v0000024b2bd56b60_145, v0000024b2bd56b60_146, v0000024b2bd56b60_147, v0000024b2bd56b60_148;
v0000024b2bd56b60_149 .array/port v0000024b2bd56b60, 149;
v0000024b2bd56b60_150 .array/port v0000024b2bd56b60, 150;
v0000024b2bd56b60_151 .array/port v0000024b2bd56b60, 151;
v0000024b2bd56b60_152 .array/port v0000024b2bd56b60, 152;
E_0000024b2bcd8510/38 .event anyedge, v0000024b2bd56b60_149, v0000024b2bd56b60_150, v0000024b2bd56b60_151, v0000024b2bd56b60_152;
v0000024b2bd56b60_153 .array/port v0000024b2bd56b60, 153;
v0000024b2bd56b60_154 .array/port v0000024b2bd56b60, 154;
v0000024b2bd56b60_155 .array/port v0000024b2bd56b60, 155;
v0000024b2bd56b60_156 .array/port v0000024b2bd56b60, 156;
E_0000024b2bcd8510/39 .event anyedge, v0000024b2bd56b60_153, v0000024b2bd56b60_154, v0000024b2bd56b60_155, v0000024b2bd56b60_156;
v0000024b2bd56b60_157 .array/port v0000024b2bd56b60, 157;
v0000024b2bd56b60_158 .array/port v0000024b2bd56b60, 158;
v0000024b2bd56b60_159 .array/port v0000024b2bd56b60, 159;
v0000024b2bd56b60_160 .array/port v0000024b2bd56b60, 160;
E_0000024b2bcd8510/40 .event anyedge, v0000024b2bd56b60_157, v0000024b2bd56b60_158, v0000024b2bd56b60_159, v0000024b2bd56b60_160;
v0000024b2bd56b60_161 .array/port v0000024b2bd56b60, 161;
v0000024b2bd56b60_162 .array/port v0000024b2bd56b60, 162;
v0000024b2bd56b60_163 .array/port v0000024b2bd56b60, 163;
v0000024b2bd56b60_164 .array/port v0000024b2bd56b60, 164;
E_0000024b2bcd8510/41 .event anyedge, v0000024b2bd56b60_161, v0000024b2bd56b60_162, v0000024b2bd56b60_163, v0000024b2bd56b60_164;
v0000024b2bd56b60_165 .array/port v0000024b2bd56b60, 165;
v0000024b2bd56b60_166 .array/port v0000024b2bd56b60, 166;
v0000024b2bd56b60_167 .array/port v0000024b2bd56b60, 167;
v0000024b2bd56b60_168 .array/port v0000024b2bd56b60, 168;
E_0000024b2bcd8510/42 .event anyedge, v0000024b2bd56b60_165, v0000024b2bd56b60_166, v0000024b2bd56b60_167, v0000024b2bd56b60_168;
v0000024b2bd56b60_169 .array/port v0000024b2bd56b60, 169;
v0000024b2bd56b60_170 .array/port v0000024b2bd56b60, 170;
v0000024b2bd56b60_171 .array/port v0000024b2bd56b60, 171;
v0000024b2bd56b60_172 .array/port v0000024b2bd56b60, 172;
E_0000024b2bcd8510/43 .event anyedge, v0000024b2bd56b60_169, v0000024b2bd56b60_170, v0000024b2bd56b60_171, v0000024b2bd56b60_172;
v0000024b2bd56b60_173 .array/port v0000024b2bd56b60, 173;
v0000024b2bd56b60_174 .array/port v0000024b2bd56b60, 174;
v0000024b2bd56b60_175 .array/port v0000024b2bd56b60, 175;
v0000024b2bd56b60_176 .array/port v0000024b2bd56b60, 176;
E_0000024b2bcd8510/44 .event anyedge, v0000024b2bd56b60_173, v0000024b2bd56b60_174, v0000024b2bd56b60_175, v0000024b2bd56b60_176;
v0000024b2bd56b60_177 .array/port v0000024b2bd56b60, 177;
v0000024b2bd56b60_178 .array/port v0000024b2bd56b60, 178;
v0000024b2bd56b60_179 .array/port v0000024b2bd56b60, 179;
v0000024b2bd56b60_180 .array/port v0000024b2bd56b60, 180;
E_0000024b2bcd8510/45 .event anyedge, v0000024b2bd56b60_177, v0000024b2bd56b60_178, v0000024b2bd56b60_179, v0000024b2bd56b60_180;
v0000024b2bd56b60_181 .array/port v0000024b2bd56b60, 181;
v0000024b2bd56b60_182 .array/port v0000024b2bd56b60, 182;
v0000024b2bd56b60_183 .array/port v0000024b2bd56b60, 183;
v0000024b2bd56b60_184 .array/port v0000024b2bd56b60, 184;
E_0000024b2bcd8510/46 .event anyedge, v0000024b2bd56b60_181, v0000024b2bd56b60_182, v0000024b2bd56b60_183, v0000024b2bd56b60_184;
v0000024b2bd56b60_185 .array/port v0000024b2bd56b60, 185;
v0000024b2bd56b60_186 .array/port v0000024b2bd56b60, 186;
v0000024b2bd56b60_187 .array/port v0000024b2bd56b60, 187;
v0000024b2bd56b60_188 .array/port v0000024b2bd56b60, 188;
E_0000024b2bcd8510/47 .event anyedge, v0000024b2bd56b60_185, v0000024b2bd56b60_186, v0000024b2bd56b60_187, v0000024b2bd56b60_188;
v0000024b2bd56b60_189 .array/port v0000024b2bd56b60, 189;
v0000024b2bd56b60_190 .array/port v0000024b2bd56b60, 190;
v0000024b2bd56b60_191 .array/port v0000024b2bd56b60, 191;
v0000024b2bd56b60_192 .array/port v0000024b2bd56b60, 192;
E_0000024b2bcd8510/48 .event anyedge, v0000024b2bd56b60_189, v0000024b2bd56b60_190, v0000024b2bd56b60_191, v0000024b2bd56b60_192;
v0000024b2bd56b60_193 .array/port v0000024b2bd56b60, 193;
v0000024b2bd56b60_194 .array/port v0000024b2bd56b60, 194;
v0000024b2bd56b60_195 .array/port v0000024b2bd56b60, 195;
v0000024b2bd56b60_196 .array/port v0000024b2bd56b60, 196;
E_0000024b2bcd8510/49 .event anyedge, v0000024b2bd56b60_193, v0000024b2bd56b60_194, v0000024b2bd56b60_195, v0000024b2bd56b60_196;
v0000024b2bd56b60_197 .array/port v0000024b2bd56b60, 197;
v0000024b2bd56b60_198 .array/port v0000024b2bd56b60, 198;
v0000024b2bd56b60_199 .array/port v0000024b2bd56b60, 199;
v0000024b2bd56b60_200 .array/port v0000024b2bd56b60, 200;
E_0000024b2bcd8510/50 .event anyedge, v0000024b2bd56b60_197, v0000024b2bd56b60_198, v0000024b2bd56b60_199, v0000024b2bd56b60_200;
v0000024b2bd56b60_201 .array/port v0000024b2bd56b60, 201;
v0000024b2bd56b60_202 .array/port v0000024b2bd56b60, 202;
v0000024b2bd56b60_203 .array/port v0000024b2bd56b60, 203;
v0000024b2bd56b60_204 .array/port v0000024b2bd56b60, 204;
E_0000024b2bcd8510/51 .event anyedge, v0000024b2bd56b60_201, v0000024b2bd56b60_202, v0000024b2bd56b60_203, v0000024b2bd56b60_204;
v0000024b2bd56b60_205 .array/port v0000024b2bd56b60, 205;
v0000024b2bd56b60_206 .array/port v0000024b2bd56b60, 206;
v0000024b2bd56b60_207 .array/port v0000024b2bd56b60, 207;
v0000024b2bd56b60_208 .array/port v0000024b2bd56b60, 208;
E_0000024b2bcd8510/52 .event anyedge, v0000024b2bd56b60_205, v0000024b2bd56b60_206, v0000024b2bd56b60_207, v0000024b2bd56b60_208;
v0000024b2bd56b60_209 .array/port v0000024b2bd56b60, 209;
v0000024b2bd56b60_210 .array/port v0000024b2bd56b60, 210;
v0000024b2bd56b60_211 .array/port v0000024b2bd56b60, 211;
v0000024b2bd56b60_212 .array/port v0000024b2bd56b60, 212;
E_0000024b2bcd8510/53 .event anyedge, v0000024b2bd56b60_209, v0000024b2bd56b60_210, v0000024b2bd56b60_211, v0000024b2bd56b60_212;
v0000024b2bd56b60_213 .array/port v0000024b2bd56b60, 213;
v0000024b2bd56b60_214 .array/port v0000024b2bd56b60, 214;
v0000024b2bd56b60_215 .array/port v0000024b2bd56b60, 215;
v0000024b2bd56b60_216 .array/port v0000024b2bd56b60, 216;
E_0000024b2bcd8510/54 .event anyedge, v0000024b2bd56b60_213, v0000024b2bd56b60_214, v0000024b2bd56b60_215, v0000024b2bd56b60_216;
v0000024b2bd56b60_217 .array/port v0000024b2bd56b60, 217;
v0000024b2bd56b60_218 .array/port v0000024b2bd56b60, 218;
v0000024b2bd56b60_219 .array/port v0000024b2bd56b60, 219;
v0000024b2bd56b60_220 .array/port v0000024b2bd56b60, 220;
E_0000024b2bcd8510/55 .event anyedge, v0000024b2bd56b60_217, v0000024b2bd56b60_218, v0000024b2bd56b60_219, v0000024b2bd56b60_220;
v0000024b2bd56b60_221 .array/port v0000024b2bd56b60, 221;
v0000024b2bd56b60_222 .array/port v0000024b2bd56b60, 222;
v0000024b2bd56b60_223 .array/port v0000024b2bd56b60, 223;
v0000024b2bd56b60_224 .array/port v0000024b2bd56b60, 224;
E_0000024b2bcd8510/56 .event anyedge, v0000024b2bd56b60_221, v0000024b2bd56b60_222, v0000024b2bd56b60_223, v0000024b2bd56b60_224;
v0000024b2bd56b60_225 .array/port v0000024b2bd56b60, 225;
v0000024b2bd56b60_226 .array/port v0000024b2bd56b60, 226;
v0000024b2bd56b60_227 .array/port v0000024b2bd56b60, 227;
v0000024b2bd56b60_228 .array/port v0000024b2bd56b60, 228;
E_0000024b2bcd8510/57 .event anyedge, v0000024b2bd56b60_225, v0000024b2bd56b60_226, v0000024b2bd56b60_227, v0000024b2bd56b60_228;
v0000024b2bd56b60_229 .array/port v0000024b2bd56b60, 229;
v0000024b2bd56b60_230 .array/port v0000024b2bd56b60, 230;
v0000024b2bd56b60_231 .array/port v0000024b2bd56b60, 231;
v0000024b2bd56b60_232 .array/port v0000024b2bd56b60, 232;
E_0000024b2bcd8510/58 .event anyedge, v0000024b2bd56b60_229, v0000024b2bd56b60_230, v0000024b2bd56b60_231, v0000024b2bd56b60_232;
v0000024b2bd56b60_233 .array/port v0000024b2bd56b60, 233;
v0000024b2bd56b60_234 .array/port v0000024b2bd56b60, 234;
v0000024b2bd56b60_235 .array/port v0000024b2bd56b60, 235;
v0000024b2bd56b60_236 .array/port v0000024b2bd56b60, 236;
E_0000024b2bcd8510/59 .event anyedge, v0000024b2bd56b60_233, v0000024b2bd56b60_234, v0000024b2bd56b60_235, v0000024b2bd56b60_236;
v0000024b2bd56b60_237 .array/port v0000024b2bd56b60, 237;
v0000024b2bd56b60_238 .array/port v0000024b2bd56b60, 238;
v0000024b2bd56b60_239 .array/port v0000024b2bd56b60, 239;
v0000024b2bd56b60_240 .array/port v0000024b2bd56b60, 240;
E_0000024b2bcd8510/60 .event anyedge, v0000024b2bd56b60_237, v0000024b2bd56b60_238, v0000024b2bd56b60_239, v0000024b2bd56b60_240;
v0000024b2bd56b60_241 .array/port v0000024b2bd56b60, 241;
v0000024b2bd56b60_242 .array/port v0000024b2bd56b60, 242;
v0000024b2bd56b60_243 .array/port v0000024b2bd56b60, 243;
v0000024b2bd56b60_244 .array/port v0000024b2bd56b60, 244;
E_0000024b2bcd8510/61 .event anyedge, v0000024b2bd56b60_241, v0000024b2bd56b60_242, v0000024b2bd56b60_243, v0000024b2bd56b60_244;
v0000024b2bd56b60_245 .array/port v0000024b2bd56b60, 245;
v0000024b2bd56b60_246 .array/port v0000024b2bd56b60, 246;
v0000024b2bd56b60_247 .array/port v0000024b2bd56b60, 247;
v0000024b2bd56b60_248 .array/port v0000024b2bd56b60, 248;
E_0000024b2bcd8510/62 .event anyedge, v0000024b2bd56b60_245, v0000024b2bd56b60_246, v0000024b2bd56b60_247, v0000024b2bd56b60_248;
v0000024b2bd56b60_249 .array/port v0000024b2bd56b60, 249;
v0000024b2bd56b60_250 .array/port v0000024b2bd56b60, 250;
v0000024b2bd56b60_251 .array/port v0000024b2bd56b60, 251;
v0000024b2bd56b60_252 .array/port v0000024b2bd56b60, 252;
E_0000024b2bcd8510/63 .event anyedge, v0000024b2bd56b60_249, v0000024b2bd56b60_250, v0000024b2bd56b60_251, v0000024b2bd56b60_252;
v0000024b2bd56b60_253 .array/port v0000024b2bd56b60, 253;
v0000024b2bd56b60_254 .array/port v0000024b2bd56b60, 254;
v0000024b2bd56b60_255 .array/port v0000024b2bd56b60, 255;
v0000024b2bd56b60_256 .array/port v0000024b2bd56b60, 256;
E_0000024b2bcd8510/64 .event anyedge, v0000024b2bd56b60_253, v0000024b2bd56b60_254, v0000024b2bd56b60_255, v0000024b2bd56b60_256;
v0000024b2bd56b60_257 .array/port v0000024b2bd56b60, 257;
v0000024b2bd56b60_258 .array/port v0000024b2bd56b60, 258;
v0000024b2bd56b60_259 .array/port v0000024b2bd56b60, 259;
v0000024b2bd56b60_260 .array/port v0000024b2bd56b60, 260;
E_0000024b2bcd8510/65 .event anyedge, v0000024b2bd56b60_257, v0000024b2bd56b60_258, v0000024b2bd56b60_259, v0000024b2bd56b60_260;
v0000024b2bd56b60_261 .array/port v0000024b2bd56b60, 261;
v0000024b2bd56b60_262 .array/port v0000024b2bd56b60, 262;
v0000024b2bd56b60_263 .array/port v0000024b2bd56b60, 263;
v0000024b2bd56b60_264 .array/port v0000024b2bd56b60, 264;
E_0000024b2bcd8510/66 .event anyedge, v0000024b2bd56b60_261, v0000024b2bd56b60_262, v0000024b2bd56b60_263, v0000024b2bd56b60_264;
v0000024b2bd56b60_265 .array/port v0000024b2bd56b60, 265;
v0000024b2bd56b60_266 .array/port v0000024b2bd56b60, 266;
v0000024b2bd56b60_267 .array/port v0000024b2bd56b60, 267;
v0000024b2bd56b60_268 .array/port v0000024b2bd56b60, 268;
E_0000024b2bcd8510/67 .event anyedge, v0000024b2bd56b60_265, v0000024b2bd56b60_266, v0000024b2bd56b60_267, v0000024b2bd56b60_268;
v0000024b2bd56b60_269 .array/port v0000024b2bd56b60, 269;
v0000024b2bd56b60_270 .array/port v0000024b2bd56b60, 270;
v0000024b2bd56b60_271 .array/port v0000024b2bd56b60, 271;
v0000024b2bd56b60_272 .array/port v0000024b2bd56b60, 272;
E_0000024b2bcd8510/68 .event anyedge, v0000024b2bd56b60_269, v0000024b2bd56b60_270, v0000024b2bd56b60_271, v0000024b2bd56b60_272;
v0000024b2bd56b60_273 .array/port v0000024b2bd56b60, 273;
v0000024b2bd56b60_274 .array/port v0000024b2bd56b60, 274;
v0000024b2bd56b60_275 .array/port v0000024b2bd56b60, 275;
v0000024b2bd56b60_276 .array/port v0000024b2bd56b60, 276;
E_0000024b2bcd8510/69 .event anyedge, v0000024b2bd56b60_273, v0000024b2bd56b60_274, v0000024b2bd56b60_275, v0000024b2bd56b60_276;
v0000024b2bd56b60_277 .array/port v0000024b2bd56b60, 277;
v0000024b2bd56b60_278 .array/port v0000024b2bd56b60, 278;
v0000024b2bd56b60_279 .array/port v0000024b2bd56b60, 279;
v0000024b2bd56b60_280 .array/port v0000024b2bd56b60, 280;
E_0000024b2bcd8510/70 .event anyedge, v0000024b2bd56b60_277, v0000024b2bd56b60_278, v0000024b2bd56b60_279, v0000024b2bd56b60_280;
v0000024b2bd56b60_281 .array/port v0000024b2bd56b60, 281;
v0000024b2bd56b60_282 .array/port v0000024b2bd56b60, 282;
v0000024b2bd56b60_283 .array/port v0000024b2bd56b60, 283;
v0000024b2bd56b60_284 .array/port v0000024b2bd56b60, 284;
E_0000024b2bcd8510/71 .event anyedge, v0000024b2bd56b60_281, v0000024b2bd56b60_282, v0000024b2bd56b60_283, v0000024b2bd56b60_284;
v0000024b2bd56b60_285 .array/port v0000024b2bd56b60, 285;
v0000024b2bd56b60_286 .array/port v0000024b2bd56b60, 286;
v0000024b2bd56b60_287 .array/port v0000024b2bd56b60, 287;
v0000024b2bd56b60_288 .array/port v0000024b2bd56b60, 288;
E_0000024b2bcd8510/72 .event anyedge, v0000024b2bd56b60_285, v0000024b2bd56b60_286, v0000024b2bd56b60_287, v0000024b2bd56b60_288;
v0000024b2bd56b60_289 .array/port v0000024b2bd56b60, 289;
v0000024b2bd56b60_290 .array/port v0000024b2bd56b60, 290;
v0000024b2bd56b60_291 .array/port v0000024b2bd56b60, 291;
v0000024b2bd56b60_292 .array/port v0000024b2bd56b60, 292;
E_0000024b2bcd8510/73 .event anyedge, v0000024b2bd56b60_289, v0000024b2bd56b60_290, v0000024b2bd56b60_291, v0000024b2bd56b60_292;
v0000024b2bd56b60_293 .array/port v0000024b2bd56b60, 293;
v0000024b2bd56b60_294 .array/port v0000024b2bd56b60, 294;
v0000024b2bd56b60_295 .array/port v0000024b2bd56b60, 295;
v0000024b2bd56b60_296 .array/port v0000024b2bd56b60, 296;
E_0000024b2bcd8510/74 .event anyedge, v0000024b2bd56b60_293, v0000024b2bd56b60_294, v0000024b2bd56b60_295, v0000024b2bd56b60_296;
v0000024b2bd56b60_297 .array/port v0000024b2bd56b60, 297;
v0000024b2bd56b60_298 .array/port v0000024b2bd56b60, 298;
v0000024b2bd56b60_299 .array/port v0000024b2bd56b60, 299;
v0000024b2bd56b60_300 .array/port v0000024b2bd56b60, 300;
E_0000024b2bcd8510/75 .event anyedge, v0000024b2bd56b60_297, v0000024b2bd56b60_298, v0000024b2bd56b60_299, v0000024b2bd56b60_300;
v0000024b2bd56b60_301 .array/port v0000024b2bd56b60, 301;
v0000024b2bd56b60_302 .array/port v0000024b2bd56b60, 302;
v0000024b2bd56b60_303 .array/port v0000024b2bd56b60, 303;
v0000024b2bd56b60_304 .array/port v0000024b2bd56b60, 304;
E_0000024b2bcd8510/76 .event anyedge, v0000024b2bd56b60_301, v0000024b2bd56b60_302, v0000024b2bd56b60_303, v0000024b2bd56b60_304;
v0000024b2bd56b60_305 .array/port v0000024b2bd56b60, 305;
v0000024b2bd56b60_306 .array/port v0000024b2bd56b60, 306;
v0000024b2bd56b60_307 .array/port v0000024b2bd56b60, 307;
v0000024b2bd56b60_308 .array/port v0000024b2bd56b60, 308;
E_0000024b2bcd8510/77 .event anyedge, v0000024b2bd56b60_305, v0000024b2bd56b60_306, v0000024b2bd56b60_307, v0000024b2bd56b60_308;
v0000024b2bd56b60_309 .array/port v0000024b2bd56b60, 309;
v0000024b2bd56b60_310 .array/port v0000024b2bd56b60, 310;
v0000024b2bd56b60_311 .array/port v0000024b2bd56b60, 311;
v0000024b2bd56b60_312 .array/port v0000024b2bd56b60, 312;
E_0000024b2bcd8510/78 .event anyedge, v0000024b2bd56b60_309, v0000024b2bd56b60_310, v0000024b2bd56b60_311, v0000024b2bd56b60_312;
v0000024b2bd56b60_313 .array/port v0000024b2bd56b60, 313;
v0000024b2bd56b60_314 .array/port v0000024b2bd56b60, 314;
v0000024b2bd56b60_315 .array/port v0000024b2bd56b60, 315;
v0000024b2bd56b60_316 .array/port v0000024b2bd56b60, 316;
E_0000024b2bcd8510/79 .event anyedge, v0000024b2bd56b60_313, v0000024b2bd56b60_314, v0000024b2bd56b60_315, v0000024b2bd56b60_316;
v0000024b2bd56b60_317 .array/port v0000024b2bd56b60, 317;
v0000024b2bd56b60_318 .array/port v0000024b2bd56b60, 318;
v0000024b2bd56b60_319 .array/port v0000024b2bd56b60, 319;
v0000024b2bd56b60_320 .array/port v0000024b2bd56b60, 320;
E_0000024b2bcd8510/80 .event anyedge, v0000024b2bd56b60_317, v0000024b2bd56b60_318, v0000024b2bd56b60_319, v0000024b2bd56b60_320;
v0000024b2bd56b60_321 .array/port v0000024b2bd56b60, 321;
v0000024b2bd56b60_322 .array/port v0000024b2bd56b60, 322;
v0000024b2bd56b60_323 .array/port v0000024b2bd56b60, 323;
v0000024b2bd56b60_324 .array/port v0000024b2bd56b60, 324;
E_0000024b2bcd8510/81 .event anyedge, v0000024b2bd56b60_321, v0000024b2bd56b60_322, v0000024b2bd56b60_323, v0000024b2bd56b60_324;
v0000024b2bd56b60_325 .array/port v0000024b2bd56b60, 325;
v0000024b2bd56b60_326 .array/port v0000024b2bd56b60, 326;
v0000024b2bd56b60_327 .array/port v0000024b2bd56b60, 327;
v0000024b2bd56b60_328 .array/port v0000024b2bd56b60, 328;
E_0000024b2bcd8510/82 .event anyedge, v0000024b2bd56b60_325, v0000024b2bd56b60_326, v0000024b2bd56b60_327, v0000024b2bd56b60_328;
v0000024b2bd56b60_329 .array/port v0000024b2bd56b60, 329;
v0000024b2bd56b60_330 .array/port v0000024b2bd56b60, 330;
v0000024b2bd56b60_331 .array/port v0000024b2bd56b60, 331;
v0000024b2bd56b60_332 .array/port v0000024b2bd56b60, 332;
E_0000024b2bcd8510/83 .event anyedge, v0000024b2bd56b60_329, v0000024b2bd56b60_330, v0000024b2bd56b60_331, v0000024b2bd56b60_332;
v0000024b2bd56b60_333 .array/port v0000024b2bd56b60, 333;
v0000024b2bd56b60_334 .array/port v0000024b2bd56b60, 334;
v0000024b2bd56b60_335 .array/port v0000024b2bd56b60, 335;
v0000024b2bd56b60_336 .array/port v0000024b2bd56b60, 336;
E_0000024b2bcd8510/84 .event anyedge, v0000024b2bd56b60_333, v0000024b2bd56b60_334, v0000024b2bd56b60_335, v0000024b2bd56b60_336;
v0000024b2bd56b60_337 .array/port v0000024b2bd56b60, 337;
v0000024b2bd56b60_338 .array/port v0000024b2bd56b60, 338;
v0000024b2bd56b60_339 .array/port v0000024b2bd56b60, 339;
v0000024b2bd56b60_340 .array/port v0000024b2bd56b60, 340;
E_0000024b2bcd8510/85 .event anyedge, v0000024b2bd56b60_337, v0000024b2bd56b60_338, v0000024b2bd56b60_339, v0000024b2bd56b60_340;
v0000024b2bd56b60_341 .array/port v0000024b2bd56b60, 341;
v0000024b2bd56b60_342 .array/port v0000024b2bd56b60, 342;
v0000024b2bd56b60_343 .array/port v0000024b2bd56b60, 343;
v0000024b2bd56b60_344 .array/port v0000024b2bd56b60, 344;
E_0000024b2bcd8510/86 .event anyedge, v0000024b2bd56b60_341, v0000024b2bd56b60_342, v0000024b2bd56b60_343, v0000024b2bd56b60_344;
v0000024b2bd56b60_345 .array/port v0000024b2bd56b60, 345;
v0000024b2bd56b60_346 .array/port v0000024b2bd56b60, 346;
v0000024b2bd56b60_347 .array/port v0000024b2bd56b60, 347;
v0000024b2bd56b60_348 .array/port v0000024b2bd56b60, 348;
E_0000024b2bcd8510/87 .event anyedge, v0000024b2bd56b60_345, v0000024b2bd56b60_346, v0000024b2bd56b60_347, v0000024b2bd56b60_348;
v0000024b2bd56b60_349 .array/port v0000024b2bd56b60, 349;
v0000024b2bd56b60_350 .array/port v0000024b2bd56b60, 350;
v0000024b2bd56b60_351 .array/port v0000024b2bd56b60, 351;
v0000024b2bd56b60_352 .array/port v0000024b2bd56b60, 352;
E_0000024b2bcd8510/88 .event anyedge, v0000024b2bd56b60_349, v0000024b2bd56b60_350, v0000024b2bd56b60_351, v0000024b2bd56b60_352;
v0000024b2bd56b60_353 .array/port v0000024b2bd56b60, 353;
v0000024b2bd56b60_354 .array/port v0000024b2bd56b60, 354;
v0000024b2bd56b60_355 .array/port v0000024b2bd56b60, 355;
v0000024b2bd56b60_356 .array/port v0000024b2bd56b60, 356;
E_0000024b2bcd8510/89 .event anyedge, v0000024b2bd56b60_353, v0000024b2bd56b60_354, v0000024b2bd56b60_355, v0000024b2bd56b60_356;
v0000024b2bd56b60_357 .array/port v0000024b2bd56b60, 357;
v0000024b2bd56b60_358 .array/port v0000024b2bd56b60, 358;
v0000024b2bd56b60_359 .array/port v0000024b2bd56b60, 359;
v0000024b2bd56b60_360 .array/port v0000024b2bd56b60, 360;
E_0000024b2bcd8510/90 .event anyedge, v0000024b2bd56b60_357, v0000024b2bd56b60_358, v0000024b2bd56b60_359, v0000024b2bd56b60_360;
v0000024b2bd56b60_361 .array/port v0000024b2bd56b60, 361;
v0000024b2bd56b60_362 .array/port v0000024b2bd56b60, 362;
v0000024b2bd56b60_363 .array/port v0000024b2bd56b60, 363;
v0000024b2bd56b60_364 .array/port v0000024b2bd56b60, 364;
E_0000024b2bcd8510/91 .event anyedge, v0000024b2bd56b60_361, v0000024b2bd56b60_362, v0000024b2bd56b60_363, v0000024b2bd56b60_364;
v0000024b2bd56b60_365 .array/port v0000024b2bd56b60, 365;
v0000024b2bd56b60_366 .array/port v0000024b2bd56b60, 366;
v0000024b2bd56b60_367 .array/port v0000024b2bd56b60, 367;
v0000024b2bd56b60_368 .array/port v0000024b2bd56b60, 368;
E_0000024b2bcd8510/92 .event anyedge, v0000024b2bd56b60_365, v0000024b2bd56b60_366, v0000024b2bd56b60_367, v0000024b2bd56b60_368;
v0000024b2bd56b60_369 .array/port v0000024b2bd56b60, 369;
v0000024b2bd56b60_370 .array/port v0000024b2bd56b60, 370;
v0000024b2bd56b60_371 .array/port v0000024b2bd56b60, 371;
v0000024b2bd56b60_372 .array/port v0000024b2bd56b60, 372;
E_0000024b2bcd8510/93 .event anyedge, v0000024b2bd56b60_369, v0000024b2bd56b60_370, v0000024b2bd56b60_371, v0000024b2bd56b60_372;
v0000024b2bd56b60_373 .array/port v0000024b2bd56b60, 373;
v0000024b2bd56b60_374 .array/port v0000024b2bd56b60, 374;
v0000024b2bd56b60_375 .array/port v0000024b2bd56b60, 375;
v0000024b2bd56b60_376 .array/port v0000024b2bd56b60, 376;
E_0000024b2bcd8510/94 .event anyedge, v0000024b2bd56b60_373, v0000024b2bd56b60_374, v0000024b2bd56b60_375, v0000024b2bd56b60_376;
v0000024b2bd56b60_377 .array/port v0000024b2bd56b60, 377;
v0000024b2bd56b60_378 .array/port v0000024b2bd56b60, 378;
v0000024b2bd56b60_379 .array/port v0000024b2bd56b60, 379;
v0000024b2bd56b60_380 .array/port v0000024b2bd56b60, 380;
E_0000024b2bcd8510/95 .event anyedge, v0000024b2bd56b60_377, v0000024b2bd56b60_378, v0000024b2bd56b60_379, v0000024b2bd56b60_380;
v0000024b2bd56b60_381 .array/port v0000024b2bd56b60, 381;
v0000024b2bd56b60_382 .array/port v0000024b2bd56b60, 382;
v0000024b2bd56b60_383 .array/port v0000024b2bd56b60, 383;
v0000024b2bd56b60_384 .array/port v0000024b2bd56b60, 384;
E_0000024b2bcd8510/96 .event anyedge, v0000024b2bd56b60_381, v0000024b2bd56b60_382, v0000024b2bd56b60_383, v0000024b2bd56b60_384;
v0000024b2bd56b60_385 .array/port v0000024b2bd56b60, 385;
v0000024b2bd56b60_386 .array/port v0000024b2bd56b60, 386;
v0000024b2bd56b60_387 .array/port v0000024b2bd56b60, 387;
v0000024b2bd56b60_388 .array/port v0000024b2bd56b60, 388;
E_0000024b2bcd8510/97 .event anyedge, v0000024b2bd56b60_385, v0000024b2bd56b60_386, v0000024b2bd56b60_387, v0000024b2bd56b60_388;
v0000024b2bd56b60_389 .array/port v0000024b2bd56b60, 389;
v0000024b2bd56b60_390 .array/port v0000024b2bd56b60, 390;
v0000024b2bd56b60_391 .array/port v0000024b2bd56b60, 391;
v0000024b2bd56b60_392 .array/port v0000024b2bd56b60, 392;
E_0000024b2bcd8510/98 .event anyedge, v0000024b2bd56b60_389, v0000024b2bd56b60_390, v0000024b2bd56b60_391, v0000024b2bd56b60_392;
v0000024b2bd56b60_393 .array/port v0000024b2bd56b60, 393;
v0000024b2bd56b60_394 .array/port v0000024b2bd56b60, 394;
v0000024b2bd56b60_395 .array/port v0000024b2bd56b60, 395;
v0000024b2bd56b60_396 .array/port v0000024b2bd56b60, 396;
E_0000024b2bcd8510/99 .event anyedge, v0000024b2bd56b60_393, v0000024b2bd56b60_394, v0000024b2bd56b60_395, v0000024b2bd56b60_396;
v0000024b2bd56b60_397 .array/port v0000024b2bd56b60, 397;
v0000024b2bd56b60_398 .array/port v0000024b2bd56b60, 398;
v0000024b2bd56b60_399 .array/port v0000024b2bd56b60, 399;
v0000024b2bd56b60_400 .array/port v0000024b2bd56b60, 400;
E_0000024b2bcd8510/100 .event anyedge, v0000024b2bd56b60_397, v0000024b2bd56b60_398, v0000024b2bd56b60_399, v0000024b2bd56b60_400;
v0000024b2bd56b60_401 .array/port v0000024b2bd56b60, 401;
v0000024b2bd56b60_402 .array/port v0000024b2bd56b60, 402;
v0000024b2bd56b60_403 .array/port v0000024b2bd56b60, 403;
v0000024b2bd56b60_404 .array/port v0000024b2bd56b60, 404;
E_0000024b2bcd8510/101 .event anyedge, v0000024b2bd56b60_401, v0000024b2bd56b60_402, v0000024b2bd56b60_403, v0000024b2bd56b60_404;
v0000024b2bd56b60_405 .array/port v0000024b2bd56b60, 405;
v0000024b2bd56b60_406 .array/port v0000024b2bd56b60, 406;
v0000024b2bd56b60_407 .array/port v0000024b2bd56b60, 407;
v0000024b2bd56b60_408 .array/port v0000024b2bd56b60, 408;
E_0000024b2bcd8510/102 .event anyedge, v0000024b2bd56b60_405, v0000024b2bd56b60_406, v0000024b2bd56b60_407, v0000024b2bd56b60_408;
v0000024b2bd56b60_409 .array/port v0000024b2bd56b60, 409;
v0000024b2bd56b60_410 .array/port v0000024b2bd56b60, 410;
v0000024b2bd56b60_411 .array/port v0000024b2bd56b60, 411;
v0000024b2bd56b60_412 .array/port v0000024b2bd56b60, 412;
E_0000024b2bcd8510/103 .event anyedge, v0000024b2bd56b60_409, v0000024b2bd56b60_410, v0000024b2bd56b60_411, v0000024b2bd56b60_412;
v0000024b2bd56b60_413 .array/port v0000024b2bd56b60, 413;
v0000024b2bd56b60_414 .array/port v0000024b2bd56b60, 414;
v0000024b2bd56b60_415 .array/port v0000024b2bd56b60, 415;
v0000024b2bd56b60_416 .array/port v0000024b2bd56b60, 416;
E_0000024b2bcd8510/104 .event anyedge, v0000024b2bd56b60_413, v0000024b2bd56b60_414, v0000024b2bd56b60_415, v0000024b2bd56b60_416;
v0000024b2bd56b60_417 .array/port v0000024b2bd56b60, 417;
v0000024b2bd56b60_418 .array/port v0000024b2bd56b60, 418;
v0000024b2bd56b60_419 .array/port v0000024b2bd56b60, 419;
v0000024b2bd56b60_420 .array/port v0000024b2bd56b60, 420;
E_0000024b2bcd8510/105 .event anyedge, v0000024b2bd56b60_417, v0000024b2bd56b60_418, v0000024b2bd56b60_419, v0000024b2bd56b60_420;
v0000024b2bd56b60_421 .array/port v0000024b2bd56b60, 421;
v0000024b2bd56b60_422 .array/port v0000024b2bd56b60, 422;
v0000024b2bd56b60_423 .array/port v0000024b2bd56b60, 423;
v0000024b2bd56b60_424 .array/port v0000024b2bd56b60, 424;
E_0000024b2bcd8510/106 .event anyedge, v0000024b2bd56b60_421, v0000024b2bd56b60_422, v0000024b2bd56b60_423, v0000024b2bd56b60_424;
v0000024b2bd56b60_425 .array/port v0000024b2bd56b60, 425;
v0000024b2bd56b60_426 .array/port v0000024b2bd56b60, 426;
v0000024b2bd56b60_427 .array/port v0000024b2bd56b60, 427;
v0000024b2bd56b60_428 .array/port v0000024b2bd56b60, 428;
E_0000024b2bcd8510/107 .event anyedge, v0000024b2bd56b60_425, v0000024b2bd56b60_426, v0000024b2bd56b60_427, v0000024b2bd56b60_428;
v0000024b2bd56b60_429 .array/port v0000024b2bd56b60, 429;
v0000024b2bd56b60_430 .array/port v0000024b2bd56b60, 430;
v0000024b2bd56b60_431 .array/port v0000024b2bd56b60, 431;
v0000024b2bd56b60_432 .array/port v0000024b2bd56b60, 432;
E_0000024b2bcd8510/108 .event anyedge, v0000024b2bd56b60_429, v0000024b2bd56b60_430, v0000024b2bd56b60_431, v0000024b2bd56b60_432;
v0000024b2bd56b60_433 .array/port v0000024b2bd56b60, 433;
v0000024b2bd56b60_434 .array/port v0000024b2bd56b60, 434;
v0000024b2bd56b60_435 .array/port v0000024b2bd56b60, 435;
v0000024b2bd56b60_436 .array/port v0000024b2bd56b60, 436;
E_0000024b2bcd8510/109 .event anyedge, v0000024b2bd56b60_433, v0000024b2bd56b60_434, v0000024b2bd56b60_435, v0000024b2bd56b60_436;
v0000024b2bd56b60_437 .array/port v0000024b2bd56b60, 437;
v0000024b2bd56b60_438 .array/port v0000024b2bd56b60, 438;
v0000024b2bd56b60_439 .array/port v0000024b2bd56b60, 439;
v0000024b2bd56b60_440 .array/port v0000024b2bd56b60, 440;
E_0000024b2bcd8510/110 .event anyedge, v0000024b2bd56b60_437, v0000024b2bd56b60_438, v0000024b2bd56b60_439, v0000024b2bd56b60_440;
v0000024b2bd56b60_441 .array/port v0000024b2bd56b60, 441;
v0000024b2bd56b60_442 .array/port v0000024b2bd56b60, 442;
v0000024b2bd56b60_443 .array/port v0000024b2bd56b60, 443;
v0000024b2bd56b60_444 .array/port v0000024b2bd56b60, 444;
E_0000024b2bcd8510/111 .event anyedge, v0000024b2bd56b60_441, v0000024b2bd56b60_442, v0000024b2bd56b60_443, v0000024b2bd56b60_444;
v0000024b2bd56b60_445 .array/port v0000024b2bd56b60, 445;
v0000024b2bd56b60_446 .array/port v0000024b2bd56b60, 446;
v0000024b2bd56b60_447 .array/port v0000024b2bd56b60, 447;
v0000024b2bd56b60_448 .array/port v0000024b2bd56b60, 448;
E_0000024b2bcd8510/112 .event anyedge, v0000024b2bd56b60_445, v0000024b2bd56b60_446, v0000024b2bd56b60_447, v0000024b2bd56b60_448;
v0000024b2bd56b60_449 .array/port v0000024b2bd56b60, 449;
v0000024b2bd56b60_450 .array/port v0000024b2bd56b60, 450;
v0000024b2bd56b60_451 .array/port v0000024b2bd56b60, 451;
v0000024b2bd56b60_452 .array/port v0000024b2bd56b60, 452;
E_0000024b2bcd8510/113 .event anyedge, v0000024b2bd56b60_449, v0000024b2bd56b60_450, v0000024b2bd56b60_451, v0000024b2bd56b60_452;
v0000024b2bd56b60_453 .array/port v0000024b2bd56b60, 453;
v0000024b2bd56b60_454 .array/port v0000024b2bd56b60, 454;
v0000024b2bd56b60_455 .array/port v0000024b2bd56b60, 455;
v0000024b2bd56b60_456 .array/port v0000024b2bd56b60, 456;
E_0000024b2bcd8510/114 .event anyedge, v0000024b2bd56b60_453, v0000024b2bd56b60_454, v0000024b2bd56b60_455, v0000024b2bd56b60_456;
v0000024b2bd56b60_457 .array/port v0000024b2bd56b60, 457;
v0000024b2bd56b60_458 .array/port v0000024b2bd56b60, 458;
v0000024b2bd56b60_459 .array/port v0000024b2bd56b60, 459;
v0000024b2bd56b60_460 .array/port v0000024b2bd56b60, 460;
E_0000024b2bcd8510/115 .event anyedge, v0000024b2bd56b60_457, v0000024b2bd56b60_458, v0000024b2bd56b60_459, v0000024b2bd56b60_460;
v0000024b2bd56b60_461 .array/port v0000024b2bd56b60, 461;
v0000024b2bd56b60_462 .array/port v0000024b2bd56b60, 462;
v0000024b2bd56b60_463 .array/port v0000024b2bd56b60, 463;
v0000024b2bd56b60_464 .array/port v0000024b2bd56b60, 464;
E_0000024b2bcd8510/116 .event anyedge, v0000024b2bd56b60_461, v0000024b2bd56b60_462, v0000024b2bd56b60_463, v0000024b2bd56b60_464;
v0000024b2bd56b60_465 .array/port v0000024b2bd56b60, 465;
v0000024b2bd56b60_466 .array/port v0000024b2bd56b60, 466;
v0000024b2bd56b60_467 .array/port v0000024b2bd56b60, 467;
v0000024b2bd56b60_468 .array/port v0000024b2bd56b60, 468;
E_0000024b2bcd8510/117 .event anyedge, v0000024b2bd56b60_465, v0000024b2bd56b60_466, v0000024b2bd56b60_467, v0000024b2bd56b60_468;
v0000024b2bd56b60_469 .array/port v0000024b2bd56b60, 469;
v0000024b2bd56b60_470 .array/port v0000024b2bd56b60, 470;
v0000024b2bd56b60_471 .array/port v0000024b2bd56b60, 471;
v0000024b2bd56b60_472 .array/port v0000024b2bd56b60, 472;
E_0000024b2bcd8510/118 .event anyedge, v0000024b2bd56b60_469, v0000024b2bd56b60_470, v0000024b2bd56b60_471, v0000024b2bd56b60_472;
v0000024b2bd56b60_473 .array/port v0000024b2bd56b60, 473;
v0000024b2bd56b60_474 .array/port v0000024b2bd56b60, 474;
v0000024b2bd56b60_475 .array/port v0000024b2bd56b60, 475;
v0000024b2bd56b60_476 .array/port v0000024b2bd56b60, 476;
E_0000024b2bcd8510/119 .event anyedge, v0000024b2bd56b60_473, v0000024b2bd56b60_474, v0000024b2bd56b60_475, v0000024b2bd56b60_476;
v0000024b2bd56b60_477 .array/port v0000024b2bd56b60, 477;
v0000024b2bd56b60_478 .array/port v0000024b2bd56b60, 478;
v0000024b2bd56b60_479 .array/port v0000024b2bd56b60, 479;
v0000024b2bd56b60_480 .array/port v0000024b2bd56b60, 480;
E_0000024b2bcd8510/120 .event anyedge, v0000024b2bd56b60_477, v0000024b2bd56b60_478, v0000024b2bd56b60_479, v0000024b2bd56b60_480;
v0000024b2bd56b60_481 .array/port v0000024b2bd56b60, 481;
v0000024b2bd56b60_482 .array/port v0000024b2bd56b60, 482;
v0000024b2bd56b60_483 .array/port v0000024b2bd56b60, 483;
v0000024b2bd56b60_484 .array/port v0000024b2bd56b60, 484;
E_0000024b2bcd8510/121 .event anyedge, v0000024b2bd56b60_481, v0000024b2bd56b60_482, v0000024b2bd56b60_483, v0000024b2bd56b60_484;
v0000024b2bd56b60_485 .array/port v0000024b2bd56b60, 485;
v0000024b2bd56b60_486 .array/port v0000024b2bd56b60, 486;
v0000024b2bd56b60_487 .array/port v0000024b2bd56b60, 487;
v0000024b2bd56b60_488 .array/port v0000024b2bd56b60, 488;
E_0000024b2bcd8510/122 .event anyedge, v0000024b2bd56b60_485, v0000024b2bd56b60_486, v0000024b2bd56b60_487, v0000024b2bd56b60_488;
v0000024b2bd56b60_489 .array/port v0000024b2bd56b60, 489;
v0000024b2bd56b60_490 .array/port v0000024b2bd56b60, 490;
v0000024b2bd56b60_491 .array/port v0000024b2bd56b60, 491;
v0000024b2bd56b60_492 .array/port v0000024b2bd56b60, 492;
E_0000024b2bcd8510/123 .event anyedge, v0000024b2bd56b60_489, v0000024b2bd56b60_490, v0000024b2bd56b60_491, v0000024b2bd56b60_492;
v0000024b2bd56b60_493 .array/port v0000024b2bd56b60, 493;
v0000024b2bd56b60_494 .array/port v0000024b2bd56b60, 494;
v0000024b2bd56b60_495 .array/port v0000024b2bd56b60, 495;
v0000024b2bd56b60_496 .array/port v0000024b2bd56b60, 496;
E_0000024b2bcd8510/124 .event anyedge, v0000024b2bd56b60_493, v0000024b2bd56b60_494, v0000024b2bd56b60_495, v0000024b2bd56b60_496;
v0000024b2bd56b60_497 .array/port v0000024b2bd56b60, 497;
v0000024b2bd56b60_498 .array/port v0000024b2bd56b60, 498;
v0000024b2bd56b60_499 .array/port v0000024b2bd56b60, 499;
v0000024b2bd56b60_500 .array/port v0000024b2bd56b60, 500;
E_0000024b2bcd8510/125 .event anyedge, v0000024b2bd56b60_497, v0000024b2bd56b60_498, v0000024b2bd56b60_499, v0000024b2bd56b60_500;
v0000024b2bd56b60_501 .array/port v0000024b2bd56b60, 501;
v0000024b2bd56b60_502 .array/port v0000024b2bd56b60, 502;
v0000024b2bd56b60_503 .array/port v0000024b2bd56b60, 503;
v0000024b2bd56b60_504 .array/port v0000024b2bd56b60, 504;
E_0000024b2bcd8510/126 .event anyedge, v0000024b2bd56b60_501, v0000024b2bd56b60_502, v0000024b2bd56b60_503, v0000024b2bd56b60_504;
v0000024b2bd56b60_505 .array/port v0000024b2bd56b60, 505;
v0000024b2bd56b60_506 .array/port v0000024b2bd56b60, 506;
v0000024b2bd56b60_507 .array/port v0000024b2bd56b60, 507;
v0000024b2bd56b60_508 .array/port v0000024b2bd56b60, 508;
E_0000024b2bcd8510/127 .event anyedge, v0000024b2bd56b60_505, v0000024b2bd56b60_506, v0000024b2bd56b60_507, v0000024b2bd56b60_508;
v0000024b2bd56b60_509 .array/port v0000024b2bd56b60, 509;
v0000024b2bd56b60_510 .array/port v0000024b2bd56b60, 510;
v0000024b2bd56b60_511 .array/port v0000024b2bd56b60, 511;
v0000024b2bd56b60_512 .array/port v0000024b2bd56b60, 512;
E_0000024b2bcd8510/128 .event anyedge, v0000024b2bd56b60_509, v0000024b2bd56b60_510, v0000024b2bd56b60_511, v0000024b2bd56b60_512;
v0000024b2bd56b60_513 .array/port v0000024b2bd56b60, 513;
v0000024b2bd56b60_514 .array/port v0000024b2bd56b60, 514;
v0000024b2bd56b60_515 .array/port v0000024b2bd56b60, 515;
v0000024b2bd56b60_516 .array/port v0000024b2bd56b60, 516;
E_0000024b2bcd8510/129 .event anyedge, v0000024b2bd56b60_513, v0000024b2bd56b60_514, v0000024b2bd56b60_515, v0000024b2bd56b60_516;
v0000024b2bd56b60_517 .array/port v0000024b2bd56b60, 517;
v0000024b2bd56b60_518 .array/port v0000024b2bd56b60, 518;
v0000024b2bd56b60_519 .array/port v0000024b2bd56b60, 519;
v0000024b2bd56b60_520 .array/port v0000024b2bd56b60, 520;
E_0000024b2bcd8510/130 .event anyedge, v0000024b2bd56b60_517, v0000024b2bd56b60_518, v0000024b2bd56b60_519, v0000024b2bd56b60_520;
v0000024b2bd56b60_521 .array/port v0000024b2bd56b60, 521;
v0000024b2bd56b60_522 .array/port v0000024b2bd56b60, 522;
v0000024b2bd56b60_523 .array/port v0000024b2bd56b60, 523;
v0000024b2bd56b60_524 .array/port v0000024b2bd56b60, 524;
E_0000024b2bcd8510/131 .event anyedge, v0000024b2bd56b60_521, v0000024b2bd56b60_522, v0000024b2bd56b60_523, v0000024b2bd56b60_524;
v0000024b2bd56b60_525 .array/port v0000024b2bd56b60, 525;
v0000024b2bd56b60_526 .array/port v0000024b2bd56b60, 526;
v0000024b2bd56b60_527 .array/port v0000024b2bd56b60, 527;
v0000024b2bd56b60_528 .array/port v0000024b2bd56b60, 528;
E_0000024b2bcd8510/132 .event anyedge, v0000024b2bd56b60_525, v0000024b2bd56b60_526, v0000024b2bd56b60_527, v0000024b2bd56b60_528;
v0000024b2bd56b60_529 .array/port v0000024b2bd56b60, 529;
v0000024b2bd56b60_530 .array/port v0000024b2bd56b60, 530;
v0000024b2bd56b60_531 .array/port v0000024b2bd56b60, 531;
v0000024b2bd56b60_532 .array/port v0000024b2bd56b60, 532;
E_0000024b2bcd8510/133 .event anyedge, v0000024b2bd56b60_529, v0000024b2bd56b60_530, v0000024b2bd56b60_531, v0000024b2bd56b60_532;
v0000024b2bd56b60_533 .array/port v0000024b2bd56b60, 533;
v0000024b2bd56b60_534 .array/port v0000024b2bd56b60, 534;
v0000024b2bd56b60_535 .array/port v0000024b2bd56b60, 535;
v0000024b2bd56b60_536 .array/port v0000024b2bd56b60, 536;
E_0000024b2bcd8510/134 .event anyedge, v0000024b2bd56b60_533, v0000024b2bd56b60_534, v0000024b2bd56b60_535, v0000024b2bd56b60_536;
v0000024b2bd56b60_537 .array/port v0000024b2bd56b60, 537;
v0000024b2bd56b60_538 .array/port v0000024b2bd56b60, 538;
v0000024b2bd56b60_539 .array/port v0000024b2bd56b60, 539;
v0000024b2bd56b60_540 .array/port v0000024b2bd56b60, 540;
E_0000024b2bcd8510/135 .event anyedge, v0000024b2bd56b60_537, v0000024b2bd56b60_538, v0000024b2bd56b60_539, v0000024b2bd56b60_540;
v0000024b2bd56b60_541 .array/port v0000024b2bd56b60, 541;
v0000024b2bd56b60_542 .array/port v0000024b2bd56b60, 542;
v0000024b2bd56b60_543 .array/port v0000024b2bd56b60, 543;
v0000024b2bd56b60_544 .array/port v0000024b2bd56b60, 544;
E_0000024b2bcd8510/136 .event anyedge, v0000024b2bd56b60_541, v0000024b2bd56b60_542, v0000024b2bd56b60_543, v0000024b2bd56b60_544;
v0000024b2bd56b60_545 .array/port v0000024b2bd56b60, 545;
v0000024b2bd56b60_546 .array/port v0000024b2bd56b60, 546;
v0000024b2bd56b60_547 .array/port v0000024b2bd56b60, 547;
v0000024b2bd56b60_548 .array/port v0000024b2bd56b60, 548;
E_0000024b2bcd8510/137 .event anyedge, v0000024b2bd56b60_545, v0000024b2bd56b60_546, v0000024b2bd56b60_547, v0000024b2bd56b60_548;
v0000024b2bd56b60_549 .array/port v0000024b2bd56b60, 549;
v0000024b2bd56b60_550 .array/port v0000024b2bd56b60, 550;
v0000024b2bd56b60_551 .array/port v0000024b2bd56b60, 551;
v0000024b2bd56b60_552 .array/port v0000024b2bd56b60, 552;
E_0000024b2bcd8510/138 .event anyedge, v0000024b2bd56b60_549, v0000024b2bd56b60_550, v0000024b2bd56b60_551, v0000024b2bd56b60_552;
v0000024b2bd56b60_553 .array/port v0000024b2bd56b60, 553;
v0000024b2bd56b60_554 .array/port v0000024b2bd56b60, 554;
v0000024b2bd56b60_555 .array/port v0000024b2bd56b60, 555;
v0000024b2bd56b60_556 .array/port v0000024b2bd56b60, 556;
E_0000024b2bcd8510/139 .event anyedge, v0000024b2bd56b60_553, v0000024b2bd56b60_554, v0000024b2bd56b60_555, v0000024b2bd56b60_556;
v0000024b2bd56b60_557 .array/port v0000024b2bd56b60, 557;
v0000024b2bd56b60_558 .array/port v0000024b2bd56b60, 558;
v0000024b2bd56b60_559 .array/port v0000024b2bd56b60, 559;
v0000024b2bd56b60_560 .array/port v0000024b2bd56b60, 560;
E_0000024b2bcd8510/140 .event anyedge, v0000024b2bd56b60_557, v0000024b2bd56b60_558, v0000024b2bd56b60_559, v0000024b2bd56b60_560;
v0000024b2bd56b60_561 .array/port v0000024b2bd56b60, 561;
v0000024b2bd56b60_562 .array/port v0000024b2bd56b60, 562;
v0000024b2bd56b60_563 .array/port v0000024b2bd56b60, 563;
v0000024b2bd56b60_564 .array/port v0000024b2bd56b60, 564;
E_0000024b2bcd8510/141 .event anyedge, v0000024b2bd56b60_561, v0000024b2bd56b60_562, v0000024b2bd56b60_563, v0000024b2bd56b60_564;
v0000024b2bd56b60_565 .array/port v0000024b2bd56b60, 565;
v0000024b2bd56b60_566 .array/port v0000024b2bd56b60, 566;
v0000024b2bd56b60_567 .array/port v0000024b2bd56b60, 567;
v0000024b2bd56b60_568 .array/port v0000024b2bd56b60, 568;
E_0000024b2bcd8510/142 .event anyedge, v0000024b2bd56b60_565, v0000024b2bd56b60_566, v0000024b2bd56b60_567, v0000024b2bd56b60_568;
v0000024b2bd56b60_569 .array/port v0000024b2bd56b60, 569;
v0000024b2bd56b60_570 .array/port v0000024b2bd56b60, 570;
v0000024b2bd56b60_571 .array/port v0000024b2bd56b60, 571;
v0000024b2bd56b60_572 .array/port v0000024b2bd56b60, 572;
E_0000024b2bcd8510/143 .event anyedge, v0000024b2bd56b60_569, v0000024b2bd56b60_570, v0000024b2bd56b60_571, v0000024b2bd56b60_572;
v0000024b2bd56b60_573 .array/port v0000024b2bd56b60, 573;
v0000024b2bd56b60_574 .array/port v0000024b2bd56b60, 574;
v0000024b2bd56b60_575 .array/port v0000024b2bd56b60, 575;
v0000024b2bd56b60_576 .array/port v0000024b2bd56b60, 576;
E_0000024b2bcd8510/144 .event anyedge, v0000024b2bd56b60_573, v0000024b2bd56b60_574, v0000024b2bd56b60_575, v0000024b2bd56b60_576;
v0000024b2bd56b60_577 .array/port v0000024b2bd56b60, 577;
v0000024b2bd56b60_578 .array/port v0000024b2bd56b60, 578;
v0000024b2bd56b60_579 .array/port v0000024b2bd56b60, 579;
v0000024b2bd56b60_580 .array/port v0000024b2bd56b60, 580;
E_0000024b2bcd8510/145 .event anyedge, v0000024b2bd56b60_577, v0000024b2bd56b60_578, v0000024b2bd56b60_579, v0000024b2bd56b60_580;
v0000024b2bd56b60_581 .array/port v0000024b2bd56b60, 581;
v0000024b2bd56b60_582 .array/port v0000024b2bd56b60, 582;
v0000024b2bd56b60_583 .array/port v0000024b2bd56b60, 583;
v0000024b2bd56b60_584 .array/port v0000024b2bd56b60, 584;
E_0000024b2bcd8510/146 .event anyedge, v0000024b2bd56b60_581, v0000024b2bd56b60_582, v0000024b2bd56b60_583, v0000024b2bd56b60_584;
v0000024b2bd56b60_585 .array/port v0000024b2bd56b60, 585;
v0000024b2bd56b60_586 .array/port v0000024b2bd56b60, 586;
v0000024b2bd56b60_587 .array/port v0000024b2bd56b60, 587;
v0000024b2bd56b60_588 .array/port v0000024b2bd56b60, 588;
E_0000024b2bcd8510/147 .event anyedge, v0000024b2bd56b60_585, v0000024b2bd56b60_586, v0000024b2bd56b60_587, v0000024b2bd56b60_588;
v0000024b2bd56b60_589 .array/port v0000024b2bd56b60, 589;
v0000024b2bd56b60_590 .array/port v0000024b2bd56b60, 590;
v0000024b2bd56b60_591 .array/port v0000024b2bd56b60, 591;
v0000024b2bd56b60_592 .array/port v0000024b2bd56b60, 592;
E_0000024b2bcd8510/148 .event anyedge, v0000024b2bd56b60_589, v0000024b2bd56b60_590, v0000024b2bd56b60_591, v0000024b2bd56b60_592;
v0000024b2bd56b60_593 .array/port v0000024b2bd56b60, 593;
v0000024b2bd56b60_594 .array/port v0000024b2bd56b60, 594;
v0000024b2bd56b60_595 .array/port v0000024b2bd56b60, 595;
v0000024b2bd56b60_596 .array/port v0000024b2bd56b60, 596;
E_0000024b2bcd8510/149 .event anyedge, v0000024b2bd56b60_593, v0000024b2bd56b60_594, v0000024b2bd56b60_595, v0000024b2bd56b60_596;
v0000024b2bd56b60_597 .array/port v0000024b2bd56b60, 597;
v0000024b2bd56b60_598 .array/port v0000024b2bd56b60, 598;
v0000024b2bd56b60_599 .array/port v0000024b2bd56b60, 599;
v0000024b2bd56b60_600 .array/port v0000024b2bd56b60, 600;
E_0000024b2bcd8510/150 .event anyedge, v0000024b2bd56b60_597, v0000024b2bd56b60_598, v0000024b2bd56b60_599, v0000024b2bd56b60_600;
v0000024b2bd56b60_601 .array/port v0000024b2bd56b60, 601;
v0000024b2bd56b60_602 .array/port v0000024b2bd56b60, 602;
v0000024b2bd56b60_603 .array/port v0000024b2bd56b60, 603;
v0000024b2bd56b60_604 .array/port v0000024b2bd56b60, 604;
E_0000024b2bcd8510/151 .event anyedge, v0000024b2bd56b60_601, v0000024b2bd56b60_602, v0000024b2bd56b60_603, v0000024b2bd56b60_604;
v0000024b2bd56b60_605 .array/port v0000024b2bd56b60, 605;
v0000024b2bd56b60_606 .array/port v0000024b2bd56b60, 606;
v0000024b2bd56b60_607 .array/port v0000024b2bd56b60, 607;
v0000024b2bd56b60_608 .array/port v0000024b2bd56b60, 608;
E_0000024b2bcd8510/152 .event anyedge, v0000024b2bd56b60_605, v0000024b2bd56b60_606, v0000024b2bd56b60_607, v0000024b2bd56b60_608;
v0000024b2bd56b60_609 .array/port v0000024b2bd56b60, 609;
v0000024b2bd56b60_610 .array/port v0000024b2bd56b60, 610;
v0000024b2bd56b60_611 .array/port v0000024b2bd56b60, 611;
v0000024b2bd56b60_612 .array/port v0000024b2bd56b60, 612;
E_0000024b2bcd8510/153 .event anyedge, v0000024b2bd56b60_609, v0000024b2bd56b60_610, v0000024b2bd56b60_611, v0000024b2bd56b60_612;
v0000024b2bd56b60_613 .array/port v0000024b2bd56b60, 613;
v0000024b2bd56b60_614 .array/port v0000024b2bd56b60, 614;
v0000024b2bd56b60_615 .array/port v0000024b2bd56b60, 615;
v0000024b2bd56b60_616 .array/port v0000024b2bd56b60, 616;
E_0000024b2bcd8510/154 .event anyedge, v0000024b2bd56b60_613, v0000024b2bd56b60_614, v0000024b2bd56b60_615, v0000024b2bd56b60_616;
v0000024b2bd56b60_617 .array/port v0000024b2bd56b60, 617;
v0000024b2bd56b60_618 .array/port v0000024b2bd56b60, 618;
v0000024b2bd56b60_619 .array/port v0000024b2bd56b60, 619;
v0000024b2bd56b60_620 .array/port v0000024b2bd56b60, 620;
E_0000024b2bcd8510/155 .event anyedge, v0000024b2bd56b60_617, v0000024b2bd56b60_618, v0000024b2bd56b60_619, v0000024b2bd56b60_620;
v0000024b2bd56b60_621 .array/port v0000024b2bd56b60, 621;
v0000024b2bd56b60_622 .array/port v0000024b2bd56b60, 622;
v0000024b2bd56b60_623 .array/port v0000024b2bd56b60, 623;
v0000024b2bd56b60_624 .array/port v0000024b2bd56b60, 624;
E_0000024b2bcd8510/156 .event anyedge, v0000024b2bd56b60_621, v0000024b2bd56b60_622, v0000024b2bd56b60_623, v0000024b2bd56b60_624;
v0000024b2bd56b60_625 .array/port v0000024b2bd56b60, 625;
v0000024b2bd56b60_626 .array/port v0000024b2bd56b60, 626;
v0000024b2bd56b60_627 .array/port v0000024b2bd56b60, 627;
v0000024b2bd56b60_628 .array/port v0000024b2bd56b60, 628;
E_0000024b2bcd8510/157 .event anyedge, v0000024b2bd56b60_625, v0000024b2bd56b60_626, v0000024b2bd56b60_627, v0000024b2bd56b60_628;
v0000024b2bd56b60_629 .array/port v0000024b2bd56b60, 629;
v0000024b2bd56b60_630 .array/port v0000024b2bd56b60, 630;
v0000024b2bd56b60_631 .array/port v0000024b2bd56b60, 631;
v0000024b2bd56b60_632 .array/port v0000024b2bd56b60, 632;
E_0000024b2bcd8510/158 .event anyedge, v0000024b2bd56b60_629, v0000024b2bd56b60_630, v0000024b2bd56b60_631, v0000024b2bd56b60_632;
v0000024b2bd56b60_633 .array/port v0000024b2bd56b60, 633;
v0000024b2bd56b60_634 .array/port v0000024b2bd56b60, 634;
v0000024b2bd56b60_635 .array/port v0000024b2bd56b60, 635;
v0000024b2bd56b60_636 .array/port v0000024b2bd56b60, 636;
E_0000024b2bcd8510/159 .event anyedge, v0000024b2bd56b60_633, v0000024b2bd56b60_634, v0000024b2bd56b60_635, v0000024b2bd56b60_636;
v0000024b2bd56b60_637 .array/port v0000024b2bd56b60, 637;
v0000024b2bd56b60_638 .array/port v0000024b2bd56b60, 638;
v0000024b2bd56b60_639 .array/port v0000024b2bd56b60, 639;
v0000024b2bd56b60_640 .array/port v0000024b2bd56b60, 640;
E_0000024b2bcd8510/160 .event anyedge, v0000024b2bd56b60_637, v0000024b2bd56b60_638, v0000024b2bd56b60_639, v0000024b2bd56b60_640;
v0000024b2bd56b60_641 .array/port v0000024b2bd56b60, 641;
v0000024b2bd56b60_642 .array/port v0000024b2bd56b60, 642;
v0000024b2bd56b60_643 .array/port v0000024b2bd56b60, 643;
v0000024b2bd56b60_644 .array/port v0000024b2bd56b60, 644;
E_0000024b2bcd8510/161 .event anyedge, v0000024b2bd56b60_641, v0000024b2bd56b60_642, v0000024b2bd56b60_643, v0000024b2bd56b60_644;
v0000024b2bd56b60_645 .array/port v0000024b2bd56b60, 645;
v0000024b2bd56b60_646 .array/port v0000024b2bd56b60, 646;
v0000024b2bd56b60_647 .array/port v0000024b2bd56b60, 647;
v0000024b2bd56b60_648 .array/port v0000024b2bd56b60, 648;
E_0000024b2bcd8510/162 .event anyedge, v0000024b2bd56b60_645, v0000024b2bd56b60_646, v0000024b2bd56b60_647, v0000024b2bd56b60_648;
v0000024b2bd56b60_649 .array/port v0000024b2bd56b60, 649;
v0000024b2bd56b60_650 .array/port v0000024b2bd56b60, 650;
v0000024b2bd56b60_651 .array/port v0000024b2bd56b60, 651;
v0000024b2bd56b60_652 .array/port v0000024b2bd56b60, 652;
E_0000024b2bcd8510/163 .event anyedge, v0000024b2bd56b60_649, v0000024b2bd56b60_650, v0000024b2bd56b60_651, v0000024b2bd56b60_652;
v0000024b2bd56b60_653 .array/port v0000024b2bd56b60, 653;
v0000024b2bd56b60_654 .array/port v0000024b2bd56b60, 654;
v0000024b2bd56b60_655 .array/port v0000024b2bd56b60, 655;
v0000024b2bd56b60_656 .array/port v0000024b2bd56b60, 656;
E_0000024b2bcd8510/164 .event anyedge, v0000024b2bd56b60_653, v0000024b2bd56b60_654, v0000024b2bd56b60_655, v0000024b2bd56b60_656;
v0000024b2bd56b60_657 .array/port v0000024b2bd56b60, 657;
v0000024b2bd56b60_658 .array/port v0000024b2bd56b60, 658;
v0000024b2bd56b60_659 .array/port v0000024b2bd56b60, 659;
v0000024b2bd56b60_660 .array/port v0000024b2bd56b60, 660;
E_0000024b2bcd8510/165 .event anyedge, v0000024b2bd56b60_657, v0000024b2bd56b60_658, v0000024b2bd56b60_659, v0000024b2bd56b60_660;
v0000024b2bd56b60_661 .array/port v0000024b2bd56b60, 661;
v0000024b2bd56b60_662 .array/port v0000024b2bd56b60, 662;
v0000024b2bd56b60_663 .array/port v0000024b2bd56b60, 663;
v0000024b2bd56b60_664 .array/port v0000024b2bd56b60, 664;
E_0000024b2bcd8510/166 .event anyedge, v0000024b2bd56b60_661, v0000024b2bd56b60_662, v0000024b2bd56b60_663, v0000024b2bd56b60_664;
v0000024b2bd56b60_665 .array/port v0000024b2bd56b60, 665;
v0000024b2bd56b60_666 .array/port v0000024b2bd56b60, 666;
v0000024b2bd56b60_667 .array/port v0000024b2bd56b60, 667;
v0000024b2bd56b60_668 .array/port v0000024b2bd56b60, 668;
E_0000024b2bcd8510/167 .event anyedge, v0000024b2bd56b60_665, v0000024b2bd56b60_666, v0000024b2bd56b60_667, v0000024b2bd56b60_668;
v0000024b2bd56b60_669 .array/port v0000024b2bd56b60, 669;
v0000024b2bd56b60_670 .array/port v0000024b2bd56b60, 670;
v0000024b2bd56b60_671 .array/port v0000024b2bd56b60, 671;
v0000024b2bd56b60_672 .array/port v0000024b2bd56b60, 672;
E_0000024b2bcd8510/168 .event anyedge, v0000024b2bd56b60_669, v0000024b2bd56b60_670, v0000024b2bd56b60_671, v0000024b2bd56b60_672;
v0000024b2bd56b60_673 .array/port v0000024b2bd56b60, 673;
v0000024b2bd56b60_674 .array/port v0000024b2bd56b60, 674;
v0000024b2bd56b60_675 .array/port v0000024b2bd56b60, 675;
v0000024b2bd56b60_676 .array/port v0000024b2bd56b60, 676;
E_0000024b2bcd8510/169 .event anyedge, v0000024b2bd56b60_673, v0000024b2bd56b60_674, v0000024b2bd56b60_675, v0000024b2bd56b60_676;
v0000024b2bd56b60_677 .array/port v0000024b2bd56b60, 677;
v0000024b2bd56b60_678 .array/port v0000024b2bd56b60, 678;
v0000024b2bd56b60_679 .array/port v0000024b2bd56b60, 679;
v0000024b2bd56b60_680 .array/port v0000024b2bd56b60, 680;
E_0000024b2bcd8510/170 .event anyedge, v0000024b2bd56b60_677, v0000024b2bd56b60_678, v0000024b2bd56b60_679, v0000024b2bd56b60_680;
v0000024b2bd56b60_681 .array/port v0000024b2bd56b60, 681;
v0000024b2bd56b60_682 .array/port v0000024b2bd56b60, 682;
v0000024b2bd56b60_683 .array/port v0000024b2bd56b60, 683;
v0000024b2bd56b60_684 .array/port v0000024b2bd56b60, 684;
E_0000024b2bcd8510/171 .event anyedge, v0000024b2bd56b60_681, v0000024b2bd56b60_682, v0000024b2bd56b60_683, v0000024b2bd56b60_684;
v0000024b2bd56b60_685 .array/port v0000024b2bd56b60, 685;
v0000024b2bd56b60_686 .array/port v0000024b2bd56b60, 686;
v0000024b2bd56b60_687 .array/port v0000024b2bd56b60, 687;
v0000024b2bd56b60_688 .array/port v0000024b2bd56b60, 688;
E_0000024b2bcd8510/172 .event anyedge, v0000024b2bd56b60_685, v0000024b2bd56b60_686, v0000024b2bd56b60_687, v0000024b2bd56b60_688;
v0000024b2bd56b60_689 .array/port v0000024b2bd56b60, 689;
v0000024b2bd56b60_690 .array/port v0000024b2bd56b60, 690;
v0000024b2bd56b60_691 .array/port v0000024b2bd56b60, 691;
v0000024b2bd56b60_692 .array/port v0000024b2bd56b60, 692;
E_0000024b2bcd8510/173 .event anyedge, v0000024b2bd56b60_689, v0000024b2bd56b60_690, v0000024b2bd56b60_691, v0000024b2bd56b60_692;
v0000024b2bd56b60_693 .array/port v0000024b2bd56b60, 693;
v0000024b2bd56b60_694 .array/port v0000024b2bd56b60, 694;
v0000024b2bd56b60_695 .array/port v0000024b2bd56b60, 695;
v0000024b2bd56b60_696 .array/port v0000024b2bd56b60, 696;
E_0000024b2bcd8510/174 .event anyedge, v0000024b2bd56b60_693, v0000024b2bd56b60_694, v0000024b2bd56b60_695, v0000024b2bd56b60_696;
v0000024b2bd56b60_697 .array/port v0000024b2bd56b60, 697;
v0000024b2bd56b60_698 .array/port v0000024b2bd56b60, 698;
v0000024b2bd56b60_699 .array/port v0000024b2bd56b60, 699;
v0000024b2bd56b60_700 .array/port v0000024b2bd56b60, 700;
E_0000024b2bcd8510/175 .event anyedge, v0000024b2bd56b60_697, v0000024b2bd56b60_698, v0000024b2bd56b60_699, v0000024b2bd56b60_700;
v0000024b2bd56b60_701 .array/port v0000024b2bd56b60, 701;
v0000024b2bd56b60_702 .array/port v0000024b2bd56b60, 702;
v0000024b2bd56b60_703 .array/port v0000024b2bd56b60, 703;
v0000024b2bd56b60_704 .array/port v0000024b2bd56b60, 704;
E_0000024b2bcd8510/176 .event anyedge, v0000024b2bd56b60_701, v0000024b2bd56b60_702, v0000024b2bd56b60_703, v0000024b2bd56b60_704;
v0000024b2bd56b60_705 .array/port v0000024b2bd56b60, 705;
v0000024b2bd56b60_706 .array/port v0000024b2bd56b60, 706;
v0000024b2bd56b60_707 .array/port v0000024b2bd56b60, 707;
v0000024b2bd56b60_708 .array/port v0000024b2bd56b60, 708;
E_0000024b2bcd8510/177 .event anyedge, v0000024b2bd56b60_705, v0000024b2bd56b60_706, v0000024b2bd56b60_707, v0000024b2bd56b60_708;
v0000024b2bd56b60_709 .array/port v0000024b2bd56b60, 709;
v0000024b2bd56b60_710 .array/port v0000024b2bd56b60, 710;
v0000024b2bd56b60_711 .array/port v0000024b2bd56b60, 711;
v0000024b2bd56b60_712 .array/port v0000024b2bd56b60, 712;
E_0000024b2bcd8510/178 .event anyedge, v0000024b2bd56b60_709, v0000024b2bd56b60_710, v0000024b2bd56b60_711, v0000024b2bd56b60_712;
v0000024b2bd56b60_713 .array/port v0000024b2bd56b60, 713;
v0000024b2bd56b60_714 .array/port v0000024b2bd56b60, 714;
v0000024b2bd56b60_715 .array/port v0000024b2bd56b60, 715;
v0000024b2bd56b60_716 .array/port v0000024b2bd56b60, 716;
E_0000024b2bcd8510/179 .event anyedge, v0000024b2bd56b60_713, v0000024b2bd56b60_714, v0000024b2bd56b60_715, v0000024b2bd56b60_716;
v0000024b2bd56b60_717 .array/port v0000024b2bd56b60, 717;
v0000024b2bd56b60_718 .array/port v0000024b2bd56b60, 718;
v0000024b2bd56b60_719 .array/port v0000024b2bd56b60, 719;
v0000024b2bd56b60_720 .array/port v0000024b2bd56b60, 720;
E_0000024b2bcd8510/180 .event anyedge, v0000024b2bd56b60_717, v0000024b2bd56b60_718, v0000024b2bd56b60_719, v0000024b2bd56b60_720;
v0000024b2bd56b60_721 .array/port v0000024b2bd56b60, 721;
v0000024b2bd56b60_722 .array/port v0000024b2bd56b60, 722;
v0000024b2bd56b60_723 .array/port v0000024b2bd56b60, 723;
v0000024b2bd56b60_724 .array/port v0000024b2bd56b60, 724;
E_0000024b2bcd8510/181 .event anyedge, v0000024b2bd56b60_721, v0000024b2bd56b60_722, v0000024b2bd56b60_723, v0000024b2bd56b60_724;
v0000024b2bd56b60_725 .array/port v0000024b2bd56b60, 725;
v0000024b2bd56b60_726 .array/port v0000024b2bd56b60, 726;
v0000024b2bd56b60_727 .array/port v0000024b2bd56b60, 727;
v0000024b2bd56b60_728 .array/port v0000024b2bd56b60, 728;
E_0000024b2bcd8510/182 .event anyedge, v0000024b2bd56b60_725, v0000024b2bd56b60_726, v0000024b2bd56b60_727, v0000024b2bd56b60_728;
v0000024b2bd56b60_729 .array/port v0000024b2bd56b60, 729;
v0000024b2bd56b60_730 .array/port v0000024b2bd56b60, 730;
v0000024b2bd56b60_731 .array/port v0000024b2bd56b60, 731;
v0000024b2bd56b60_732 .array/port v0000024b2bd56b60, 732;
E_0000024b2bcd8510/183 .event anyedge, v0000024b2bd56b60_729, v0000024b2bd56b60_730, v0000024b2bd56b60_731, v0000024b2bd56b60_732;
v0000024b2bd56b60_733 .array/port v0000024b2bd56b60, 733;
v0000024b2bd56b60_734 .array/port v0000024b2bd56b60, 734;
v0000024b2bd56b60_735 .array/port v0000024b2bd56b60, 735;
v0000024b2bd56b60_736 .array/port v0000024b2bd56b60, 736;
E_0000024b2bcd8510/184 .event anyedge, v0000024b2bd56b60_733, v0000024b2bd56b60_734, v0000024b2bd56b60_735, v0000024b2bd56b60_736;
v0000024b2bd56b60_737 .array/port v0000024b2bd56b60, 737;
v0000024b2bd56b60_738 .array/port v0000024b2bd56b60, 738;
v0000024b2bd56b60_739 .array/port v0000024b2bd56b60, 739;
v0000024b2bd56b60_740 .array/port v0000024b2bd56b60, 740;
E_0000024b2bcd8510/185 .event anyedge, v0000024b2bd56b60_737, v0000024b2bd56b60_738, v0000024b2bd56b60_739, v0000024b2bd56b60_740;
v0000024b2bd56b60_741 .array/port v0000024b2bd56b60, 741;
v0000024b2bd56b60_742 .array/port v0000024b2bd56b60, 742;
v0000024b2bd56b60_743 .array/port v0000024b2bd56b60, 743;
v0000024b2bd56b60_744 .array/port v0000024b2bd56b60, 744;
E_0000024b2bcd8510/186 .event anyedge, v0000024b2bd56b60_741, v0000024b2bd56b60_742, v0000024b2bd56b60_743, v0000024b2bd56b60_744;
v0000024b2bd56b60_745 .array/port v0000024b2bd56b60, 745;
v0000024b2bd56b60_746 .array/port v0000024b2bd56b60, 746;
v0000024b2bd56b60_747 .array/port v0000024b2bd56b60, 747;
v0000024b2bd56b60_748 .array/port v0000024b2bd56b60, 748;
E_0000024b2bcd8510/187 .event anyedge, v0000024b2bd56b60_745, v0000024b2bd56b60_746, v0000024b2bd56b60_747, v0000024b2bd56b60_748;
v0000024b2bd56b60_749 .array/port v0000024b2bd56b60, 749;
v0000024b2bd56b60_750 .array/port v0000024b2bd56b60, 750;
v0000024b2bd56b60_751 .array/port v0000024b2bd56b60, 751;
v0000024b2bd56b60_752 .array/port v0000024b2bd56b60, 752;
E_0000024b2bcd8510/188 .event anyedge, v0000024b2bd56b60_749, v0000024b2bd56b60_750, v0000024b2bd56b60_751, v0000024b2bd56b60_752;
v0000024b2bd56b60_753 .array/port v0000024b2bd56b60, 753;
v0000024b2bd56b60_754 .array/port v0000024b2bd56b60, 754;
v0000024b2bd56b60_755 .array/port v0000024b2bd56b60, 755;
v0000024b2bd56b60_756 .array/port v0000024b2bd56b60, 756;
E_0000024b2bcd8510/189 .event anyedge, v0000024b2bd56b60_753, v0000024b2bd56b60_754, v0000024b2bd56b60_755, v0000024b2bd56b60_756;
v0000024b2bd56b60_757 .array/port v0000024b2bd56b60, 757;
v0000024b2bd56b60_758 .array/port v0000024b2bd56b60, 758;
v0000024b2bd56b60_759 .array/port v0000024b2bd56b60, 759;
v0000024b2bd56b60_760 .array/port v0000024b2bd56b60, 760;
E_0000024b2bcd8510/190 .event anyedge, v0000024b2bd56b60_757, v0000024b2bd56b60_758, v0000024b2bd56b60_759, v0000024b2bd56b60_760;
v0000024b2bd56b60_761 .array/port v0000024b2bd56b60, 761;
v0000024b2bd56b60_762 .array/port v0000024b2bd56b60, 762;
v0000024b2bd56b60_763 .array/port v0000024b2bd56b60, 763;
v0000024b2bd56b60_764 .array/port v0000024b2bd56b60, 764;
E_0000024b2bcd8510/191 .event anyedge, v0000024b2bd56b60_761, v0000024b2bd56b60_762, v0000024b2bd56b60_763, v0000024b2bd56b60_764;
v0000024b2bd56b60_765 .array/port v0000024b2bd56b60, 765;
v0000024b2bd56b60_766 .array/port v0000024b2bd56b60, 766;
v0000024b2bd56b60_767 .array/port v0000024b2bd56b60, 767;
v0000024b2bd56b60_768 .array/port v0000024b2bd56b60, 768;
E_0000024b2bcd8510/192 .event anyedge, v0000024b2bd56b60_765, v0000024b2bd56b60_766, v0000024b2bd56b60_767, v0000024b2bd56b60_768;
v0000024b2bd56b60_769 .array/port v0000024b2bd56b60, 769;
v0000024b2bd56b60_770 .array/port v0000024b2bd56b60, 770;
v0000024b2bd56b60_771 .array/port v0000024b2bd56b60, 771;
v0000024b2bd56b60_772 .array/port v0000024b2bd56b60, 772;
E_0000024b2bcd8510/193 .event anyedge, v0000024b2bd56b60_769, v0000024b2bd56b60_770, v0000024b2bd56b60_771, v0000024b2bd56b60_772;
v0000024b2bd56b60_773 .array/port v0000024b2bd56b60, 773;
v0000024b2bd56b60_774 .array/port v0000024b2bd56b60, 774;
v0000024b2bd56b60_775 .array/port v0000024b2bd56b60, 775;
v0000024b2bd56b60_776 .array/port v0000024b2bd56b60, 776;
E_0000024b2bcd8510/194 .event anyedge, v0000024b2bd56b60_773, v0000024b2bd56b60_774, v0000024b2bd56b60_775, v0000024b2bd56b60_776;
v0000024b2bd56b60_777 .array/port v0000024b2bd56b60, 777;
v0000024b2bd56b60_778 .array/port v0000024b2bd56b60, 778;
v0000024b2bd56b60_779 .array/port v0000024b2bd56b60, 779;
v0000024b2bd56b60_780 .array/port v0000024b2bd56b60, 780;
E_0000024b2bcd8510/195 .event anyedge, v0000024b2bd56b60_777, v0000024b2bd56b60_778, v0000024b2bd56b60_779, v0000024b2bd56b60_780;
v0000024b2bd56b60_781 .array/port v0000024b2bd56b60, 781;
v0000024b2bd56b60_782 .array/port v0000024b2bd56b60, 782;
v0000024b2bd56b60_783 .array/port v0000024b2bd56b60, 783;
v0000024b2bd56b60_784 .array/port v0000024b2bd56b60, 784;
E_0000024b2bcd8510/196 .event anyedge, v0000024b2bd56b60_781, v0000024b2bd56b60_782, v0000024b2bd56b60_783, v0000024b2bd56b60_784;
v0000024b2bd56b60_785 .array/port v0000024b2bd56b60, 785;
v0000024b2bd56b60_786 .array/port v0000024b2bd56b60, 786;
v0000024b2bd56b60_787 .array/port v0000024b2bd56b60, 787;
v0000024b2bd56b60_788 .array/port v0000024b2bd56b60, 788;
E_0000024b2bcd8510/197 .event anyedge, v0000024b2bd56b60_785, v0000024b2bd56b60_786, v0000024b2bd56b60_787, v0000024b2bd56b60_788;
v0000024b2bd56b60_789 .array/port v0000024b2bd56b60, 789;
v0000024b2bd56b60_790 .array/port v0000024b2bd56b60, 790;
v0000024b2bd56b60_791 .array/port v0000024b2bd56b60, 791;
v0000024b2bd56b60_792 .array/port v0000024b2bd56b60, 792;
E_0000024b2bcd8510/198 .event anyedge, v0000024b2bd56b60_789, v0000024b2bd56b60_790, v0000024b2bd56b60_791, v0000024b2bd56b60_792;
v0000024b2bd56b60_793 .array/port v0000024b2bd56b60, 793;
v0000024b2bd56b60_794 .array/port v0000024b2bd56b60, 794;
v0000024b2bd56b60_795 .array/port v0000024b2bd56b60, 795;
v0000024b2bd56b60_796 .array/port v0000024b2bd56b60, 796;
E_0000024b2bcd8510/199 .event anyedge, v0000024b2bd56b60_793, v0000024b2bd56b60_794, v0000024b2bd56b60_795, v0000024b2bd56b60_796;
v0000024b2bd56b60_797 .array/port v0000024b2bd56b60, 797;
v0000024b2bd56b60_798 .array/port v0000024b2bd56b60, 798;
v0000024b2bd56b60_799 .array/port v0000024b2bd56b60, 799;
v0000024b2bd56b60_800 .array/port v0000024b2bd56b60, 800;
E_0000024b2bcd8510/200 .event anyedge, v0000024b2bd56b60_797, v0000024b2bd56b60_798, v0000024b2bd56b60_799, v0000024b2bd56b60_800;
v0000024b2bd56b60_801 .array/port v0000024b2bd56b60, 801;
v0000024b2bd56b60_802 .array/port v0000024b2bd56b60, 802;
v0000024b2bd56b60_803 .array/port v0000024b2bd56b60, 803;
v0000024b2bd56b60_804 .array/port v0000024b2bd56b60, 804;
E_0000024b2bcd8510/201 .event anyedge, v0000024b2bd56b60_801, v0000024b2bd56b60_802, v0000024b2bd56b60_803, v0000024b2bd56b60_804;
v0000024b2bd56b60_805 .array/port v0000024b2bd56b60, 805;
v0000024b2bd56b60_806 .array/port v0000024b2bd56b60, 806;
v0000024b2bd56b60_807 .array/port v0000024b2bd56b60, 807;
v0000024b2bd56b60_808 .array/port v0000024b2bd56b60, 808;
E_0000024b2bcd8510/202 .event anyedge, v0000024b2bd56b60_805, v0000024b2bd56b60_806, v0000024b2bd56b60_807, v0000024b2bd56b60_808;
v0000024b2bd56b60_809 .array/port v0000024b2bd56b60, 809;
v0000024b2bd56b60_810 .array/port v0000024b2bd56b60, 810;
v0000024b2bd56b60_811 .array/port v0000024b2bd56b60, 811;
v0000024b2bd56b60_812 .array/port v0000024b2bd56b60, 812;
E_0000024b2bcd8510/203 .event anyedge, v0000024b2bd56b60_809, v0000024b2bd56b60_810, v0000024b2bd56b60_811, v0000024b2bd56b60_812;
v0000024b2bd56b60_813 .array/port v0000024b2bd56b60, 813;
v0000024b2bd56b60_814 .array/port v0000024b2bd56b60, 814;
v0000024b2bd56b60_815 .array/port v0000024b2bd56b60, 815;
v0000024b2bd56b60_816 .array/port v0000024b2bd56b60, 816;
E_0000024b2bcd8510/204 .event anyedge, v0000024b2bd56b60_813, v0000024b2bd56b60_814, v0000024b2bd56b60_815, v0000024b2bd56b60_816;
v0000024b2bd56b60_817 .array/port v0000024b2bd56b60, 817;
v0000024b2bd56b60_818 .array/port v0000024b2bd56b60, 818;
v0000024b2bd56b60_819 .array/port v0000024b2bd56b60, 819;
v0000024b2bd56b60_820 .array/port v0000024b2bd56b60, 820;
E_0000024b2bcd8510/205 .event anyedge, v0000024b2bd56b60_817, v0000024b2bd56b60_818, v0000024b2bd56b60_819, v0000024b2bd56b60_820;
v0000024b2bd56b60_821 .array/port v0000024b2bd56b60, 821;
v0000024b2bd56b60_822 .array/port v0000024b2bd56b60, 822;
v0000024b2bd56b60_823 .array/port v0000024b2bd56b60, 823;
v0000024b2bd56b60_824 .array/port v0000024b2bd56b60, 824;
E_0000024b2bcd8510/206 .event anyedge, v0000024b2bd56b60_821, v0000024b2bd56b60_822, v0000024b2bd56b60_823, v0000024b2bd56b60_824;
v0000024b2bd56b60_825 .array/port v0000024b2bd56b60, 825;
v0000024b2bd56b60_826 .array/port v0000024b2bd56b60, 826;
v0000024b2bd56b60_827 .array/port v0000024b2bd56b60, 827;
v0000024b2bd56b60_828 .array/port v0000024b2bd56b60, 828;
E_0000024b2bcd8510/207 .event anyedge, v0000024b2bd56b60_825, v0000024b2bd56b60_826, v0000024b2bd56b60_827, v0000024b2bd56b60_828;
v0000024b2bd56b60_829 .array/port v0000024b2bd56b60, 829;
v0000024b2bd56b60_830 .array/port v0000024b2bd56b60, 830;
v0000024b2bd56b60_831 .array/port v0000024b2bd56b60, 831;
v0000024b2bd56b60_832 .array/port v0000024b2bd56b60, 832;
E_0000024b2bcd8510/208 .event anyedge, v0000024b2bd56b60_829, v0000024b2bd56b60_830, v0000024b2bd56b60_831, v0000024b2bd56b60_832;
v0000024b2bd56b60_833 .array/port v0000024b2bd56b60, 833;
v0000024b2bd56b60_834 .array/port v0000024b2bd56b60, 834;
v0000024b2bd56b60_835 .array/port v0000024b2bd56b60, 835;
v0000024b2bd56b60_836 .array/port v0000024b2bd56b60, 836;
E_0000024b2bcd8510/209 .event anyedge, v0000024b2bd56b60_833, v0000024b2bd56b60_834, v0000024b2bd56b60_835, v0000024b2bd56b60_836;
v0000024b2bd56b60_837 .array/port v0000024b2bd56b60, 837;
v0000024b2bd56b60_838 .array/port v0000024b2bd56b60, 838;
v0000024b2bd56b60_839 .array/port v0000024b2bd56b60, 839;
v0000024b2bd56b60_840 .array/port v0000024b2bd56b60, 840;
E_0000024b2bcd8510/210 .event anyedge, v0000024b2bd56b60_837, v0000024b2bd56b60_838, v0000024b2bd56b60_839, v0000024b2bd56b60_840;
v0000024b2bd56b60_841 .array/port v0000024b2bd56b60, 841;
v0000024b2bd56b60_842 .array/port v0000024b2bd56b60, 842;
v0000024b2bd56b60_843 .array/port v0000024b2bd56b60, 843;
v0000024b2bd56b60_844 .array/port v0000024b2bd56b60, 844;
E_0000024b2bcd8510/211 .event anyedge, v0000024b2bd56b60_841, v0000024b2bd56b60_842, v0000024b2bd56b60_843, v0000024b2bd56b60_844;
v0000024b2bd56b60_845 .array/port v0000024b2bd56b60, 845;
v0000024b2bd56b60_846 .array/port v0000024b2bd56b60, 846;
v0000024b2bd56b60_847 .array/port v0000024b2bd56b60, 847;
v0000024b2bd56b60_848 .array/port v0000024b2bd56b60, 848;
E_0000024b2bcd8510/212 .event anyedge, v0000024b2bd56b60_845, v0000024b2bd56b60_846, v0000024b2bd56b60_847, v0000024b2bd56b60_848;
v0000024b2bd56b60_849 .array/port v0000024b2bd56b60, 849;
v0000024b2bd56b60_850 .array/port v0000024b2bd56b60, 850;
v0000024b2bd56b60_851 .array/port v0000024b2bd56b60, 851;
v0000024b2bd56b60_852 .array/port v0000024b2bd56b60, 852;
E_0000024b2bcd8510/213 .event anyedge, v0000024b2bd56b60_849, v0000024b2bd56b60_850, v0000024b2bd56b60_851, v0000024b2bd56b60_852;
v0000024b2bd56b60_853 .array/port v0000024b2bd56b60, 853;
v0000024b2bd56b60_854 .array/port v0000024b2bd56b60, 854;
v0000024b2bd56b60_855 .array/port v0000024b2bd56b60, 855;
v0000024b2bd56b60_856 .array/port v0000024b2bd56b60, 856;
E_0000024b2bcd8510/214 .event anyedge, v0000024b2bd56b60_853, v0000024b2bd56b60_854, v0000024b2bd56b60_855, v0000024b2bd56b60_856;
v0000024b2bd56b60_857 .array/port v0000024b2bd56b60, 857;
v0000024b2bd56b60_858 .array/port v0000024b2bd56b60, 858;
v0000024b2bd56b60_859 .array/port v0000024b2bd56b60, 859;
v0000024b2bd56b60_860 .array/port v0000024b2bd56b60, 860;
E_0000024b2bcd8510/215 .event anyedge, v0000024b2bd56b60_857, v0000024b2bd56b60_858, v0000024b2bd56b60_859, v0000024b2bd56b60_860;
v0000024b2bd56b60_861 .array/port v0000024b2bd56b60, 861;
v0000024b2bd56b60_862 .array/port v0000024b2bd56b60, 862;
v0000024b2bd56b60_863 .array/port v0000024b2bd56b60, 863;
v0000024b2bd56b60_864 .array/port v0000024b2bd56b60, 864;
E_0000024b2bcd8510/216 .event anyedge, v0000024b2bd56b60_861, v0000024b2bd56b60_862, v0000024b2bd56b60_863, v0000024b2bd56b60_864;
v0000024b2bd56b60_865 .array/port v0000024b2bd56b60, 865;
v0000024b2bd56b60_866 .array/port v0000024b2bd56b60, 866;
v0000024b2bd56b60_867 .array/port v0000024b2bd56b60, 867;
v0000024b2bd56b60_868 .array/port v0000024b2bd56b60, 868;
E_0000024b2bcd8510/217 .event anyedge, v0000024b2bd56b60_865, v0000024b2bd56b60_866, v0000024b2bd56b60_867, v0000024b2bd56b60_868;
v0000024b2bd56b60_869 .array/port v0000024b2bd56b60, 869;
v0000024b2bd56b60_870 .array/port v0000024b2bd56b60, 870;
v0000024b2bd56b60_871 .array/port v0000024b2bd56b60, 871;
v0000024b2bd56b60_872 .array/port v0000024b2bd56b60, 872;
E_0000024b2bcd8510/218 .event anyedge, v0000024b2bd56b60_869, v0000024b2bd56b60_870, v0000024b2bd56b60_871, v0000024b2bd56b60_872;
v0000024b2bd56b60_873 .array/port v0000024b2bd56b60, 873;
v0000024b2bd56b60_874 .array/port v0000024b2bd56b60, 874;
v0000024b2bd56b60_875 .array/port v0000024b2bd56b60, 875;
v0000024b2bd56b60_876 .array/port v0000024b2bd56b60, 876;
E_0000024b2bcd8510/219 .event anyedge, v0000024b2bd56b60_873, v0000024b2bd56b60_874, v0000024b2bd56b60_875, v0000024b2bd56b60_876;
v0000024b2bd56b60_877 .array/port v0000024b2bd56b60, 877;
v0000024b2bd56b60_878 .array/port v0000024b2bd56b60, 878;
v0000024b2bd56b60_879 .array/port v0000024b2bd56b60, 879;
v0000024b2bd56b60_880 .array/port v0000024b2bd56b60, 880;
E_0000024b2bcd8510/220 .event anyedge, v0000024b2bd56b60_877, v0000024b2bd56b60_878, v0000024b2bd56b60_879, v0000024b2bd56b60_880;
v0000024b2bd56b60_881 .array/port v0000024b2bd56b60, 881;
v0000024b2bd56b60_882 .array/port v0000024b2bd56b60, 882;
v0000024b2bd56b60_883 .array/port v0000024b2bd56b60, 883;
v0000024b2bd56b60_884 .array/port v0000024b2bd56b60, 884;
E_0000024b2bcd8510/221 .event anyedge, v0000024b2bd56b60_881, v0000024b2bd56b60_882, v0000024b2bd56b60_883, v0000024b2bd56b60_884;
v0000024b2bd56b60_885 .array/port v0000024b2bd56b60, 885;
v0000024b2bd56b60_886 .array/port v0000024b2bd56b60, 886;
v0000024b2bd56b60_887 .array/port v0000024b2bd56b60, 887;
v0000024b2bd56b60_888 .array/port v0000024b2bd56b60, 888;
E_0000024b2bcd8510/222 .event anyedge, v0000024b2bd56b60_885, v0000024b2bd56b60_886, v0000024b2bd56b60_887, v0000024b2bd56b60_888;
v0000024b2bd56b60_889 .array/port v0000024b2bd56b60, 889;
v0000024b2bd56b60_890 .array/port v0000024b2bd56b60, 890;
v0000024b2bd56b60_891 .array/port v0000024b2bd56b60, 891;
v0000024b2bd56b60_892 .array/port v0000024b2bd56b60, 892;
E_0000024b2bcd8510/223 .event anyedge, v0000024b2bd56b60_889, v0000024b2bd56b60_890, v0000024b2bd56b60_891, v0000024b2bd56b60_892;
v0000024b2bd56b60_893 .array/port v0000024b2bd56b60, 893;
v0000024b2bd56b60_894 .array/port v0000024b2bd56b60, 894;
v0000024b2bd56b60_895 .array/port v0000024b2bd56b60, 895;
v0000024b2bd56b60_896 .array/port v0000024b2bd56b60, 896;
E_0000024b2bcd8510/224 .event anyedge, v0000024b2bd56b60_893, v0000024b2bd56b60_894, v0000024b2bd56b60_895, v0000024b2bd56b60_896;
v0000024b2bd56b60_897 .array/port v0000024b2bd56b60, 897;
v0000024b2bd56b60_898 .array/port v0000024b2bd56b60, 898;
v0000024b2bd56b60_899 .array/port v0000024b2bd56b60, 899;
v0000024b2bd56b60_900 .array/port v0000024b2bd56b60, 900;
E_0000024b2bcd8510/225 .event anyedge, v0000024b2bd56b60_897, v0000024b2bd56b60_898, v0000024b2bd56b60_899, v0000024b2bd56b60_900;
v0000024b2bd56b60_901 .array/port v0000024b2bd56b60, 901;
v0000024b2bd56b60_902 .array/port v0000024b2bd56b60, 902;
v0000024b2bd56b60_903 .array/port v0000024b2bd56b60, 903;
v0000024b2bd56b60_904 .array/port v0000024b2bd56b60, 904;
E_0000024b2bcd8510/226 .event anyedge, v0000024b2bd56b60_901, v0000024b2bd56b60_902, v0000024b2bd56b60_903, v0000024b2bd56b60_904;
v0000024b2bd56b60_905 .array/port v0000024b2bd56b60, 905;
v0000024b2bd56b60_906 .array/port v0000024b2bd56b60, 906;
v0000024b2bd56b60_907 .array/port v0000024b2bd56b60, 907;
v0000024b2bd56b60_908 .array/port v0000024b2bd56b60, 908;
E_0000024b2bcd8510/227 .event anyedge, v0000024b2bd56b60_905, v0000024b2bd56b60_906, v0000024b2bd56b60_907, v0000024b2bd56b60_908;
v0000024b2bd56b60_909 .array/port v0000024b2bd56b60, 909;
v0000024b2bd56b60_910 .array/port v0000024b2bd56b60, 910;
v0000024b2bd56b60_911 .array/port v0000024b2bd56b60, 911;
v0000024b2bd56b60_912 .array/port v0000024b2bd56b60, 912;
E_0000024b2bcd8510/228 .event anyedge, v0000024b2bd56b60_909, v0000024b2bd56b60_910, v0000024b2bd56b60_911, v0000024b2bd56b60_912;
v0000024b2bd56b60_913 .array/port v0000024b2bd56b60, 913;
v0000024b2bd56b60_914 .array/port v0000024b2bd56b60, 914;
v0000024b2bd56b60_915 .array/port v0000024b2bd56b60, 915;
v0000024b2bd56b60_916 .array/port v0000024b2bd56b60, 916;
E_0000024b2bcd8510/229 .event anyedge, v0000024b2bd56b60_913, v0000024b2bd56b60_914, v0000024b2bd56b60_915, v0000024b2bd56b60_916;
v0000024b2bd56b60_917 .array/port v0000024b2bd56b60, 917;
v0000024b2bd56b60_918 .array/port v0000024b2bd56b60, 918;
v0000024b2bd56b60_919 .array/port v0000024b2bd56b60, 919;
v0000024b2bd56b60_920 .array/port v0000024b2bd56b60, 920;
E_0000024b2bcd8510/230 .event anyedge, v0000024b2bd56b60_917, v0000024b2bd56b60_918, v0000024b2bd56b60_919, v0000024b2bd56b60_920;
v0000024b2bd56b60_921 .array/port v0000024b2bd56b60, 921;
v0000024b2bd56b60_922 .array/port v0000024b2bd56b60, 922;
v0000024b2bd56b60_923 .array/port v0000024b2bd56b60, 923;
v0000024b2bd56b60_924 .array/port v0000024b2bd56b60, 924;
E_0000024b2bcd8510/231 .event anyedge, v0000024b2bd56b60_921, v0000024b2bd56b60_922, v0000024b2bd56b60_923, v0000024b2bd56b60_924;
v0000024b2bd56b60_925 .array/port v0000024b2bd56b60, 925;
v0000024b2bd56b60_926 .array/port v0000024b2bd56b60, 926;
v0000024b2bd56b60_927 .array/port v0000024b2bd56b60, 927;
v0000024b2bd56b60_928 .array/port v0000024b2bd56b60, 928;
E_0000024b2bcd8510/232 .event anyedge, v0000024b2bd56b60_925, v0000024b2bd56b60_926, v0000024b2bd56b60_927, v0000024b2bd56b60_928;
v0000024b2bd56b60_929 .array/port v0000024b2bd56b60, 929;
v0000024b2bd56b60_930 .array/port v0000024b2bd56b60, 930;
v0000024b2bd56b60_931 .array/port v0000024b2bd56b60, 931;
v0000024b2bd56b60_932 .array/port v0000024b2bd56b60, 932;
E_0000024b2bcd8510/233 .event anyedge, v0000024b2bd56b60_929, v0000024b2bd56b60_930, v0000024b2bd56b60_931, v0000024b2bd56b60_932;
v0000024b2bd56b60_933 .array/port v0000024b2bd56b60, 933;
v0000024b2bd56b60_934 .array/port v0000024b2bd56b60, 934;
v0000024b2bd56b60_935 .array/port v0000024b2bd56b60, 935;
v0000024b2bd56b60_936 .array/port v0000024b2bd56b60, 936;
E_0000024b2bcd8510/234 .event anyedge, v0000024b2bd56b60_933, v0000024b2bd56b60_934, v0000024b2bd56b60_935, v0000024b2bd56b60_936;
v0000024b2bd56b60_937 .array/port v0000024b2bd56b60, 937;
v0000024b2bd56b60_938 .array/port v0000024b2bd56b60, 938;
v0000024b2bd56b60_939 .array/port v0000024b2bd56b60, 939;
v0000024b2bd56b60_940 .array/port v0000024b2bd56b60, 940;
E_0000024b2bcd8510/235 .event anyedge, v0000024b2bd56b60_937, v0000024b2bd56b60_938, v0000024b2bd56b60_939, v0000024b2bd56b60_940;
v0000024b2bd56b60_941 .array/port v0000024b2bd56b60, 941;
v0000024b2bd56b60_942 .array/port v0000024b2bd56b60, 942;
v0000024b2bd56b60_943 .array/port v0000024b2bd56b60, 943;
v0000024b2bd56b60_944 .array/port v0000024b2bd56b60, 944;
E_0000024b2bcd8510/236 .event anyedge, v0000024b2bd56b60_941, v0000024b2bd56b60_942, v0000024b2bd56b60_943, v0000024b2bd56b60_944;
v0000024b2bd56b60_945 .array/port v0000024b2bd56b60, 945;
v0000024b2bd56b60_946 .array/port v0000024b2bd56b60, 946;
v0000024b2bd56b60_947 .array/port v0000024b2bd56b60, 947;
v0000024b2bd56b60_948 .array/port v0000024b2bd56b60, 948;
E_0000024b2bcd8510/237 .event anyedge, v0000024b2bd56b60_945, v0000024b2bd56b60_946, v0000024b2bd56b60_947, v0000024b2bd56b60_948;
v0000024b2bd56b60_949 .array/port v0000024b2bd56b60, 949;
v0000024b2bd56b60_950 .array/port v0000024b2bd56b60, 950;
v0000024b2bd56b60_951 .array/port v0000024b2bd56b60, 951;
v0000024b2bd56b60_952 .array/port v0000024b2bd56b60, 952;
E_0000024b2bcd8510/238 .event anyedge, v0000024b2bd56b60_949, v0000024b2bd56b60_950, v0000024b2bd56b60_951, v0000024b2bd56b60_952;
v0000024b2bd56b60_953 .array/port v0000024b2bd56b60, 953;
v0000024b2bd56b60_954 .array/port v0000024b2bd56b60, 954;
v0000024b2bd56b60_955 .array/port v0000024b2bd56b60, 955;
v0000024b2bd56b60_956 .array/port v0000024b2bd56b60, 956;
E_0000024b2bcd8510/239 .event anyedge, v0000024b2bd56b60_953, v0000024b2bd56b60_954, v0000024b2bd56b60_955, v0000024b2bd56b60_956;
v0000024b2bd56b60_957 .array/port v0000024b2bd56b60, 957;
v0000024b2bd56b60_958 .array/port v0000024b2bd56b60, 958;
v0000024b2bd56b60_959 .array/port v0000024b2bd56b60, 959;
v0000024b2bd56b60_960 .array/port v0000024b2bd56b60, 960;
E_0000024b2bcd8510/240 .event anyedge, v0000024b2bd56b60_957, v0000024b2bd56b60_958, v0000024b2bd56b60_959, v0000024b2bd56b60_960;
v0000024b2bd56b60_961 .array/port v0000024b2bd56b60, 961;
v0000024b2bd56b60_962 .array/port v0000024b2bd56b60, 962;
v0000024b2bd56b60_963 .array/port v0000024b2bd56b60, 963;
v0000024b2bd56b60_964 .array/port v0000024b2bd56b60, 964;
E_0000024b2bcd8510/241 .event anyedge, v0000024b2bd56b60_961, v0000024b2bd56b60_962, v0000024b2bd56b60_963, v0000024b2bd56b60_964;
v0000024b2bd56b60_965 .array/port v0000024b2bd56b60, 965;
v0000024b2bd56b60_966 .array/port v0000024b2bd56b60, 966;
v0000024b2bd56b60_967 .array/port v0000024b2bd56b60, 967;
v0000024b2bd56b60_968 .array/port v0000024b2bd56b60, 968;
E_0000024b2bcd8510/242 .event anyedge, v0000024b2bd56b60_965, v0000024b2bd56b60_966, v0000024b2bd56b60_967, v0000024b2bd56b60_968;
v0000024b2bd56b60_969 .array/port v0000024b2bd56b60, 969;
v0000024b2bd56b60_970 .array/port v0000024b2bd56b60, 970;
v0000024b2bd56b60_971 .array/port v0000024b2bd56b60, 971;
v0000024b2bd56b60_972 .array/port v0000024b2bd56b60, 972;
E_0000024b2bcd8510/243 .event anyedge, v0000024b2bd56b60_969, v0000024b2bd56b60_970, v0000024b2bd56b60_971, v0000024b2bd56b60_972;
v0000024b2bd56b60_973 .array/port v0000024b2bd56b60, 973;
v0000024b2bd56b60_974 .array/port v0000024b2bd56b60, 974;
v0000024b2bd56b60_975 .array/port v0000024b2bd56b60, 975;
v0000024b2bd56b60_976 .array/port v0000024b2bd56b60, 976;
E_0000024b2bcd8510/244 .event anyedge, v0000024b2bd56b60_973, v0000024b2bd56b60_974, v0000024b2bd56b60_975, v0000024b2bd56b60_976;
v0000024b2bd56b60_977 .array/port v0000024b2bd56b60, 977;
v0000024b2bd56b60_978 .array/port v0000024b2bd56b60, 978;
v0000024b2bd56b60_979 .array/port v0000024b2bd56b60, 979;
v0000024b2bd56b60_980 .array/port v0000024b2bd56b60, 980;
E_0000024b2bcd8510/245 .event anyedge, v0000024b2bd56b60_977, v0000024b2bd56b60_978, v0000024b2bd56b60_979, v0000024b2bd56b60_980;
v0000024b2bd56b60_981 .array/port v0000024b2bd56b60, 981;
v0000024b2bd56b60_982 .array/port v0000024b2bd56b60, 982;
v0000024b2bd56b60_983 .array/port v0000024b2bd56b60, 983;
v0000024b2bd56b60_984 .array/port v0000024b2bd56b60, 984;
E_0000024b2bcd8510/246 .event anyedge, v0000024b2bd56b60_981, v0000024b2bd56b60_982, v0000024b2bd56b60_983, v0000024b2bd56b60_984;
v0000024b2bd56b60_985 .array/port v0000024b2bd56b60, 985;
v0000024b2bd56b60_986 .array/port v0000024b2bd56b60, 986;
v0000024b2bd56b60_987 .array/port v0000024b2bd56b60, 987;
v0000024b2bd56b60_988 .array/port v0000024b2bd56b60, 988;
E_0000024b2bcd8510/247 .event anyedge, v0000024b2bd56b60_985, v0000024b2bd56b60_986, v0000024b2bd56b60_987, v0000024b2bd56b60_988;
v0000024b2bd56b60_989 .array/port v0000024b2bd56b60, 989;
v0000024b2bd56b60_990 .array/port v0000024b2bd56b60, 990;
v0000024b2bd56b60_991 .array/port v0000024b2bd56b60, 991;
v0000024b2bd56b60_992 .array/port v0000024b2bd56b60, 992;
E_0000024b2bcd8510/248 .event anyedge, v0000024b2bd56b60_989, v0000024b2bd56b60_990, v0000024b2bd56b60_991, v0000024b2bd56b60_992;
v0000024b2bd56b60_993 .array/port v0000024b2bd56b60, 993;
v0000024b2bd56b60_994 .array/port v0000024b2bd56b60, 994;
v0000024b2bd56b60_995 .array/port v0000024b2bd56b60, 995;
v0000024b2bd56b60_996 .array/port v0000024b2bd56b60, 996;
E_0000024b2bcd8510/249 .event anyedge, v0000024b2bd56b60_993, v0000024b2bd56b60_994, v0000024b2bd56b60_995, v0000024b2bd56b60_996;
v0000024b2bd56b60_997 .array/port v0000024b2bd56b60, 997;
v0000024b2bd56b60_998 .array/port v0000024b2bd56b60, 998;
v0000024b2bd56b60_999 .array/port v0000024b2bd56b60, 999;
v0000024b2bd56b60_1000 .array/port v0000024b2bd56b60, 1000;
E_0000024b2bcd8510/250 .event anyedge, v0000024b2bd56b60_997, v0000024b2bd56b60_998, v0000024b2bd56b60_999, v0000024b2bd56b60_1000;
v0000024b2bd56b60_1001 .array/port v0000024b2bd56b60, 1001;
v0000024b2bd56b60_1002 .array/port v0000024b2bd56b60, 1002;
v0000024b2bd56b60_1003 .array/port v0000024b2bd56b60, 1003;
v0000024b2bd56b60_1004 .array/port v0000024b2bd56b60, 1004;
E_0000024b2bcd8510/251 .event anyedge, v0000024b2bd56b60_1001, v0000024b2bd56b60_1002, v0000024b2bd56b60_1003, v0000024b2bd56b60_1004;
v0000024b2bd56b60_1005 .array/port v0000024b2bd56b60, 1005;
v0000024b2bd56b60_1006 .array/port v0000024b2bd56b60, 1006;
v0000024b2bd56b60_1007 .array/port v0000024b2bd56b60, 1007;
v0000024b2bd56b60_1008 .array/port v0000024b2bd56b60, 1008;
E_0000024b2bcd8510/252 .event anyedge, v0000024b2bd56b60_1005, v0000024b2bd56b60_1006, v0000024b2bd56b60_1007, v0000024b2bd56b60_1008;
v0000024b2bd56b60_1009 .array/port v0000024b2bd56b60, 1009;
v0000024b2bd56b60_1010 .array/port v0000024b2bd56b60, 1010;
v0000024b2bd56b60_1011 .array/port v0000024b2bd56b60, 1011;
v0000024b2bd56b60_1012 .array/port v0000024b2bd56b60, 1012;
E_0000024b2bcd8510/253 .event anyedge, v0000024b2bd56b60_1009, v0000024b2bd56b60_1010, v0000024b2bd56b60_1011, v0000024b2bd56b60_1012;
v0000024b2bd56b60_1013 .array/port v0000024b2bd56b60, 1013;
v0000024b2bd56b60_1014 .array/port v0000024b2bd56b60, 1014;
v0000024b2bd56b60_1015 .array/port v0000024b2bd56b60, 1015;
v0000024b2bd56b60_1016 .array/port v0000024b2bd56b60, 1016;
E_0000024b2bcd8510/254 .event anyedge, v0000024b2bd56b60_1013, v0000024b2bd56b60_1014, v0000024b2bd56b60_1015, v0000024b2bd56b60_1016;
v0000024b2bd56b60_1017 .array/port v0000024b2bd56b60, 1017;
v0000024b2bd56b60_1018 .array/port v0000024b2bd56b60, 1018;
v0000024b2bd56b60_1019 .array/port v0000024b2bd56b60, 1019;
v0000024b2bd56b60_1020 .array/port v0000024b2bd56b60, 1020;
E_0000024b2bcd8510/255 .event anyedge, v0000024b2bd56b60_1017, v0000024b2bd56b60_1018, v0000024b2bd56b60_1019, v0000024b2bd56b60_1020;
v0000024b2bd56b60_1021 .array/port v0000024b2bd56b60, 1021;
v0000024b2bd56b60_1022 .array/port v0000024b2bd56b60, 1022;
v0000024b2bd56b60_1023 .array/port v0000024b2bd56b60, 1023;
E_0000024b2bcd8510/256 .event anyedge, v0000024b2bd56b60_1021, v0000024b2bd56b60_1022, v0000024b2bd56b60_1023;
E_0000024b2bcd8510 .event/or E_0000024b2bcd8510/0, E_0000024b2bcd8510/1, E_0000024b2bcd8510/2, E_0000024b2bcd8510/3, E_0000024b2bcd8510/4, E_0000024b2bcd8510/5, E_0000024b2bcd8510/6, E_0000024b2bcd8510/7, E_0000024b2bcd8510/8, E_0000024b2bcd8510/9, E_0000024b2bcd8510/10, E_0000024b2bcd8510/11, E_0000024b2bcd8510/12, E_0000024b2bcd8510/13, E_0000024b2bcd8510/14, E_0000024b2bcd8510/15, E_0000024b2bcd8510/16, E_0000024b2bcd8510/17, E_0000024b2bcd8510/18, E_0000024b2bcd8510/19, E_0000024b2bcd8510/20, E_0000024b2bcd8510/21, E_0000024b2bcd8510/22, E_0000024b2bcd8510/23, E_0000024b2bcd8510/24, E_0000024b2bcd8510/25, E_0000024b2bcd8510/26, E_0000024b2bcd8510/27, E_0000024b2bcd8510/28, E_0000024b2bcd8510/29, E_0000024b2bcd8510/30, E_0000024b2bcd8510/31, E_0000024b2bcd8510/32, E_0000024b2bcd8510/33, E_0000024b2bcd8510/34, E_0000024b2bcd8510/35, E_0000024b2bcd8510/36, E_0000024b2bcd8510/37, E_0000024b2bcd8510/38, E_0000024b2bcd8510/39, E_0000024b2bcd8510/40, E_0000024b2bcd8510/41, E_0000024b2bcd8510/42, E_0000024b2bcd8510/43, E_0000024b2bcd8510/44, E_0000024b2bcd8510/45, E_0000024b2bcd8510/46, E_0000024b2bcd8510/47, E_0000024b2bcd8510/48, E_0000024b2bcd8510/49, E_0000024b2bcd8510/50, E_0000024b2bcd8510/51, E_0000024b2bcd8510/52, E_0000024b2bcd8510/53, E_0000024b2bcd8510/54, E_0000024b2bcd8510/55, E_0000024b2bcd8510/56, E_0000024b2bcd8510/57, E_0000024b2bcd8510/58, E_0000024b2bcd8510/59, E_0000024b2bcd8510/60, E_0000024b2bcd8510/61, E_0000024b2bcd8510/62, E_0000024b2bcd8510/63, E_0000024b2bcd8510/64, E_0000024b2bcd8510/65, E_0000024b2bcd8510/66, E_0000024b2bcd8510/67, E_0000024b2bcd8510/68, E_0000024b2bcd8510/69, E_0000024b2bcd8510/70, E_0000024b2bcd8510/71, E_0000024b2bcd8510/72, E_0000024b2bcd8510/73, E_0000024b2bcd8510/74, E_0000024b2bcd8510/75, E_0000024b2bcd8510/76, E_0000024b2bcd8510/77, E_0000024b2bcd8510/78, E_0000024b2bcd8510/79, E_0000024b2bcd8510/80, E_0000024b2bcd8510/81, E_0000024b2bcd8510/82, E_0000024b2bcd8510/83, E_0000024b2bcd8510/84, E_0000024b2bcd8510/85, E_0000024b2bcd8510/86, E_0000024b2bcd8510/87, E_0000024b2bcd8510/88, E_0000024b2bcd8510/89, E_0000024b2bcd8510/90, E_0000024b2bcd8510/91, E_0000024b2bcd8510/92, E_0000024b2bcd8510/93, E_0000024b2bcd8510/94, E_0000024b2bcd8510/95, E_0000024b2bcd8510/96, E_0000024b2bcd8510/97, E_0000024b2bcd8510/98, E_0000024b2bcd8510/99, E_0000024b2bcd8510/100, E_0000024b2bcd8510/101, E_0000024b2bcd8510/102, E_0000024b2bcd8510/103, E_0000024b2bcd8510/104, E_0000024b2bcd8510/105, E_0000024b2bcd8510/106, E_0000024b2bcd8510/107, E_0000024b2bcd8510/108, E_0000024b2bcd8510/109, E_0000024b2bcd8510/110, E_0000024b2bcd8510/111, E_0000024b2bcd8510/112, E_0000024b2bcd8510/113, E_0000024b2bcd8510/114, E_0000024b2bcd8510/115, E_0000024b2bcd8510/116, E_0000024b2bcd8510/117, E_0000024b2bcd8510/118, E_0000024b2bcd8510/119, E_0000024b2bcd8510/120, E_0000024b2bcd8510/121, E_0000024b2bcd8510/122, E_0000024b2bcd8510/123, E_0000024b2bcd8510/124, E_0000024b2bcd8510/125, E_0000024b2bcd8510/126, E_0000024b2bcd8510/127, E_0000024b2bcd8510/128, E_0000024b2bcd8510/129, E_0000024b2bcd8510/130, E_0000024b2bcd8510/131, E_0000024b2bcd8510/132, E_0000024b2bcd8510/133, E_0000024b2bcd8510/134, E_0000024b2bcd8510/135, E_0000024b2bcd8510/136, E_0000024b2bcd8510/137, E_0000024b2bcd8510/138, E_0000024b2bcd8510/139, E_0000024b2bcd8510/140, E_0000024b2bcd8510/141, E_0000024b2bcd8510/142, E_0000024b2bcd8510/143, E_0000024b2bcd8510/144, E_0000024b2bcd8510/145, E_0000024b2bcd8510/146, E_0000024b2bcd8510/147, E_0000024b2bcd8510/148, E_0000024b2bcd8510/149, E_0000024b2bcd8510/150, E_0000024b2bcd8510/151, E_0000024b2bcd8510/152, E_0000024b2bcd8510/153, E_0000024b2bcd8510/154, E_0000024b2bcd8510/155, E_0000024b2bcd8510/156, E_0000024b2bcd8510/157, E_0000024b2bcd8510/158, E_0000024b2bcd8510/159, E_0000024b2bcd8510/160, E_0000024b2bcd8510/161, E_0000024b2bcd8510/162, E_0000024b2bcd8510/163, E_0000024b2bcd8510/164, E_0000024b2bcd8510/165, E_0000024b2bcd8510/166, E_0000024b2bcd8510/167, E_0000024b2bcd8510/168, E_0000024b2bcd8510/169, E_0000024b2bcd8510/170, E_0000024b2bcd8510/171, E_0000024b2bcd8510/172, E_0000024b2bcd8510/173, E_0000024b2bcd8510/174, E_0000024b2bcd8510/175, E_0000024b2bcd8510/176, E_0000024b2bcd8510/177, E_0000024b2bcd8510/178, E_0000024b2bcd8510/179, E_0000024b2bcd8510/180, E_0000024b2bcd8510/181, E_0000024b2bcd8510/182, E_0000024b2bcd8510/183, E_0000024b2bcd8510/184, E_0000024b2bcd8510/185, E_0000024b2bcd8510/186, E_0000024b2bcd8510/187, E_0000024b2bcd8510/188, E_0000024b2bcd8510/189, E_0000024b2bcd8510/190, E_0000024b2bcd8510/191, E_0000024b2bcd8510/192, E_0000024b2bcd8510/193, E_0000024b2bcd8510/194, E_0000024b2bcd8510/195, E_0000024b2bcd8510/196, E_0000024b2bcd8510/197, E_0000024b2bcd8510/198, E_0000024b2bcd8510/199, E_0000024b2bcd8510/200, E_0000024b2bcd8510/201, E_0000024b2bcd8510/202, E_0000024b2bcd8510/203, E_0000024b2bcd8510/204, E_0000024b2bcd8510/205, E_0000024b2bcd8510/206, E_0000024b2bcd8510/207, E_0000024b2bcd8510/208, E_0000024b2bcd8510/209, E_0000024b2bcd8510/210, E_0000024b2bcd8510/211, E_0000024b2bcd8510/212, E_0000024b2bcd8510/213, E_0000024b2bcd8510/214, E_0000024b2bcd8510/215, E_0000024b2bcd8510/216, E_0000024b2bcd8510/217, E_0000024b2bcd8510/218, E_0000024b2bcd8510/219, E_0000024b2bcd8510/220, E_0000024b2bcd8510/221, E_0000024b2bcd8510/222, E_0000024b2bcd8510/223, E_0000024b2bcd8510/224, E_0000024b2bcd8510/225, E_0000024b2bcd8510/226, E_0000024b2bcd8510/227, E_0000024b2bcd8510/228, E_0000024b2bcd8510/229, E_0000024b2bcd8510/230, E_0000024b2bcd8510/231, E_0000024b2bcd8510/232, E_0000024b2bcd8510/233, E_0000024b2bcd8510/234, E_0000024b2bcd8510/235, E_0000024b2bcd8510/236, E_0000024b2bcd8510/237, E_0000024b2bcd8510/238, E_0000024b2bcd8510/239, E_0000024b2bcd8510/240, E_0000024b2bcd8510/241, E_0000024b2bcd8510/242, E_0000024b2bcd8510/243, E_0000024b2bcd8510/244, E_0000024b2bcd8510/245, E_0000024b2bcd8510/246, E_0000024b2bcd8510/247, E_0000024b2bcd8510/248, E_0000024b2bcd8510/249, E_0000024b2bcd8510/250, E_0000024b2bcd8510/251, E_0000024b2bcd8510/252, E_0000024b2bcd8510/253, E_0000024b2bcd8510/254, E_0000024b2bcd8510/255, E_0000024b2bcd8510/256;
S_0000024b2bc184b0 .scope module, "u_immediate_generator" "immediate_generator" 8 134, 12 27 0, S_0000024b2bc39760;
 .timescale -9 -12;
    .port_info 0 /INPUT 32 "instruction";
    .port_info 1 /OUTPUT 32 "immediate";
P_0000024b2bcd8610 .param/l "DATA_WIDTH" 0 12 28, +C4<00000000000000000000000000100000>;
v0000024b2bd551c0_0 .var "immediate", 31 0;
v0000024b2bd55260_0 .net "instruction", 31 0, L_0000024b2bca1700;  alias, 1 drivers
v0000024b2bd55580_0 .net "opcode", 6 0, L_0000024b2bdcdab0;  1 drivers
E_0000024b2bcd90d0 .event anyedge, v0000024b2bd55580_0, v0000024b2bd568e0_0;
L_0000024b2bdcdab0 .part L_0000024b2bca1700, 0, 7;
S_0000024b2bc50a50 .scope module, "u_next_pc" "next_pc" 8 452, 13 21 0, S_0000024b2bc39760;
 .timescale -9 -12;
    .port_info 0 /INPUT 32 "pc";
    .port_info 1 /INPUT 32 "branch_target";
    .port_info 2 /INPUT 32 "jal_target";
    .port_info 3 /INPUT 32 "jalr_target";
    .port_info 4 /INPUT 1 "branch_taken";
    .port_info 5 /INPUT 2 "pc_src";
    .port_info 6 /OUTPUT 32 "next_pc";
P_0000024b2bcd8a90 .param/l "DATA_WIDTH" 0 13 22, +C4<00000000000000000000000000100000>;
v0000024b2bd562a0_0 .net "branch_taken", 0 0, L_0000024b2bca2340;  alias, 1 drivers
v0000024b2bd55a80_0 .net "branch_target", 31 0, L_0000024b2bdcd5b0;  alias, 1 drivers
v0000024b2bd567a0_0 .net "jal_target", 31 0, L_0000024b2bdcddd0;  alias, 1 drivers
v0000024b2bd558a0_0 .net "jalr_target", 31 0, L_0000024b2bca19a0;  alias, 1 drivers
v0000024b2bd55300_0 .var "next_pc", 31 0;
v0000024b2bd55620_0 .net "pc", 31 0, v0000024b2bd55760_0;  alias, 1 drivers
v0000024b2bd55940_0 .net "pc_src", 1 0, v0000024b2bd74b60_0;  1 drivers
E_0000024b2bcd8910/0 .event anyedge, v0000024b2bd55940_0, v0000024b2bd556c0_0, v0000024b2bd562a0_0, v0000024b2bd55a80_0;
E_0000024b2bcd8910/1 .event anyedge, v0000024b2bd567a0_0, v0000024b2bd558a0_0;
E_0000024b2bcd8910 .event/or E_0000024b2bcd8910/0, E_0000024b2bcd8910/1;
S_0000024b2bc50be0 .scope module, "u_register_file" "register_file" 8 107, 14 17 0, S_0000024b2bc39760;
 .timescale -9 -12;
    .port_info 0 /INPUT 1 "clk";
    .port_info 1 /INPUT 1 "rst";
    .port_info 2 /INPUT 1 "reg_write";
    .port_info 3 /INPUT 5 "rs1_addr";
    .port_info 4 /INPUT 5 "rs2_addr";
    .port_info 5 /OUTPUT 32 "rs1_data";
    .port_info 6 /OUTPUT 32 "rs2_data";
    .port_info 7 /INPUT 5 "rd_addr";
    .port_info 8 /INPUT 32 "rd_data";
P_0000024b2bc50d70 .param/l "ADDR_WIDTH" 0 14 20, +C4<00000000000000000000000000000101>;
P_0000024b2bc50da8 .param/l "DATA_WIDTH" 0 14 18, +C4<00000000000000000000000000100000>;
P_0000024b2bc50de0 .param/l "REG_COUNT" 0 14 19, +C4<00000000000000000000000000100000>;
P_0000024b2bc50e18 .param/l "ZERO_REG" 1 14 41, C4<00000>;
L_0000024b2bd75270 .functor BUFT 1, C4<00000>, C4<0>, C4<0>, C4<0>;
v0000024b2bd565c0_0 .net/2u *"_ivl_0", 4 0, L_0000024b2bd75270;  1 drivers
L_0000024b2bd75300 .functor BUFT 1, C4<00>, C4<0>, C4<0>, C4<0>;
v0000024b2bd559e0_0 .net *"_ivl_11", 1 0, L_0000024b2bd75300;  1 drivers
L_0000024b2bd75348 .functor BUFT 1, C4<00000>, C4<0>, C4<0>, C4<0>;
v0000024b2bd56700_0 .net/2u *"_ivl_14", 4 0, L_0000024b2bd75348;  1 drivers
v0000024b2bd55b20_0 .net *"_ivl_16", 0 0, L_0000024b2bdcf130;  1 drivers
L_0000024b2bd75390 .functor BUFT 1, C4<00000000000000000000000000000000>, C4<0>, C4<0>, C4<0>;
v0000024b2bd56840_0 .net/2u *"_ivl_18", 31 0, L_0000024b2bd75390;  1 drivers
v0000024b2bd56a20_0 .net *"_ivl_2", 0 0, L_0000024b2bd74840;  1 drivers
v0000024b2bd55d00_0 .net *"_ivl_20", 31 0, L_0000024b2bdcdd30;  1 drivers
v0000024b2bd56ac0_0 .net *"_ivl_22", 6 0, L_0000024b2bdcda10;  1 drivers
L_0000024b2bd753d8 .functor BUFT 1, C4<00>, C4<0>, C4<0>, C4<0>;
v0000024b2bd56ca0_0 .net *"_ivl_25", 1 0, L_0000024b2bd753d8;  1 drivers
L_0000024b2bd752b8 .functor BUFT 1, C4<00000000000000000000000000000000>, C4<0>, C4<0>, C4<0>;
v0000024b2bd6fe10_0 .net/2u *"_ivl_4", 31 0, L_0000024b2bd752b8;  1 drivers
v0000024b2bd709f0_0 .net *"_ivl_6", 31 0, L_0000024b2bd74980;  1 drivers
v0000024b2bd6f9b0_0 .net *"_ivl_8", 6 0, L_0000024b2bd74a20;  1 drivers
v0000024b2bd70ef0_0 .net "clk", 0 0, v0000024b2bd73580_0;  alias, 1 drivers
v0000024b2bd6fcd0_0 .var/i "i", 31 0;
v0000024b2bd6f690_0 .net "rd_addr", 4 0, L_0000024b2bd74340;  alias, 1 drivers
v0000024b2bd6ff50_0 .net "rd_data", 31 0, v0000024b2bd6fd70_0;  alias, 1 drivers
v0000024b2bd704f0_0 .net "reg_write", 0 0, v0000024b2bc962f0_0;  alias, 1 drivers
v0000024b2bd708b0 .array "registers", 31 0, 31 0;
v0000024b2bd6f4b0_0 .net "rs1_addr", 4 0, L_0000024b2bd745c0;  alias, 1 drivers
v0000024b2bd70bd0_0 .net "rs1_data", 31 0, L_0000024b2bd56340;  alias, 1 drivers
v0000024b2bd70a90_0 .net "rs2_addr", 4 0, L_0000024b2bd74660;  alias, 1 drivers
v0000024b2bd6f730_0 .net "rs2_data", 31 0, L_0000024b2bdcdb50;  alias, 1 drivers
v0000024b2bd6f7d0_0 .net "rst", 0 0, v0000024b2bd73da0_0;  alias, 1 drivers
L_0000024b2bd74840 .cmp/eq 5, L_0000024b2bd745c0, L_0000024b2bd75270;
L_0000024b2bd74980 .array/port v0000024b2bd708b0, L_0000024b2bd74a20;
L_0000024b2bd74a20 .concat [ 5 2 0 0], L_0000024b2bd745c0, L_0000024b2bd75300;
L_0000024b2bd56340 .functor MUXZ 32, L_0000024b2bd74980, L_0000024b2bd752b8, L_0000024b2bd74840, C4<>;
L_0000024b2bdcf130 .cmp/eq 5, L_0000024b2bd74660, L_0000024b2bd75348;
L_0000024b2bdcdd30 .array/port v0000024b2bd708b0, L_0000024b2bdcda10;
L_0000024b2bdcda10 .concat [ 5 2 0 0], L_0000024b2bd74660, L_0000024b2bd753d8;
L_0000024b2bdcdb50 .functor MUXZ 32, L_0000024b2bdcdd30, L_0000024b2bd75390, L_0000024b2bdcf130, C4<>;
S_0000024b2bd72250 .scope module, "u_write_back" "write_back" 8 520, 15 20 0, S_0000024b2bc39760;
 .timescale -9 -12;
    .port_info 0 /INPUT 32 "alu_result";
    .port_info 1 /INPUT 32 "memory_data";
    .port_info 2 /INPUT 32 "pc_plus_4";
    .port_info 3 /INPUT 2 "wb_src";
    .port_info 4 /OUTPUT 32 "rd_data";
P_0000024b2bcd87d0 .param/l "DATA_WIDTH" 0 15 21, +C4<00000000000000000000000000100000>;
v0000024b2bd6fa50_0 .net "alu_result", 31 0, v0000024b2bd55bc0_0;  alias, 1 drivers
v0000024b2bd70450_0 .net "memory_data", 31 0, v0000024b2bd56480_0;  alias, 1 drivers
v0000024b2bd6f550_0 .net "pc_plus_4", 31 0, L_0000024b2bdce730;  alias, 1 drivers
v0000024b2bd6fd70_0 .var "rd_data", 31 0;
v0000024b2bd70e50_0 .net "wb_src", 1 0, v0000024b2bd73940_0;  1 drivers
E_0000024b2bcd8790 .event anyedge, v0000024b2bd70e50_0, v0000024b2bd55bc0_0, v0000024b2bd56480_0, v0000024b2bd6f550_0;
    .scope S_0000024b2bc81c60;
T_2 ;
    %wait E_0000024b2bcd85d0;
    %load/vec4 v0000024b2bd55da0_0;
    %flag_set/vec4 8;
    %jmp/0xz  T_2.0, 8;
    %pushi/vec4 0, 0, 32;
    %assign/vec4 v0000024b2bd55760_0, 0;
    %jmp T_2.1;
T_2.0 ;
    %load/vec4 v0000024b2bd56980_0;
    %flag_set/vec4 8;
    %jmp/0xz  T_2.2, 8;
    %load/vec4 v0000024b2bd55e40_0;
    %assign/vec4 v0000024b2bd55760_0, 0;
T_2.2 ;
T_2.1 ;
    %jmp T_2;
    .thread T_2;
    .scope S_0000024b2bc81ad0;
T_3 ;
    %vpi_call 6 52 "$readmemh", P_0000024b2bce8b78, v0000024b2bd553a0 {0 0 0};
    %end;
    .thread T_3;
    .scope S_0000024b2bc81940;
T_4 ;
    %wait E_0000024b2bcd8410;
    %pushi/vec4 0, 0, 1;
    %store/vec4 v0000024b2bc962f0_0, 0, 1;
    %pushi/vec4 0, 0, 1;
    %store/vec4 v0000024b2bc95530_0, 0, 1;
    %pushi/vec4 0, 0, 1;
    %store/vec4 v0000024b2bc961b0_0, 0, 1;
    %pushi/vec4 0, 0, 1;
    %store/vec4 v0000024b2bc95710_0, 0, 1;
    %pushi/vec4 0, 0, 1;
    %store/vec4 v0000024b2bc95d50_0, 0, 1;
    %pushi/vec4 0, 0, 1;
    %store/vec4 v0000024b2bc96890_0, 0, 1;
    %pushi/vec4 0, 0, 1;
    %store/vec4 v0000024b2bc95fd0_0, 0, 1;
    %pushi/vec4 0, 0, 2;
    %store/vec4 v0000024b2bc967f0_0, 0, 2;
    %load/vec4 v0000024b2bc96390_0;
    %dup/vec4;
    %pushi/vec4 51, 0, 7;
    %cmp/u;
    %jmp/1 T_4.0, 6;
    %dup/vec4;
    %pushi/vec4 19, 0, 7;
    %cmp/u;
    %jmp/1 T_4.1, 6;
    %dup/vec4;
    %pushi/vec4 3, 0, 7;
    %cmp/u;
    %jmp/1 T_4.2, 6;
    %dup/vec4;
    %pushi/vec4 35, 0, 7;
    %cmp/u;
    %jmp/1 T_4.3, 6;
    %dup/vec4;
    %pushi/vec4 99, 0, 7;
    %cmp/u;
    %jmp/1 T_4.4, 6;
    %dup/vec4;
    %pushi/vec4 55, 0, 7;
    %cmp/u;
    %jmp/1 T_4.5, 6;
    %dup/vec4;
    %pushi/vec4 23, 0, 7;
    %cmp/u;
    %jmp/1 T_4.6, 6;
    %dup/vec4;
    %pushi/vec4 111, 0, 7;
    %cmp/u;
    %jmp/1 T_4.7, 6;
    %dup/vec4;
    %pushi/vec4 103, 0, 7;
    %cmp/u;
    %jmp/1 T_4.8, 6;
    %jmp T_4.10;
T_4.0 ;
    %pushi/vec4 1, 0, 1;
    %store/vec4 v0000024b2bc962f0_0, 0, 1;
    %pushi/vec4 0, 0, 1;
    %store/vec4 v0000024b2bc95d50_0, 0, 1;
    %pushi/vec4 2, 0, 2;
    %store/vec4 v0000024b2bc967f0_0, 0, 2;
    %jmp T_4.10;
T_4.1 ;
    %pushi/vec4 1, 0, 1;
    %store/vec4 v0000024b2bc962f0_0, 0, 1;
    %pushi/vec4 1, 0, 1;
    %store/vec4 v0000024b2bc95d50_0, 0, 1;
    %pushi/vec4 2, 0, 2;
    %store/vec4 v0000024b2bc967f0_0, 0, 2;
    %jmp T_4.10;
T_4.2 ;
    %pushi/vec4 1, 0, 1;
    %store/vec4 v0000024b2bc962f0_0, 0, 1;
    %pushi/vec4 1, 0, 1;
    %store/vec4 v0000024b2bc95530_0, 0, 1;
    %pushi/vec4 1, 0, 1;
    %store/vec4 v0000024b2bc95710_0, 0, 1;
    %pushi/vec4 1, 0, 1;
    %store/vec4 v0000024b2bc95d50_0, 0, 1;
    %pushi/vec4 0, 0, 2;
    %store/vec4 v0000024b2bc967f0_0, 0, 2;
    %jmp T_4.10;
T_4.3 ;
    %pushi/vec4 1, 0, 1;
    %store/vec4 v0000024b2bc961b0_0, 0, 1;
    %pushi/vec4 1, 0, 1;
    %store/vec4 v0000024b2bc95d50_0, 0, 1;
    %pushi/vec4 0, 0, 2;
    %store/vec4 v0000024b2bc967f0_0, 0, 2;
    %jmp T_4.10;
T_4.4 ;
    %pushi/vec4 1, 0, 1;
    %store/vec4 v0000024b2bc96890_0, 0, 1;
    %pushi/vec4 0, 0, 1;
    %store/vec4 v0000024b2bc95d50_0, 0, 1;
    %pushi/vec4 1, 0, 2;
    %store/vec4 v0000024b2bc967f0_0, 0, 2;
    %jmp T_4.10;
T_4.5 ;
    %pushi/vec4 1, 0, 1;
    %store/vec4 v0000024b2bc962f0_0, 0, 1;
    %pushi/vec4 1, 0, 1;
    %store/vec4 v0000024b2bc95d50_0, 0, 1;
    %pushi/vec4 0, 0, 2;
    %store/vec4 v0000024b2bc967f0_0, 0, 2;
    %jmp T_4.10;
T_4.6 ;
    %pushi/vec4 1, 0, 1;
    %store/vec4 v0000024b2bc962f0_0, 0, 1;
    %pushi/vec4 1, 0, 1;
    %store/vec4 v0000024b2bc95d50_0, 0, 1;
    %pushi/vec4 0, 0, 2;
    %store/vec4 v0000024b2bc967f0_0, 0, 2;
    %jmp T_4.10;
T_4.7 ;
    %pushi/vec4 1, 0, 1;
    %store/vec4 v0000024b2bc962f0_0, 0, 1;
    %pushi/vec4 1, 0, 1;
    %store/vec4 v0000024b2bc95fd0_0, 0, 1;
    %jmp T_4.10;
T_4.8 ;
    %pushi/vec4 1, 0, 1;
    %store/vec4 v0000024b2bc962f0_0, 0, 1;
    %pushi/vec4 1, 0, 1;
    %store/vec4 v0000024b2bc95d50_0, 0, 1;
    %pushi/vec4 1, 0, 1;
    %store/vec4 v0000024b2bc95fd0_0, 0, 1;
    %pushi/vec4 0, 0, 2;
    %store/vec4 v0000024b2bc967f0_0, 0, 2;
    %jmp T_4.10;
T_4.10 ;
    %pop/vec4 1;
    %jmp T_4;
    .thread T_4, $push;
    .scope S_0000024b2bcd3e90;
T_5 ;
    %wait E_0000024b2bcd8bd0;
    %pushi/vec4 0, 0, 4;
    %store/vec4 v0000024b2bc95170_0, 0, 4;
    %load/vec4 v0000024b2bc95df0_0;
    %dup/vec4;
    %pushi/vec4 0, 0, 2;
    %cmp/u;
    %jmp/1 T_5.0, 6;
    %dup/vec4;
    %pushi/vec4 1, 0, 2;
    %cmp/u;
    %jmp/1 T_5.1, 6;
    %dup/vec4;
    %pushi/vec4 2, 0, 2;
    %cmp/u;
    %jmp/1 T_5.2, 6;
    %pushi/vec4 0, 0, 4;
    %store/vec4 v0000024b2bc95170_0, 0, 4;
    %jmp T_5.4;
T_5.0 ;
    %pushi/vec4 0, 0, 4;
    %store/vec4 v0000024b2bc95170_0, 0, 4;
    %jmp T_5.4;
T_5.1 ;
    %pushi/vec4 1, 0, 4;
    %store/vec4 v0000024b2bc95170_0, 0, 4;
    %jmp T_5.4;
T_5.2 ;
    %load/vec4 v0000024b2bc95a30_0;
    %dup/vec4;
    %pushi/vec4 0, 0, 3;
    %cmp/u;
    %jmp/1 T_5.5, 6;
    %dup/vec4;
    %pushi/vec4 1, 0, 3;
    %cmp/u;
    %jmp/1 T_5.6, 6;
    %dup/vec4;
    %pushi/vec4 2, 0, 3;
    %cmp/u;
    %jmp/1 T_5.7, 6;
    %dup/vec4;
    %pushi/vec4 3, 0, 3;
    %cmp/u;
    %jmp/1 T_5.8, 6;
    %dup/vec4;
    %pushi/vec4 4, 0, 3;
    %cmp/u;
    %jmp/1 T_5.9, 6;
    %dup/vec4;
    %pushi/vec4 5, 0, 3;
    %cmp/u;
    %jmp/1 T_5.10, 6;
    %dup/vec4;
    %pushi/vec4 6, 0, 3;
    %cmp/u;
    %jmp/1 T_5.11, 6;
    %dup/vec4;
    %pushi/vec4 7, 0, 3;
    %cmp/u;
    %jmp/1 T_5.12, 6;
    %pushi/vec4 0, 0, 4;
    %store/vec4 v0000024b2bc95170_0, 0, 4;
    %jmp T_5.14;
T_5.5 ;
    %load/vec4 v0000024b2bc96750_0;
    %cmpi/e 32, 0, 7;
    %jmp/0xz  T_5.15, 4;
    %pushi/vec4 1, 0, 4;
    %store/vec4 v0000024b2bc95170_0, 0, 4;
    %jmp T_5.16;
T_5.15 ;
    %pushi/vec4 0, 0, 4;
    %store/vec4 v0000024b2bc95170_0, 0, 4;
T_5.16 ;
    %jmp T_5.14;
T_5.6 ;
    %pushi/vec4 5, 0, 4;
    %store/vec4 v0000024b2bc95170_0, 0, 4;
    %jmp T_5.14;
T_5.7 ;
    %pushi/vec4 8, 0, 4;
    %store/vec4 v0000024b2bc95170_0, 0, 4;
    %jmp T_5.14;
T_5.8 ;
    %pushi/vec4 9, 0, 4;
    %store/vec4 v0000024b2bc95170_0, 0, 4;
    %jmp T_5.14;
T_5.9 ;
    %pushi/vec4 4, 0, 4;
    %store/vec4 v0000024b2bc95170_0, 0, 4;
    %jmp T_5.14;
T_5.10 ;
    %load/vec4 v0000024b2bc96750_0;
    %cmpi/e 32, 0, 7;
    %jmp/0xz  T_5.17, 4;
    %pushi/vec4 7, 0, 4;
    %store/vec4 v0000024b2bc95170_0, 0, 4;
    %jmp T_5.18;
T_5.17 ;
    %pushi/vec4 6, 0, 4;
    %store/vec4 v0000024b2bc95170_0, 0, 4;
T_5.18 ;
    %jmp T_5.14;
T_5.11 ;
    %pushi/vec4 3, 0, 4;
    %store/vec4 v0000024b2bc95170_0, 0, 4;
    %jmp T_5.14;
T_5.12 ;
    %pushi/vec4 2, 0, 4;
    %store/vec4 v0000024b2bc95170_0, 0, 4;
    %jmp T_5.14;
T_5.14 ;
    %pop/vec4 1;
    %jmp T_5.4;
T_5.4 ;
    %pop/vec4 1;
    %jmp T_5;
    .thread T_5, $push;
    .scope S_0000024b2bc50be0;
T_6 ;
    %wait E_0000024b2bcd85d0;
    %load/vec4 v0000024b2bd6f7d0_0;
    %flag_set/vec4 8;
    %jmp/0xz  T_6.0, 8;
    %pushi/vec4 0, 0, 32;
    %store/vec4 v0000024b2bd6fcd0_0, 0, 32;
T_6.2 ;
    %load/vec4 v0000024b2bd6fcd0_0;
    %cmpi/s 32, 0, 32;
    %jmp/0xz T_6.3, 5;
    %pushi/vec4 0, 0, 32;
    %ix/getv/s 3, v0000024b2bd6fcd0_0;
    %ix/load 4, 0, 0; Constant delay
    %assign/vec4/a/d v0000024b2bd708b0, 0, 4;
    %load/vec4 v0000024b2bd6fcd0_0;
    %addi 1, 0, 32;
    %store/vec4 v0000024b2bd6fcd0_0, 0, 32;
    %jmp T_6.2;
T_6.3 ;
    %jmp T_6.1;
T_6.0 ;
    %load/vec4 v0000024b2bd704f0_0;
    %load/vec4 v0000024b2bd6f690_0;
    %pushi/vec4 0, 0, 5;
    %cmp/ne;
    %flag_get/vec4 4;
    %and;
    %flag_set/vec4 8;
    %jmp/0xz  T_6.4, 8;
    %load/vec4 v0000024b2bd6ff50_0;
    %load/vec4 v0000024b2bd6f690_0;
    %pad/u 7;
    %ix/vec4 3;
    %ix/load 4, 0, 0; Constant delay
    %assign/vec4/a/d v0000024b2bd708b0, 0, 4;
T_6.4 ;
T_6.1 ;
    %jmp T_6;
    .thread T_6;
    .scope S_0000024b2bc184b0;
T_7 ;
    %wait E_0000024b2bcd90d0;
    %load/vec4 v0000024b2bd55580_0;
    %dup/vec4;
    %pushi/vec4 19, 0, 7;
    %cmp/u;
    %jmp/1 T_7.0, 6;
    %dup/vec4;
    %pushi/vec4 3, 0, 7;
    %cmp/u;
    %jmp/1 T_7.1, 6;
    %dup/vec4;
    %pushi/vec4 103, 0, 7;
    %cmp/u;
    %jmp/1 T_7.2, 6;
    %dup/vec4;
    %pushi/vec4 35, 0, 7;
    %cmp/u;
    %jmp/1 T_7.3, 6;
    %dup/vec4;
    %pushi/vec4 99, 0, 7;
    %cmp/u;
    %jmp/1 T_7.4, 6;
    %dup/vec4;
    %pushi/vec4 55, 0, 7;
    %cmp/u;
    %jmp/1 T_7.5, 6;
    %dup/vec4;
    %pushi/vec4 23, 0, 7;
    %cmp/u;
    %jmp/1 T_7.6, 6;
    %dup/vec4;
    %pushi/vec4 111, 0, 7;
    %cmp/u;
    %jmp/1 T_7.7, 6;
    %pushi/vec4 0, 0, 32;
    %store/vec4 v0000024b2bd551c0_0, 0, 32;
    %jmp T_7.9;
T_7.0 ;
    %load/vec4 v0000024b2bd55260_0;
    %parti/s 1, 31, 6;
    %replicate 20;
    %load/vec4 v0000024b2bd55260_0;
    %parti/s 12, 20, 6;
    %concat/vec4; draw_concat_vec4
    %store/vec4 v0000024b2bd551c0_0, 0, 32;
    %jmp T_7.9;
T_7.1 ;
    %load/vec4 v0000024b2bd55260_0;
    %parti/s 1, 31, 6;
    %replicate 20;
    %load/vec4 v0000024b2bd55260_0;
    %parti/s 12, 20, 6;
    %concat/vec4; draw_concat_vec4
    %store/vec4 v0000024b2bd551c0_0, 0, 32;
    %jmp T_7.9;
T_7.2 ;
    %load/vec4 v0000024b2bd55260_0;
    %parti/s 1, 31, 6;
    %replicate 20;
    %load/vec4 v0000024b2bd55260_0;
    %parti/s 12, 20, 6;
    %concat/vec4; draw_concat_vec4
    %store/vec4 v0000024b2bd551c0_0, 0, 32;
    %jmp T_7.9;
T_7.3 ;
    %load/vec4 v0000024b2bd55260_0;
    %parti/s 1, 31, 6;
    %replicate 20;
    %load/vec4 v0000024b2bd55260_0;
    %parti/s 7, 25, 6;
    %concat/vec4; draw_concat_vec4
    %load/vec4 v0000024b2bd55260_0;
    %parti/s 5, 7, 4;
    %concat/vec4; draw_concat_vec4
    %store/vec4 v0000024b2bd551c0_0, 0, 32;
    %jmp T_7.9;
T_7.4 ;
    %load/vec4 v0000024b2bd55260_0;
    %parti/s 1, 31, 6;
    %replicate 19;
    %load/vec4 v0000024b2bd55260_0;
    %parti/s 1, 31, 6;
    %concat/vec4; draw_concat_vec4
    %load/vec4 v0000024b2bd55260_0;
    %parti/s 1, 7, 4;
    %concat/vec4; draw_concat_vec4
    %load/vec4 v0000024b2bd55260_0;
    %parti/s 6, 25, 6;
    %concat/vec4; draw_concat_vec4
    %load/vec4 v0000024b2bd55260_0;
    %parti/s 4, 8, 5;
    %concat/vec4; draw_concat_vec4
    %concati/vec4 0, 0, 1;
    %store/vec4 v0000024b2bd551c0_0, 0, 32;
    %jmp T_7.9;
T_7.5 ;
    %load/vec4 v0000024b2bd55260_0;
    %parti/s 20, 12, 5;
    %concati/vec4 0, 0, 12;
    %store/vec4 v0000024b2bd551c0_0, 0, 32;
    %jmp T_7.9;
T_7.6 ;
    %load/vec4 v0000024b2bd55260_0;
    %parti/s 20, 12, 5;
    %concati/vec4 0, 0, 12;
    %store/vec4 v0000024b2bd551c0_0, 0, 32;
    %jmp T_7.9;
T_7.7 ;
    %load/vec4 v0000024b2bd55260_0;
    %parti/s 1, 31, 6;
    %replicate 11;
    %load/vec4 v0000024b2bd55260_0;
    %parti/s 1, 31, 6;
    %concat/vec4; draw_concat_vec4
    %load/vec4 v0000024b2bd55260_0;
    %parti/s 8, 12, 5;
    %concat/vec4; draw_concat_vec4
    %load/vec4 v0000024b2bd55260_0;
    %parti/s 1, 20, 6;
    %concat/vec4; draw_concat_vec4
    %load/vec4 v0000024b2bd55260_0;
    %parti/s 10, 21, 6;
    %concat/vec4; draw_concat_vec4
    %concati/vec4 0, 0, 1;
    %store/vec4 v0000024b2bd551c0_0, 0, 32;
    %jmp T_7.9;
T_7.9 ;
    %pop/vec4 1;
    %jmp T_7;
    .thread T_7, $push;
    .scope S_0000024b2bc39a20;
T_8 ;
    %wait E_0000024b2bcd84d0;
    %pushi/vec4 0, 0, 32;
    %store/vec4 v0000024b2bd55bc0_0, 0, 32;
    %load/vec4 v0000024b2bd55c60_0;
    %dup/vec4;
    %pushi/vec4 0, 0, 4;
    %cmp/u;
    %jmp/1 T_8.0, 6;
    %dup/vec4;
    %pushi/vec4 1, 0, 4;
    %cmp/u;
    %jmp/1 T_8.1, 6;
    %dup/vec4;
    %pushi/vec4 2, 0, 4;
    %cmp/u;
    %jmp/1 T_8.2, 6;
    %dup/vec4;
    %pushi/vec4 3, 0, 4;
    %cmp/u;
    %jmp/1 T_8.3, 6;
    %dup/vec4;
    %pushi/vec4 4, 0, 4;
    %cmp/u;
    %jmp/1 T_8.4, 6;
    %dup/vec4;
    %pushi/vec4 5, 0, 4;
    %cmp/u;
    %jmp/1 T_8.5, 6;
    %dup/vec4;
    %pushi/vec4 6, 0, 4;
    %cmp/u;
    %jmp/1 T_8.6, 6;
    %dup/vec4;
    %pushi/vec4 7, 0, 4;
    %cmp/u;
    %jmp/1 T_8.7, 6;
    %dup/vec4;
    %pushi/vec4 8, 0, 4;
    %cmp/u;
    %jmp/1 T_8.8, 6;
    %dup/vec4;
    %pushi/vec4 9, 0, 4;
    %cmp/u;
    %jmp/1 T_8.9, 6;
    %dup/vec4;
    %pushi/vec4 10, 0, 4;
    %cmp/u;
    %jmp/1 T_8.10, 6;
    %pushi/vec4 0, 0, 32;
    %store/vec4 v0000024b2bd55bc0_0, 0, 32;
    %jmp T_8.12;
T_8.0 ;
    %load/vec4 v0000024b2bd55ee0_0;
    %load/vec4 v0000024b2bd55800_0;
    %add;
    %store/vec4 v0000024b2bd55bc0_0, 0, 32;
    %jmp T_8.12;
T_8.1 ;
    %load/vec4 v0000024b2bd55ee0_0;
    %load/vec4 v0000024b2bd55800_0;
    %sub;
    %store/vec4 v0000024b2bd55bc0_0, 0, 32;
    %jmp T_8.12;
T_8.2 ;
    %load/vec4 v0000024b2bd55ee0_0;
    %load/vec4 v0000024b2bd55800_0;
    %and;
    %store/vec4 v0000024b2bd55bc0_0, 0, 32;
    %jmp T_8.12;
T_8.3 ;
    %load/vec4 v0000024b2bd55ee0_0;
    %load/vec4 v0000024b2bd55800_0;
    %or;
    %store/vec4 v0000024b2bd55bc0_0, 0, 32;
    %jmp T_8.12;
T_8.4 ;
    %load/vec4 v0000024b2bd55ee0_0;
    %load/vec4 v0000024b2bd55800_0;
    %xor;
    %store/vec4 v0000024b2bd55bc0_0, 0, 32;
    %jmp T_8.12;
T_8.5 ;
    %load/vec4 v0000024b2bd55ee0_0;
    %load/vec4 v0000024b2bd55800_0;
    %parti/s 5, 0, 2;
    %ix/vec4 4;
    %shiftl 4;
    %store/vec4 v0000024b2bd55bc0_0, 0, 32;
    %jmp T_8.12;
T_8.6 ;
    %load/vec4 v0000024b2bd55ee0_0;
    %load/vec4 v0000024b2bd55800_0;
    %parti/s 5, 0, 2;
    %ix/vec4 4;
    %shiftr 4;
    %store/vec4 v0000024b2bd55bc0_0, 0, 32;
    %jmp T_8.12;
T_8.7 ;
    %load/vec4 v0000024b2bd55ee0_0;
    %load/vec4 v0000024b2bd55800_0;
    %parti/s 5, 0, 2;
    %ix/vec4 4;
    %shiftr/s 4;
    %store/vec4 v0000024b2bd55bc0_0, 0, 32;
    %jmp T_8.12;
T_8.8 ;
    %load/vec4 v0000024b2bd55ee0_0;
    %load/vec4 v0000024b2bd55800_0;
    %cmp/s;
    %flag_mov 8, 5;
    %jmp/0 T_8.13, 8;
    %pushi/vec4 1, 0, 32;
    %jmp/1 T_8.14, 8;
T_8.13 ; End of true expr.
    %pushi/vec4 0, 0, 32;
    %jmp/0 T_8.14, 8;
 ; End of false expr.
    %blend;
T_8.14;
    %store/vec4 v0000024b2bd55bc0_0, 0, 32;
    %jmp T_8.12;
T_8.9 ;
    %load/vec4 v0000024b2bd55ee0_0;
    %load/vec4 v0000024b2bd55800_0;
    %cmp/u;
    %flag_mov 8, 5;
    %jmp/0 T_8.15, 8;
    %pushi/vec4 1, 0, 32;
    %jmp/1 T_8.16, 8;
T_8.15 ; End of true expr.
    %pushi/vec4 0, 0, 32;
    %jmp/0 T_8.16, 8;
 ; End of false expr.
    %blend;
T_8.16;
    %store/vec4 v0000024b2bd55bc0_0, 0, 32;
    %jmp T_8.12;
T_8.10 ;
    %load/vec4 v0000024b2bd55800_0;
    %store/vec4 v0000024b2bd55bc0_0, 0, 32;
    %jmp T_8.12;
T_8.12 ;
    %pop/vec4 1;
    %jmp T_8;
    .thread T_8, $push;
    .scope S_0000024b2bc18320;
T_9 ;
    %wait E_0000024b2bcd85d0;
    %load/vec4 v0000024b2bd55f80_0;
    %flag_set/vec4 8;
    %jmp/0xz  T_9.0, 8;
    %pushi/vec4 0, 0, 32;
    %store/vec4 v0000024b2bd560c0_0, 0, 32;
T_9.2 ;
    %load/vec4 v0000024b2bd560c0_0;
    %pad/s 42;
    %cmpi/s 1024, 0, 42;
    %jmp/0xz T_9.3, 5;
    %pushi/vec4 0, 0, 8;
    %ix/getv/s 3, v0000024b2bd560c0_0;
    %ix/load 4, 0, 0; Constant delay
    %assign/vec4/a/d v0000024b2bd56b60, 0, 4;
    %load/vec4 v0000024b2bd560c0_0;
    %addi 1, 0, 32;
    %store/vec4 v0000024b2bd560c0_0, 0, 32;
    %jmp T_9.2;
T_9.3 ;
    %jmp T_9.1;
T_9.0 ;
    %load/vec4 v0000024b2bd57060_0;
    %flag_set/vec4 8;
    %jmp/0xz  T_9.4, 8;
    %load/vec4 v0000024b2bd56f20_0;
    %dup/vec4;
    %pushi/vec4 0, 0, 3;
    %cmp/u;
    %jmp/1 T_9.6, 6;
    %dup/vec4;
    %pushi/vec4 1, 0, 3;
    %cmp/u;
    %jmp/1 T_9.7, 6;
    %dup/vec4;
    %pushi/vec4 2, 0, 3;
    %cmp/u;
    %jmp/1 T_9.8, 6;
    %jmp T_9.10;
T_9.6 ;
    %load/vec4 v0000024b2bd554e0_0;
    %parti/s 8, 0, 2;
    %load/vec4 v0000024b2bd56020_0;
    %parti/s 10, 0, 2;
    %pad/u 12;
    %ix/vec4 3;
    %ix/load 4, 0, 0; Constant delay
    %assign/vec4/a/d v0000024b2bd56b60, 0, 4;
    %jmp T_9.10;
T_9.7 ;
    %load/vec4 v0000024b2bd554e0_0;
    %parti/s 8, 0, 2;
    %load/vec4 v0000024b2bd56020_0;
    %parti/s 10, 0, 2;
    %pad/u 12;
    %ix/vec4 3;
    %ix/load 4, 0, 0; Constant delay
    %assign/vec4/a/d v0000024b2bd56b60, 0, 4;
    %load/vec4 v0000024b2bd554e0_0;
    %parti/s 8, 8, 5;
    %load/vec4 v0000024b2bd56020_0;
    %parti/s 10, 0, 2;
    %pad/u 33;
    %addi 1, 0, 33;
    %ix/vec4 3;
    %ix/load 4, 0, 0; Constant delay
    %assign/vec4/a/d v0000024b2bd56b60, 0, 4;
    %jmp T_9.10;
T_9.8 ;
    %load/vec4 v0000024b2bd554e0_0;
    %parti/s 8, 0, 2;
    %load/vec4 v0000024b2bd56020_0;
    %parti/s 10, 0, 2;
    %pad/u 12;
    %ix/vec4 3;
    %ix/load 4, 0, 0; Constant delay
    %assign/vec4/a/d v0000024b2bd56b60, 0, 4;
    %load/vec4 v0000024b2bd554e0_0;
    %parti/s 8, 8, 5;
    %load/vec4 v0000024b2bd56020_0;
    %parti/s 10, 0, 2;
    %pad/u 33;
    %addi 1, 0, 33;
    %ix/vec4 3;
    %ix/load 4, 0, 0; Constant delay
    %assign/vec4/a/d v0000024b2bd56b60, 0, 4;
    %load/vec4 v0000024b2bd554e0_0;
    %parti/s 8, 16, 6;
    %load/vec4 v0000024b2bd56020_0;
    %parti/s 10, 0, 2;
    %pad/u 33;
    %addi 2, 0, 33;
    %ix/vec4 3;
    %ix/load 4, 0, 0; Constant delay
    %assign/vec4/a/d v0000024b2bd56b60, 0, 4;
    %load/vec4 v0000024b2bd554e0_0;
    %parti/s 8, 24, 6;
    %load/vec4 v0000024b2bd56020_0;
    %parti/s 10, 0, 2;
    %pad/u 33;
    %addi 3, 0, 33;
    %ix/vec4 3;
    %ix/load 4, 0, 0; Constant delay
    %assign/vec4/a/d v0000024b2bd56b60, 0, 4;
    %jmp T_9.10;
T_9.10 ;
    %pop/vec4 1;
T_9.4 ;
T_9.1 ;
    %jmp T_9;
    .thread T_9;
    .scope S_0000024b2bc18320;
T_10 ;
    %wait E_0000024b2bcd8510;
    %pushi/vec4 0, 0, 32;
    %store/vec4 v0000024b2bd56480_0, 0, 32;
    %load/vec4 v0000024b2bd56160_0;
    %flag_set/vec4 8;
    %jmp/0xz  T_10.0, 8;
    %load/vec4 v0000024b2bd56f20_0;
    %dup/vec4;
    %pushi/vec4 0, 0, 3;
    %cmp/u;
    %jmp/1 T_10.2, 6;
    %dup/vec4;
    %pushi/vec4 1, 0, 3;
    %cmp/u;
    %jmp/1 T_10.3, 6;
    %dup/vec4;
    %pushi/vec4 2, 0, 3;
    %cmp/u;
    %jmp/1 T_10.4, 6;
    %dup/vec4;
    %pushi/vec4 4, 0, 3;
    %cmp/u;
    %jmp/1 T_10.5, 6;
    %dup/vec4;
    %pushi/vec4 5, 0, 3;
    %cmp/u;
    %jmp/1 T_10.6, 6;
    %pushi/vec4 0, 0, 32;
    %store/vec4 v0000024b2bd56480_0, 0, 32;
    %jmp T_10.8;
T_10.2 ;
    %load/vec4 v0000024b2bd56020_0;
    %parti/s 10, 0, 2;
    %pad/u 12;
    %ix/vec4 4;
    %load/vec4a v0000024b2bd56b60, 4;
    %parti/s 1, 7, 4;
    %replicate 24;
    %load/vec4 v0000024b2bd56020_0;
    %parti/s 10, 0, 2;
    %pad/u 12;
    %ix/vec4 4;
    %load/vec4a v0000024b2bd56b60, 4;
    %concat/vec4; draw_concat_vec4
    %store/vec4 v0000024b2bd56480_0, 0, 32;
    %jmp T_10.8;
T_10.3 ;
    %load/vec4 v0000024b2bd56020_0;
    %parti/s 10, 0, 2;
    %pad/u 33;
    %addi 1, 0, 33;
    %ix/vec4 4;
    %load/vec4a v0000024b2bd56b60, 4;
    %parti/s 1, 7, 4;
    %replicate 16;
    %load/vec4 v0000024b2bd56020_0;
    %parti/s 10, 0, 2;
    %pad/u 33;
    %addi 1, 0, 33;
    %ix/vec4 4;
    %load/vec4a v0000024b2bd56b60, 4;
    %concat/vec4; draw_concat_vec4
    %load/vec4 v0000024b2bd56020_0;
    %parti/s 10, 0, 2;
    %pad/u 12;
    %ix/vec4 4;
    %load/vec4a v0000024b2bd56b60, 4;
    %concat/vec4; draw_concat_vec4
    %store/vec4 v0000024b2bd56480_0, 0, 32;
    %jmp T_10.8;
T_10.4 ;
    %load/vec4 v0000024b2bd56020_0;
    %parti/s 10, 0, 2;
    %pad/u 33;
    %addi 3, 0, 33;
    %ix/vec4 4;
    %load/vec4a v0000024b2bd56b60, 4;
    %load/vec4 v0000024b2bd56020_0;
    %parti/s 10, 0, 2;
    %pad/u 33;
    %addi 2, 0, 33;
    %ix/vec4 4;
    %load/vec4a v0000024b2bd56b60, 4;
    %concat/vec4; draw_concat_vec4
    %load/vec4 v0000024b2bd56020_0;
    %parti/s 10, 0, 2;
    %pad/u 33;
    %addi 1, 0, 33;
    %ix/vec4 4;
    %load/vec4a v0000024b2bd56b60, 4;
    %concat/vec4; draw_concat_vec4
    %load/vec4 v0000024b2bd56020_0;
    %parti/s 10, 0, 2;
    %pad/u 12;
    %ix/vec4 4;
    %load/vec4a v0000024b2bd56b60, 4;
    %concat/vec4; draw_concat_vec4
    %store/vec4 v0000024b2bd56480_0, 0, 32;
    %jmp T_10.8;
T_10.5 ;
    %pushi/vec4 0, 0, 24;
    %load/vec4 v0000024b2bd56020_0;
    %parti/s 10, 0, 2;
    %pad/u 12;
    %ix/vec4 4;
    %load/vec4a v0000024b2bd56b60, 4;
    %concat/vec4; draw_concat_vec4
    %store/vec4 v0000024b2bd56480_0, 0, 32;
    %jmp T_10.8;
T_10.6 ;
    %pushi/vec4 0, 0, 16;
    %load/vec4 v0000024b2bd56020_0;
    %parti/s 10, 0, 2;
    %pad/u 33;
    %addi 1, 0, 33;
    %ix/vec4 4;
    %load/vec4a v0000024b2bd56b60, 4;
    %concat/vec4; draw_concat_vec4
    %load/vec4 v0000024b2bd56020_0;
    %parti/s 10, 0, 2;
    %pad/u 12;
    %ix/vec4 4;
    %load/vec4a v0000024b2bd56b60, 4;
    %concat/vec4; draw_concat_vec4
    %store/vec4 v0000024b2bd56480_0, 0, 32;
    %jmp T_10.8;
T_10.8 ;
    %pop/vec4 1;
T_10.0 ;
    %jmp T_10;
    .thread T_10, $push;
    .scope S_0000024b2bc18190;
T_11 ;
    %wait E_0000024b2bcd8a10;
    %pushi/vec4 0, 0, 1;
    %store/vec4 v0000024b2bd56de0_0, 0, 1;
    %load/vec4 v0000024b2bd56fc0_0;
    %dup/vec4;
    %pushi/vec4 0, 0, 3;
    %cmp/u;
    %jmp/1 T_11.0, 6;
    %dup/vec4;
    %pushi/vec4 1, 0, 3;
    %cmp/u;
    %jmp/1 T_11.1, 6;
    %dup/vec4;
    %pushi/vec4 4, 0, 3;
    %cmp/u;
    %jmp/1 T_11.2, 6;
    %dup/vec4;
    %pushi/vec4 5, 0, 3;
    %cmp/u;
    %jmp/1 T_11.3, 6;
    %dup/vec4;
    %pushi/vec4 6, 0, 3;
    %cmp/u;
    %jmp/1 T_11.4, 6;
    %dup/vec4;
    %pushi/vec4 7, 0, 3;
    %cmp/u;
    %jmp/1 T_11.5, 6;
    %pushi/vec4 0, 0, 1;
    %store/vec4 v0000024b2bd56de0_0, 0, 1;
    %jmp T_11.7;
T_11.0 ;
    %load/vec4 v0000024b2bd56e80_0;
    %load/vec4 v0000024b2bd56660_0;
    %cmp/e;
    %jmp/0xz  T_11.8, 4;
    %pushi/vec4 1, 0, 1;
    %store/vec4 v0000024b2bd56de0_0, 0, 1;
T_11.8 ;
    %jmp T_11.7;
T_11.1 ;
    %load/vec4 v0000024b2bd56e80_0;
    %load/vec4 v0000024b2bd56660_0;
    %cmp/ne;
    %jmp/0xz  T_11.10, 4;
    %pushi/vec4 1, 0, 1;
    %store/vec4 v0000024b2bd56de0_0, 0, 1;
T_11.10 ;
    %jmp T_11.7;
T_11.2 ;
    %load/vec4 v0000024b2bd56e80_0;
    %load/vec4 v0000024b2bd56660_0;
    %cmp/s;
    %jmp/0xz  T_11.12, 5;
    %pushi/vec4 1, 0, 1;
    %store/vec4 v0000024b2bd56de0_0, 0, 1;
T_11.12 ;
    %jmp T_11.7;
T_11.3 ;
    %load/vec4 v0000024b2bd56660_0;
    %load/vec4 v0000024b2bd56e80_0;
    %cmp/s;
    %flag_or 5, 4;
    %jmp/0xz  T_11.14, 5;
    %pushi/vec4 1, 0, 1;
    %store/vec4 v0000024b2bd56de0_0, 0, 1;
T_11.14 ;
    %jmp T_11.7;
T_11.4 ;
    %load/vec4 v0000024b2bd56e80_0;
    %load/vec4 v0000024b2bd56660_0;
    %cmp/u;
    %jmp/0xz  T_11.16, 5;
    %pushi/vec4 1, 0, 1;
    %store/vec4 v0000024b2bd56de0_0, 0, 1;
T_11.16 ;
    %jmp T_11.7;
T_11.5 ;
    %load/vec4 v0000024b2bd56660_0;
    %load/vec4 v0000024b2bd56e80_0;
    %cmp/u;
    %flag_or 5, 4;
    %jmp/0xz  T_11.18, 5;
    %pushi/vec4 1, 0, 1;
    %store/vec4 v0000024b2bd56de0_0, 0, 1;
T_11.18 ;
    %jmp T_11.7;
T_11.7 ;
    %pop/vec4 1;
    %jmp T_11;
    .thread T_11, $push;
    .scope S_0000024b2bc50a50;
T_12 ;
    %wait E_0000024b2bcd8910;
    %load/vec4 v0000024b2bd55940_0;
    %dup/vec4;
    %pushi/vec4 0, 0, 2;
    %cmp/u;
    %jmp/1 T_12.0, 6;
    %dup/vec4;
    %pushi/vec4 1, 0, 2;
    %cmp/u;
    %jmp/1 T_12.1, 6;
    %dup/vec4;
    %pushi/vec4 2, 0, 2;
    %cmp/u;
    %jmp/1 T_12.2, 6;
    %dup/vec4;
    %pushi/vec4 3, 0, 2;
    %cmp/u;
    %jmp/1 T_12.3, 6;
    %load/vec4 v0000024b2bd55620_0;
    %addi 4, 0, 32;
    %store/vec4 v0000024b2bd55300_0, 0, 32;
    %jmp T_12.5;
T_12.0 ;
    %load/vec4 v0000024b2bd55620_0;
    %addi 4, 0, 32;
    %store/vec4 v0000024b2bd55300_0, 0, 32;
    %jmp T_12.5;
T_12.1 ;
    %load/vec4 v0000024b2bd562a0_0;
    %flag_set/vec4 8;
    %jmp/0xz  T_12.6, 8;
    %load/vec4 v0000024b2bd55a80_0;
    %store/vec4 v0000024b2bd55300_0, 0, 32;
    %jmp T_12.7;
T_12.6 ;
    %load/vec4 v0000024b2bd55620_0;
    %addi 4, 0, 32;
    %store/vec4 v0000024b2bd55300_0, 0, 32;
T_12.7 ;
    %jmp T_12.5;
T_12.2 ;
    %load/vec4 v0000024b2bd567a0_0;
    %store/vec4 v0000024b2bd55300_0, 0, 32;
    %jmp T_12.5;
T_12.3 ;
    %load/vec4 v0000024b2bd558a0_0;
    %store/vec4 v0000024b2bd55300_0, 0, 32;
    %jmp T_12.5;
T_12.5 ;
    %pop/vec4 1;
    %jmp T_12;
    .thread T_12, $push;
    .scope S_0000024b2bd72250;
T_13 ;
    %wait E_0000024b2bcd8790;
    %load/vec4 v0000024b2bd70e50_0;
    %dup/vec4;
    %pushi/vec4 0, 0, 2;
    %cmp/u;
    %jmp/1 T_13.0, 6;
    %dup/vec4;
    %pushi/vec4 1, 0, 2;
    %cmp/u;
    %jmp/1 T_13.1, 6;
    %dup/vec4;
    %pushi/vec4 2, 0, 2;
    %cmp/u;
    %jmp/1 T_13.2, 6;
    %dup/vec4;
    %pushi/vec4 3, 0, 2;
    %cmp/u;
    %jmp/1 T_13.3, 6;
    %pushi/vec4 0, 0, 32;
    %store/vec4 v0000024b2bd6fd70_0, 0, 32;
    %jmp T_13.5;
T_13.0 ;
    %load/vec4 v0000024b2bd6fa50_0;
    %store/vec4 v0000024b2bd6fd70_0, 0, 32;
    %jmp T_13.5;
T_13.1 ;
    %load/vec4 v0000024b2bd70450_0;
    %store/vec4 v0000024b2bd6fd70_0, 0, 32;
    %jmp T_13.5;
T_13.2 ;
    %load/vec4 v0000024b2bd6f550_0;
    %store/vec4 v0000024b2bd6fd70_0, 0, 32;
    %jmp T_13.5;
T_13.3 ;
    %pushi/vec4 0, 0, 32;
    %store/vec4 v0000024b2bd6fd70_0, 0, 32;
    %jmp T_13.5;
T_13.5 ;
    %pop/vec4 1;
    %jmp T_13;
    .thread T_13, $push;
    .scope S_0000024b2bc39760;
T_14 ;
    %wait E_0000024b2bcd8490;
    %load/vec4 v0000024b2bd70950_0;
    %cmpi/e 23, 0, 7;
    %jmp/0xz  T_14.0, 4;
    %pushi/vec4 1, 0, 2;
    %store/vec4 v0000024b2bd6f870_0, 0, 2;
    %jmp T_14.1;
T_14.0 ;
    %load/vec4 v0000024b2bd70950_0;
    %cmpi/e 55, 0, 7;
    %jmp/0xz  T_14.2, 4;
    %pushi/vec4 2, 0, 2;
    %store/vec4 v0000024b2bd6f870_0, 0, 2;
    %jmp T_14.3;
T_14.2 ;
    %pushi/vec4 0, 0, 2;
    %store/vec4 v0000024b2bd6f870_0, 0, 2;
T_14.3 ;
T_14.1 ;
    %load/vec4 v0000024b2bd6f870_0;
    %dup/vec4;
    %pushi/vec4 0, 0, 2;
    %cmp/u;
    %jmp/1 T_14.4, 6;
    %dup/vec4;
    %pushi/vec4 1, 0, 2;
    %cmp/u;
    %jmp/1 T_14.5, 6;
    %dup/vec4;
    %pushi/vec4 2, 0, 2;
    %cmp/u;
    %jmp/1 T_14.6, 6;
    %pushi/vec4 0, 0, 32;
    %store/vec4 v0000024b2bd70c70_0, 0, 32;
    %jmp T_14.8;
T_14.4 ;
    %load/vec4 v0000024b2bd73c60_0;
    %store/vec4 v0000024b2bd70c70_0, 0, 32;
    %jmp T_14.8;
T_14.5 ;
    %load/vec4 v0000024b2bd70db0_0;
    %store/vec4 v0000024b2bd70c70_0, 0, 32;
    %jmp T_14.8;
T_14.6 ;
    %pushi/vec4 0, 0, 32;
    %store/vec4 v0000024b2bd70c70_0, 0, 32;
    %jmp T_14.8;
T_14.8 ;
    %pop/vec4 1;
    %jmp T_14;
    .thread T_14, $push;
    .scope S_0000024b2bc39760;
T_15 ;
    %wait E_0000024b2bcd8fd0;
    %load/vec4 v0000024b2bd70950_0;
    %cmpi/e 99, 0, 7;
    %jmp/0xz  T_15.0, 4;
    %pushi/vec4 1, 0, 2;
    %store/vec4 v0000024b2bd74b60_0, 0, 2;
    %jmp T_15.1;
T_15.0 ;
    %load/vec4 v0000024b2bd70950_0;
    %cmpi/e 111, 0, 7;
    %jmp/0xz  T_15.2, 4;
    %pushi/vec4 2, 0, 2;
    %store/vec4 v0000024b2bd74b60_0, 0, 2;
    %jmp T_15.3;
T_15.2 ;
    %load/vec4 v0000024b2bd70950_0;
    %cmpi/e 103, 0, 7;
    %jmp/0xz  T_15.4, 4;
    %pushi/vec4 3, 0, 2;
    %store/vec4 v0000024b2bd74b60_0, 0, 2;
    %jmp T_15.5;
T_15.4 ;
    %pushi/vec4 0, 0, 2;
    %store/vec4 v0000024b2bd74b60_0, 0, 2;
T_15.5 ;
T_15.3 ;
T_15.1 ;
    %jmp T_15;
    .thread T_15, $push;
    .scope S_0000024b2bc39760;
T_16 ;
    %wait E_0000024b2bcd8e90;
    %load/vec4 v0000024b2bd701d0_0;
    %flag_set/vec4 8;
    %jmp/0xz  T_16.0, 8;
    %pushi/vec4 1, 0, 2;
    %store/vec4 v0000024b2bd73940_0, 0, 2;
    %jmp T_16.1;
T_16.0 ;
    %load/vec4 v0000024b2bd70b30_0;
    %flag_set/vec4 8;
    %jmp/0xz  T_16.2, 8;
    %pushi/vec4 2, 0, 2;
    %store/vec4 v0000024b2bd73940_0, 0, 2;
    %jmp T_16.3;
T_16.2 ;
    %pushi/vec4 0, 0, 2;
    %store/vec4 v0000024b2bd73940_0, 0, 2;
T_16.3 ;
T_16.1 ;
    %jmp T_16;
    .thread T_16, $push;
    .scope S_0000024b2bcb3280;
T_17 ;
    %pushi/vec4 0, 0, 1;
    %store/vec4 v0000024b2bd73580_0, 0, 1;
T_17.0 ;
    %delay 5000, 0;
    %load/vec4 v0000024b2bd73580_0;
    %inv;
    %store/vec4 v0000024b2bd73580_0, 0, 1;
    %jmp T_17.0;
    %end;
    .thread T_17;
    .scope S_0000024b2bcb3280;
T_18 ;
    %pushi/vec4 0, 0, 32;
    %store/vec4 v0000024b2bd73e40_0, 0, 32;
    %pushi/vec4 0, 0, 32;
    %store/vec4 v0000024b2bd73a80_0, 0, 32;
    %pushi/vec4 1, 0, 1;
    %store/vec4 v0000024b2bd73da0_0, 0, 1;
    %delay 20000, 0;
    %pushi/vec4 0, 0, 1;
    %store/vec4 v0000024b2bd73da0_0, 0, 1;
    %vpi_call 2 166 "$display", "\000" {0 0 0};
    %vpi_call 2 167 "$display", "=================================================" {0 0 0};
    %vpi_call 2 168 "$display", "             RV32I CPU VERIFICATION" {0 0 0};
    %vpi_call 2 169 "$display", "=================================================" {0 0 0};
    %vpi_call 2 170 "$display", "\000" {0 0 0};
    %pushi/vec4 100, 0, 32;
T_18.0 %dup/vec4;
    %pushi/vec4 0, 0, 32;
    %cmp/s;
    %jmp/1xz T_18.1, 5;
    %jmp/1 T_18.1, 4;
    %pushi/vec4 1, 0, 32;
    %sub;
    %wait E_0000024b2bcd85d0;
    %jmp T_18.0;
T_18.1 ;
    %pop/vec4 1;
    %delay 1000, 0;
    %pushi/vec4 1, 0, 32;
    %store/vec4 v0000024b2bc969d0_0, 0, 32;
    %pushi/vec4 10, 0, 32;
    %store/vec4 v0000024b2bc96d90_0, 0, 32;
    %pushi/vec4 0, 0, 32; draw_string_vec4
    %pushi/vec4 0, 0, 32; draw_string_vec4
    %concat/vec4; draw_string_vec4
    %pushi/vec4 0, 0, 32; draw_string_vec4
    %concat/vec4; draw_string_vec4
    %pushi/vec4 0, 0, 32; draw_string_vec4
    %concat/vec4; draw_string_vec4
    %pushi/vec4 4277316, 0, 32; draw_string_vec4
    %concat/vec4; draw_string_vec4
    %pushi/vec4 1226864689, 0, 32; draw_string_vec4
    %concat/vec4; draw_string_vec4
    %pushi/vec4 740325424, 0, 32; draw_string_vec4
    %concat/vec4; draw_string_vec4
    %pushi/vec4 740307248, 0, 32; draw_string_vec4
    %concat/vec4; draw_string_vec4
    %store/vec4 v0000024b2bc96f70_0, 0, 256;
    %fork TD_rv32i_cpu_tb.check_register, S_0000024b2bcb8290;
    %join;
    %pushi/vec4 2, 0, 32;
    %store/vec4 v0000024b2bc969d0_0, 0, 32;
    %pushi/vec4 20, 0, 32;
    %store/vec4 v0000024b2bc96d90_0, 0, 32;
    %pushi/vec4 0, 0, 32; draw_string_vec4
    %pushi/vec4 0, 0, 32; draw_string_vec4
    %concat/vec4; draw_string_vec4
    %pushi/vec4 0, 0, 32; draw_string_vec4
    %concat/vec4; draw_string_vec4
    %pushi/vec4 0, 0, 32; draw_string_vec4
    %concat/vec4; draw_string_vec4
    %pushi/vec4 4277316, 0, 32; draw_string_vec4
    %concat/vec4; draw_string_vec4
    %pushi/vec4 1226864690, 0, 32; draw_string_vec4
    %concat/vec4; draw_string_vec4
    %pushi/vec4 740325424, 0, 32; draw_string_vec4
    %concat/vec4; draw_string_vec4
    %pushi/vec4 740307504, 0, 32; draw_string_vec4
    %concat/vec4; draw_string_vec4
    %store/vec4 v0000024b2bc96f70_0, 0, 256;
    %fork TD_rv32i_cpu_tb.check_register, S_0000024b2bcb8290;
    %join;
    %pushi/vec4 3, 0, 32;
    %store/vec4 v0000024b2bc969d0_0, 0, 32;
    %pushi/vec4 30, 0, 32;
    %store/vec4 v0000024b2bc96d90_0, 0, 32;
    %pushi/vec4 0, 0, 32; draw_string_vec4
    %pushi/vec4 0, 0, 32; draw_string_vec4
    %concat/vec4; draw_string_vec4
    %pushi/vec4 0, 0, 32; draw_string_vec4
    %concat/vec4; draw_string_vec4
    %pushi/vec4 0, 0, 32; draw_string_vec4
    %concat/vec4; draw_string_vec4
    %pushi/vec4 16708, 0, 32; draw_string_vec4
    %concat/vec4; draw_string_vec4
    %pushi/vec4 1142978611, 0, 32; draw_string_vec4
    %concat/vec4; draw_string_vec4
    %pushi/vec4 740325425, 0, 32; draw_string_vec4
    %concat/vec4; draw_string_vec4
    %pushi/vec4 740325426, 0, 32; draw_string_vec4
    %concat/vec4; draw_string_vec4
    %store/vec4 v0000024b2bc96f70_0, 0, 256;
    %fork TD_rv32i_cpu_tb.check_register, S_0000024b2bcb8290;
    %join;
    %pushi/vec4 4, 0, 32;
    %store/vec4 v0000024b2bc969d0_0, 0, 32;
    %pushi/vec4 10, 0, 32;
    %store/vec4 v0000024b2bc96d90_0, 0, 32;
    %pushi/vec4 0, 0, 32; draw_string_vec4
    %pushi/vec4 0, 0, 32; draw_string_vec4
    %concat/vec4; draw_string_vec4
    %pushi/vec4 0, 0, 32; draw_string_vec4
    %concat/vec4; draw_string_vec4
    %pushi/vec4 0, 0, 32; draw_string_vec4
    %concat/vec4; draw_string_vec4
    %pushi/vec4 21333, 0, 32; draw_string_vec4
    %concat/vec4; draw_string_vec4
    %pushi/vec4 1109424180, 0, 32; draw_string_vec4
    %concat/vec4; draw_string_vec4
    %pushi/vec4 740325426, 0, 32; draw_string_vec4
    %concat/vec4; draw_string_vec4
    %pushi/vec4 740325425, 0, 32; draw_string_vec4
    %concat/vec4; draw_string_vec4
    %store/vec4 v0000024b2bc96f70_0, 0, 256;
    %fork TD_rv32i_cpu_tb.check_register, S_0000024b2bcb8290;
    %join;
    %pushi/vec4 5, 0, 32;
    %store/vec4 v0000024b2bc969d0_0, 0, 32;
    %pushi/vec4 0, 0, 32;
    %store/vec4 v0000024b2bc96d90_0, 0, 32;
    %pushi/vec4 0, 0, 32; draw_string_vec4
    %pushi/vec4 0, 0, 32; draw_string_vec4
    %concat/vec4; draw_string_vec4
    %pushi/vec4 0, 0, 32; draw_string_vec4
    %concat/vec4; draw_string_vec4
    %pushi/vec4 0, 0, 32; draw_string_vec4
    %concat/vec4; draw_string_vec4
    %pushi/vec4 16718, 0, 32; draw_string_vec4
    %concat/vec4; draw_string_vec4
    %pushi/vec4 1142978613, 0, 32; draw_string_vec4
    %concat/vec4; draw_string_vec4
    %pushi/vec4 740325425, 0, 32; draw_string_vec4
    %concat/vec4; draw_string_vec4
    %pushi/vec4 740325426, 0, 32; draw_string_vec4
    %concat/vec4; draw_string_vec4
    %store/vec4 v0000024b2bc96f70_0, 0, 256;
    %fork TD_rv32i_cpu_tb.check_register, S_0000024b2bcb8290;
    %join;
    %pushi/vec4 6, 0, 32;
    %store/vec4 v0000024b2bc969d0_0, 0, 32;
    %pushi/vec4 30, 0, 32;
    %store/vec4 v0000024b2bc96d90_0, 0, 32;
    %pushi/vec4 0, 0, 32; draw_string_vec4
    %pushi/vec4 0, 0, 32; draw_string_vec4
    %concat/vec4; draw_string_vec4
    %pushi/vec4 0, 0, 32; draw_string_vec4
    %concat/vec4; draw_string_vec4
    %pushi/vec4 0, 0, 32; draw_string_vec4
    %concat/vec4; draw_string_vec4
    %pushi/vec4 79, 0, 32; draw_string_vec4
    %concat/vec4; draw_string_vec4
    %pushi/vec4 1377859638, 0, 32; draw_string_vec4
    %concat/vec4; draw_string_vec4
    %pushi/vec4 740325425, 0, 32; draw_string_vec4
    %concat/vec4; draw_string_vec4
    %pushi/vec4 740325426, 0, 32; draw_string_vec4
    %concat/vec4; draw_string_vec4
    %store/vec4 v0000024b2bc96f70_0, 0, 256;
    %fork TD_rv32i_cpu_tb.check_register, S_0000024b2bcb8290;
    %join;
    %pushi/vec4 7, 0, 32;
    %store/vec4 v0000024b2bc969d0_0, 0, 32;
    %pushi/vec4 30, 0, 32;
    %store/vec4 v0000024b2bc96d90_0, 0, 32;
    %pushi/vec4 0, 0, 32; draw_string_vec4
    %pushi/vec4 0, 0, 32; draw_string_vec4
    %concat/vec4; draw_string_vec4
    %pushi/vec4 0, 0, 32; draw_string_vec4
    %concat/vec4; draw_string_vec4
    %pushi/vec4 0, 0, 32; draw_string_vec4
    %concat/vec4; draw_string_vec4
    %pushi/vec4 22607, 0, 32; draw_string_vec4
    %concat/vec4; draw_string_vec4
    %pushi/vec4 1377859639, 0, 32; draw_string_vec4
    %concat/vec4; draw_string_vec4
    %pushi/vec4 740325425, 0, 32; draw_string_vec4
    %concat/vec4; draw_string_vec4
    %pushi/vec4 740325426, 0, 32; draw_string_vec4
    %concat/vec4; draw_string_vec4
    %store/vec4 v0000024b2bc96f70_0, 0, 256;
    %fork TD_rv32i_cpu_tb.check_register, S_0000024b2bcb8290;
    %join;
    %pushi/vec4 8, 0, 32;
    %store/vec4 v0000024b2bc969d0_0, 0, 32;
    %pushi/vec4 40, 0, 32;
    %store/vec4 v0000024b2bc96d90_0, 0, 32;
    %pushi/vec4 0, 0, 32; draw_string_vec4
    %pushi/vec4 0, 0, 32; draw_string_vec4
    %concat/vec4; draw_string_vec4
    %pushi/vec4 0, 0, 32; draw_string_vec4
    %concat/vec4; draw_string_vec4
    %pushi/vec4 0, 0, 32; draw_string_vec4
    %concat/vec4; draw_string_vec4
    %pushi/vec4 5459020, 0, 32; draw_string_vec4
    %concat/vec4; draw_string_vec4
    %pushi/vec4 544749612, 0, 32; draw_string_vec4
    %concat/vec4; draw_string_vec4
    %pushi/vec4 544747820, 0, 32; draw_string_vec4
    %concat/vec4; draw_string_vec4
    %pushi/vec4 544747832, 0, 32; draw_string_vec4
    %concat/vec4; draw_string_vec4
    %store/vec4 v0000024b2bc96f70_0, 0, 256;
    %fork TD_rv32i_cpu_tb.check_register, S_0000024b2bcb8290;
    %join;
    %pushi/vec4 9, 0, 32;
    %store/vec4 v0000024b2bc969d0_0, 0, 32;
    %pushi/vec4 10, 0, 32;
    %store/vec4 v0000024b2bc96d90_0, 0, 32;
    %pushi/vec4 0, 0, 32; draw_string_vec4
    %pushi/vec4 0, 0, 32; draw_string_vec4
    %concat/vec4; draw_string_vec4
    %pushi/vec4 0, 0, 32; draw_string_vec4
    %concat/vec4; draw_string_vec4
    %pushi/vec4 0, 0, 32; draw_string_vec4
    %concat/vec4; draw_string_vec4
    %pushi/vec4 5460556, 0, 32; draw_string_vec4
    %concat/vec4; draw_string_vec4
    %pushi/vec4 544749868, 0, 32; draw_string_vec4
    %concat/vec4; draw_string_vec4
    %pushi/vec4 544749612, 0, 32; draw_string_vec4
    %concat/vec4; draw_string_vec4
    %pushi/vec4 544747832, 0, 32; draw_string_vec4
    %concat/vec4; draw_string_vec4
    %store/vec4 v0000024b2bc96f70_0, 0, 256;
    %fork TD_rv32i_cpu_tb.check_register, S_0000024b2bcb8290;
    %join;
    %pushi/vec4 10, 0, 32;
    %store/vec4 v0000024b2bc969d0_0, 0, 32;
    %pushi/vec4 10, 0, 32;
    %store/vec4 v0000024b2bc96d90_0, 0, 32;
    %pushi/vec4 0, 0, 32; draw_string_vec4
    %pushi/vec4 0, 0, 32; draw_string_vec4
    %concat/vec4; draw_string_vec4
    %pushi/vec4 0, 0, 32; draw_string_vec4
    %concat/vec4; draw_string_vec4
    %pushi/vec4 0, 0, 32; draw_string_vec4
    %concat/vec4; draw_string_vec4
    %pushi/vec4 1397899552, 0, 32; draw_string_vec4
    %concat/vec4; draw_string_vec4
    %pushi/vec4 2016489516, 0, 32; draw_string_vec4
    %concat/vec4; draw_string_vec4
    %pushi/vec4 544749612, 0, 32; draw_string_vec4
    %concat/vec4; draw_string_vec4
    %pushi/vec4 544747832, 0, 32; draw_string_vec4
    %concat/vec4; draw_string_vec4
    %store/vec4 v0000024b2bc96f70_0, 0, 256;
    %fork TD_rv32i_cpu_tb.check_register, S_0000024b2bcb8290;
    %join;
    %pushi/vec4 11, 0, 32;
    %store/vec4 v0000024b2bc969d0_0, 0, 32;
    %pushi/vec4 1, 0, 32;
    %store/vec4 v0000024b2bc96d90_0, 0, 32;
    %pushi/vec4 0, 0, 32; draw_string_vec4
    %pushi/vec4 0, 0, 32; draw_string_vec4
    %concat/vec4; draw_string_vec4
    %pushi/vec4 0, 0, 32; draw_string_vec4
    %concat/vec4; draw_string_vec4
    %pushi/vec4 0, 0, 32; draw_string_vec4
    %concat/vec4; draw_string_vec4
    %pushi/vec4 5459028, 0, 32; draw_string_vec4
    %concat/vec4; draw_string_vec4
    %pushi/vec4 544747825, 0, 32; draw_string_vec4
    %concat/vec4; draw_string_vec4
    %pushi/vec4 740325425, 0, 32; draw_string_vec4
    %concat/vec4; draw_string_vec4
    %pushi/vec4 740325426, 0, 32; draw_string_vec4
    %concat/vec4; draw_string_vec4
    %store/vec4 v0000024b2bc96f70_0, 0, 256;
    %fork TD_rv32i_cpu_tb.check_register, S_0000024b2bcb8290;
    %join;
    %pushi/vec4 12, 0, 32;
    %store/vec4 v0000024b2bc969d0_0, 0, 32;
    %pushi/vec4 1, 0, 32;
    %store/vec4 v0000024b2bc96d90_0, 0, 32;
    %pushi/vec4 0, 0, 32; draw_string_vec4
    %pushi/vec4 0, 0, 32; draw_string_vec4
    %concat/vec4; draw_string_vec4
    %pushi/vec4 0, 0, 32; draw_string_vec4
    %concat/vec4; draw_string_vec4
    %pushi/vec4 0, 0, 32; draw_string_vec4
    %concat/vec4; draw_string_vec4
    %pushi/vec4 1397511253, 0, 32; draw_string_vec4
    %concat/vec4; draw_string_vec4
    %pushi/vec4 544747826, 0, 32; draw_string_vec4
    %concat/vec4; draw_string_vec4
    %pushi/vec4 740325425, 0, 32; draw_string_vec4
    %concat/vec4; draw_string_vec4
    %pushi/vec4 740325426, 0, 32; draw_string_vec4
    %concat/vec4; draw_string_vec4
    %store/vec4 v0000024b2bc96f70_0, 0, 256;
    %fork TD_rv32i_cpu_tb.check_register, S_0000024b2bcb8290;
    %join;
    %pushi/vec4 13, 0, 32;
    %store/vec4 v0000024b2bc969d0_0, 0, 32;
    %pushi/vec4 1, 0, 32;
    %store/vec4 v0000024b2bc96d90_0, 0, 32;
    %pushi/vec4 21324, 0, 32; draw_string_vec4
    %pushi/vec4 1411412841, 0, 32; draw_string_vec4
    %concat/vec4; draw_string_vec4
    %pushi/vec4 1735288164, 0, 32; draw_string_vec4
    %concat/vec4; draw_string_vec4
    %pushi/vec4 544105831, 0, 32; draw_string_vec4
    %concat/vec4; draw_string_vec4
    %pushi/vec4 1635019126, 0, 32; draw_string_vec4
    %concat/vec4; draw_string_vec4
    %pushi/vec4 1696621423, 0, 32; draw_string_vec4
    %concat/vec4; draw_string_vec4
    %pushi/vec4 1836081522, 0, 32; draw_string_vec4
    %concat/vec4; draw_string_vec4
    %pushi/vec4 1769172846, 0, 32; draw_string_vec4
    %concat/vec4; draw_string_vec4
    %store/vec4 v0000024b2bc96f70_0, 0, 256;
    %fork TD_rv32i_cpu_tb.check_register, S_0000024b2bcb8290;
    %join;
    %pushi/vec4 14, 0, 32;
    %store/vec4 v0000024b2bc969d0_0, 0, 32;
    %pushi/vec4 0, 0, 32;
    %store/vec4 v0000024b2bc96d90_0, 0, 32;
    %pushi/vec4 2829730022, 0, 33;
    %concati/vec4 3536772298, 0, 32;
    %concati/vec4 3361391826, 0, 32;
    %concati/vec4 3898269890, 0, 32;
    %concati/vec4 3907570404, 0, 32;
    %concati/vec4 3695232734, 0, 32;
    %concati/vec4 3672163044, 0, 32;
    %concati/vec4 1769172846, 0, 31;
    %store/vec4 v0000024b2bc96f70_0, 0, 256;
    %fork TD_rv32i_cpu_tb.check_register, S_0000024b2bcb8290;
    %join;
    %pushi/vec4 15, 0, 32;
    %store/vec4 v0000024b2bc969d0_0, 0, 32;
    %pushi/vec4 40, 0, 32;
    %store/vec4 v0000024b2bc96d90_0, 0, 32;
    %pushi/vec4 0, 0, 32; draw_string_vec4
    %pushi/vec4 0, 0, 32; draw_string_vec4
    %concat/vec4; draw_string_vec4
    %pushi/vec4 0, 0, 32; draw_string_vec4
    %concat/vec4; draw_string_vec4
    %pushi/vec4 0, 0, 32; draw_string_vec4
    %concat/vec4; draw_string_vec4
    %pushi/vec4 0, 0, 32; draw_string_vec4
    %concat/vec4; draw_string_vec4
    %pushi/vec4 0, 0, 32; draw_string_vec4
    %concat/vec4; draw_string_vec4
    %pushi/vec4 1397509193, 0, 32; draw_string_vec4
    %concat/vec4; draw_string_vec4
    %pushi/vec4 544747829, 0, 32; draw_string_vec4
    %concat/vec4; draw_string_vec4
    %store/vec4 v0000024b2bc96f70_0, 0, 256;
    %fork TD_rv32i_cpu_tb.check_register, S_0000024b2bcb8290;
    %join;
    %pushi/vec4 16, 0, 32;
    %store/vec4 v0000024b2bc969d0_0, 0, 32;
    %pushi/vec4 10, 0, 32;
    %store/vec4 v0000024b2bc96d90_0, 0, 32;
    %pushi/vec4 0, 0, 32; draw_string_vec4
    %pushi/vec4 0, 0, 32; draw_string_vec4
    %concat/vec4; draw_string_vec4
    %pushi/vec4 0, 0, 32; draw_string_vec4
    %concat/vec4; draw_string_vec4
    %pushi/vec4 0, 0, 32; draw_string_vec4
    %concat/vec4; draw_string_vec4
    %pushi/vec4 0, 0, 32; draw_string_vec4
    %concat/vec4; draw_string_vec4
    %pushi/vec4 0, 0, 32; draw_string_vec4
    %concat/vec4; draw_string_vec4
    %pushi/vec4 1397902409, 0, 32; draw_string_vec4
    %concat/vec4; draw_string_vec4
    %pushi/vec4 544747830, 0, 32; draw_string_vec4
    %concat/vec4; draw_string_vec4
    %store/vec4 v0000024b2bc96f70_0, 0, 256;
    %fork TD_rv32i_cpu_tb.check_register, S_0000024b2bcb8290;
    %join;
    %pushi/vec4 17, 0, 32;
    %store/vec4 v0000024b2bc969d0_0, 0, 32;
    %pushi/vec4 4294967295, 0, 32;
    %store/vec4 v0000024b2bc96d90_0, 0, 32;
    %pushi/vec4 0, 0, 32; draw_string_vec4
    %pushi/vec4 0, 0, 32; draw_string_vec4
    %concat/vec4; draw_string_vec4
    %pushi/vec4 0, 0, 32; draw_string_vec4
    %concat/vec4; draw_string_vec4
    %pushi/vec4 0, 0, 32; draw_string_vec4
    %concat/vec4; draw_string_vec4
    %pushi/vec4 0, 0, 32; draw_string_vec4
    %concat/vec4; draw_string_vec4
    %pushi/vec4 0, 0, 32; draw_string_vec4
    %concat/vec4; draw_string_vec4
    %pushi/vec4 1397899593, 0, 32; draw_string_vec4
    %concat/vec4; draw_string_vec4
    %pushi/vec4 544747831, 0, 32; draw_string_vec4
    %concat/vec4; draw_string_vec4
    %store/vec4 v0000024b2bc96f70_0, 0, 256;
    %fork TD_rv32i_cpu_tb.check_register, S_0000024b2bcb8290;
    %join;
    %pushi/vec4 20, 0, 32;
    %store/vec4 v0000024b2bc969d0_0, 0, 32;
    %pushi/vec4 4, 0, 32;
    %store/vec4 v0000024b2bc96d90_0, 0, 32;
    %pushi/vec4 0, 0, 32; draw_string_vec4
    %pushi/vec4 0, 0, 32; draw_string_vec4
    %concat/vec4; draw_string_vec4
    %pushi/vec4 0, 0, 32; draw_string_vec4
    %concat/vec4; draw_string_vec4
    %pushi/vec4 0, 0, 32; draw_string_vec4
    %concat/vec4; draw_string_vec4
    %pushi/vec4 0, 0, 32; draw_string_vec4
    %concat/vec4; draw_string_vec4
    %pushi/vec4 0, 0, 32; draw_string_vec4
    %concat/vec4; draw_string_vec4
    %pushi/vec4 1095648329, 0, 32; draw_string_vec4
    %concat/vec4; draw_string_vec4
    %pushi/vec4 544748080, 0, 32; draw_string_vec4
    %concat/vec4; draw_string_vec4
    %store/vec4 v0000024b2bc96f70_0, 0, 256;
    %fork TD_rv32i_cpu_tb.check_register, S_0000024b2bcb8290;
    %join;
    %pushi/vec4 21, 0, 32;
    %store/vec4 v0000024b2bc969d0_0, 0, 32;
    %pushi/vec4 30, 0, 32;
    %store/vec4 v0000024b2bc96d90_0, 0, 32;
    %pushi/vec4 0, 0, 32; draw_string_vec4
    %pushi/vec4 0, 0, 32; draw_string_vec4
    %concat/vec4; draw_string_vec4
    %pushi/vec4 0, 0, 32; draw_string_vec4
    %concat/vec4; draw_string_vec4
    %pushi/vec4 0, 0, 32; draw_string_vec4
    %concat/vec4; draw_string_vec4
    %pushi/vec4 0, 0, 32; draw_string_vec4
    %concat/vec4; draw_string_vec4
    %pushi/vec4 0, 0, 32; draw_string_vec4
    %concat/vec4; draw_string_vec4
    %pushi/vec4 5198409, 0, 32; draw_string_vec4
    %concat/vec4; draw_string_vec4
    %pushi/vec4 544748081, 0, 32; draw_string_vec4
    %concat/vec4; draw_string_vec4
    %store/vec4 v0000024b2bc96f70_0, 0, 256;
    %fork TD_rv32i_cpu_tb.check_register, S_0000024b2bcb8290;
    %join;
    %pushi/vec4 22, 0, 32;
    %store/vec4 v0000024b2bc969d0_0, 0, 32;
    %pushi/vec4 27, 0, 32;
    %store/vec4 v0000024b2bc96d90_0, 0, 32;
    %pushi/vec4 0, 0, 32; draw_string_vec4
    %pushi/vec4 0, 0, 32; draw_string_vec4
    %concat/vec4; draw_string_vec4
    %pushi/vec4 0, 0, 32; draw_string_vec4
    %concat/vec4; draw_string_vec4
    %pushi/vec4 0, 0, 32; draw_string_vec4
    %concat/vec4; draw_string_vec4
    %pushi/vec4 0, 0, 32; draw_string_vec4
    %concat/vec4; draw_string_vec4
    %pushi/vec4 0, 0, 32; draw_string_vec4
    %concat/vec4; draw_string_vec4
    %pushi/vec4 1481593417, 0, 32; draw_string_vec4
    %concat/vec4; draw_string_vec4
    %pushi/vec4 544748082, 0, 32; draw_string_vec4
    %concat/vec4; draw_string_vec4
    %store/vec4 v0000024b2bc96f70_0, 0, 256;
    %fork TD_rv32i_cpu_tb.check_register, S_0000024b2bcb8290;
    %join;
    %pushi/vec4 23, 0, 32;
    %store/vec4 v0000024b2bc969d0_0, 0, 32;
    %pushi/vec4 30, 0, 32;
    %store/vec4 v0000024b2bc96d90_0, 0, 32;
    %pushi/vec4 0, 0, 32; draw_string_vec4
    %pushi/vec4 0, 0, 32; draw_string_vec4
    %concat/vec4; draw_string_vec4
    %pushi/vec4 0, 0, 32; draw_string_vec4
    %concat/vec4; draw_string_vec4
    %pushi/vec4 0, 0, 32; draw_string_vec4
    %concat/vec4; draw_string_vec4
    %pushi/vec4 76, 0, 32; draw_string_vec4
    %concat/vec4; draw_string_vec4
    %pushi/vec4 1461745714, 0, 32; draw_string_vec4
    %concat/vec4; draw_string_vec4
    %pushi/vec4 858529840, 0, 32; draw_string_vec4
    %concat/vec4; draw_string_vec4
    %pushi/vec4 678965289, 0, 32; draw_string_vec4
    %concat/vec4; draw_string_vec4
    %store/vec4 v0000024b2bc96f70_0, 0, 256;
    %fork TD_rv32i_cpu_tb.check_register, S_0000024b2bcb8290;
    %join;
    %pushi/vec4 24, 0, 32;
    %store/vec4 v0000024b2bc969d0_0, 0, 32;
    %pushi/vec4 4294967295, 0, 32;
    %store/vec4 v0000024b2bc96d90_0, 0, 32;
    %pushi/vec4 0, 0, 32; draw_string_vec4
    %pushi/vec4 0, 0, 32; draw_string_vec4
    %concat/vec4; draw_string_vec4
    %pushi/vec4 0, 0, 32; draw_string_vec4
    %concat/vec4; draw_string_vec4
    %pushi/vec4 76, 0, 32; draw_string_vec4
    %concat/vec4; draw_string_vec4
    %pushi/vec4 1210086249, 0, 32; draw_string_vec4
    %concat/vec4; draw_string_vec4
    %pushi/vec4 1735270501, 0, 32; draw_string_vec4
    %concat/vec4; draw_string_vec4
    %pushi/vec4 2020894062, 0, 32; draw_string_vec4
    %concat/vec4; draw_string_vec4
    %pushi/vec4 1936289646, 0, 32; draw_string_vec4
    %concat/vec4; draw_string_vec4
    %store/vec4 v0000024b2bc96f70_0, 0, 256;
    %fork TD_rv32i_cpu_tb.check_register, S_0000024b2bcb8290;
    %join;
    %pushi/vec4 18, 0, 32;
    %store/vec4 v0000024b2bc969d0_0, 0, 32;
    %pushi/vec4 65535, 0, 32;
    %store/vec4 v0000024b2bc96d90_0, 0, 32;
    %pushi/vec4 0, 0, 32; draw_string_vec4
    %pushi/vec4 0, 0, 32; draw_string_vec4
    %concat/vec4; draw_string_vec4
    %pushi/vec4 0, 0, 32; draw_string_vec4
    %concat/vec4; draw_string_vec4
    %pushi/vec4 19528, 0, 32; draw_string_vec4
    %concat/vec4; draw_string_vec4
    %pushi/vec4 1428191845, 0, 32; draw_string_vec4
    %concat/vec4; draw_string_vec4
    %pushi/vec4 1919885413, 0, 32; draw_string_vec4
    %concat/vec4; draw_string_vec4
    %pushi/vec4 2020894062, 0, 32; draw_string_vec4
    %concat/vec4; draw_string_vec4
    %pushi/vec4 1936289646, 0, 32; draw_string_vec4
    %concat/vec4; draw_string_vec4
    %store/vec4 v0000024b2bc96f70_0, 0, 256;
    %fork TD_rv32i_cpu_tb.check_register, S_0000024b2bcb8290;
    %join;
    %pushi/vec4 25, 0, 32;
    %store/vec4 v0000024b2bc969d0_0, 0, 32;
    %pushi/vec4 4294967295, 0, 32;
    %store/vec4 v0000024b2bc96d90_0, 0, 32;
    %pushi/vec4 0, 0, 32; draw_string_vec4
    %pushi/vec4 0, 0, 32; draw_string_vec4
    %concat/vec4; draw_string_vec4
    %pushi/vec4 0, 0, 32; draw_string_vec4
    %concat/vec4; draw_string_vec4
    %pushi/vec4 76, 0, 32; draw_string_vec4
    %concat/vec4; draw_string_vec4
    %pushi/vec4 1109422953, 0, 32; draw_string_vec4
    %concat/vec4; draw_string_vec4
    %pushi/vec4 1735270501, 0, 32; draw_string_vec4
    %concat/vec4; draw_string_vec4
    %pushi/vec4 2020894062, 0, 32; draw_string_vec4
    %concat/vec4; draw_string_vec4
    %pushi/vec4 1936289646, 0, 32; draw_string_vec4
    %concat/vec4; draw_string_vec4
    %store/vec4 v0000024b2bc96f70_0, 0, 256;
    %fork TD_rv32i_cpu_tb.check_register, S_0000024b2bcb8290;
    %join;
    %pushi/vec4 26, 0, 32;
    %store/vec4 v0000024b2bc969d0_0, 0, 32;
    %pushi/vec4 255, 0, 32;
    %store/vec4 v0000024b2bc96d90_0, 0, 32;
    %pushi/vec4 0, 0, 32; draw_string_vec4
    %pushi/vec4 0, 0, 32; draw_string_vec4
    %concat/vec4; draw_string_vec4
    %pushi/vec4 0, 0, 32; draw_string_vec4
    %concat/vec4; draw_string_vec4
    %pushi/vec4 19522, 0, 32; draw_string_vec4
    %concat/vec4; draw_string_vec4
    %pushi/vec4 1428191845, 0, 32; draw_string_vec4
    %concat/vec4; draw_string_vec4
    %pushi/vec4 1919885413, 0, 32; draw_string_vec4
    %concat/vec4; draw_string_vec4
    %pushi/vec4 2020894062, 0, 32; draw_string_vec4
    %concat/vec4; draw_string_vec4
    %pushi/vec4 1936289646, 0, 32; draw_string_vec4
    %concat/vec4; draw_string_vec4
    %store/vec4 v0000024b2bc96f70_0, 0, 256;
    %fork TD_rv32i_cpu_tb.check_register, S_0000024b2bcb8290;
    %join;
    %pushi/vec4 32, 0, 32;
    %store/vec4 v0000024b2bc95f30_0, 0, 32;
    %pushi/vec4 1, 0, 8;
    %store/vec4 v0000024b2bc950d0_0, 0, 8;
    %pushi/vec4 0, 0, 32; draw_string_vec4
    %pushi/vec4 0, 0, 32; draw_string_vec4
    %concat/vec4; draw_string_vec4
    %pushi/vec4 0, 0, 32; draw_string_vec4
    %concat/vec4; draw_string_vec4
    %pushi/vec4 0, 0, 32; draw_string_vec4
    %concat/vec4; draw_string_vec4
    %pushi/vec4 0, 0, 32; draw_string_vec4
    %concat/vec4; draw_string_vec4
    %pushi/vec4 66, 0, 32; draw_string_vec4
    %concat/vec4; draw_string_vec4
    %pushi/vec4 1162944628, 0, 32; draw_string_vec4
    %concat/vec4; draw_string_vec4
    %pushi/vec4 1634428270, 0, 32; draw_string_vec4
    %concat/vec4; draw_string_vec4
    %store/vec4 v0000024b2bc95e90_0, 0, 256;
    %fork TD_rv32i_cpu_tb.check_memory_byte, S_0000024b2bcb8100;
    %join;
    %pushi/vec4 36, 0, 32;
    %store/vec4 v0000024b2bc95f30_0, 0, 32;
    %pushi/vec4 0, 0, 8;
    %store/vec4 v0000024b2bc950d0_0, 0, 8;
    %pushi/vec4 0, 0, 32; draw_string_vec4
    %pushi/vec4 0, 0, 32; draw_string_vec4
    %concat/vec4; draw_string_vec4
    %pushi/vec4 0, 0, 32; draw_string_vec4
    %concat/vec4; draw_string_vec4
    %pushi/vec4 0, 0, 32; draw_string_vec4
    %concat/vec4; draw_string_vec4
    %pushi/vec4 66, 0, 32; draw_string_vec4
    %concat/vec4; draw_string_vec4
    %pushi/vec4 1313153134, 0, 32; draw_string_vec4
    %concat/vec4; draw_string_vec4
    %pushi/vec4 1869881460, 0, 32; draw_string_vec4
    %concat/vec4; draw_string_vec4
    %pushi/vec4 1634428270, 0, 32; draw_string_vec4
    %concat/vec4; draw_string_vec4
    %store/vec4 v0000024b2bc95e90_0, 0, 256;
    %fork TD_rv32i_cpu_tb.check_memory_byte, S_0000024b2bcb8100;
    %join;
    %pushi/vec4 40, 0, 32;
    %store/vec4 v0000024b2bc95f30_0, 0, 32;
    %pushi/vec4 1, 0, 8;
    %store/vec4 v0000024b2bc950d0_0, 0, 8;
    %pushi/vec4 0, 0, 32; draw_string_vec4
    %pushi/vec4 0, 0, 32; draw_string_vec4
    %concat/vec4; draw_string_vec4
    %pushi/vec4 0, 0, 32; draw_string_vec4
    %concat/vec4; draw_string_vec4
    %pushi/vec4 0, 0, 32; draw_string_vec4
    %concat/vec4; draw_string_vec4
    %pushi/vec4 0, 0, 32; draw_string_vec4
    %concat/vec4; draw_string_vec4
    %pushi/vec4 66, 0, 32; draw_string_vec4
    %concat/vec4; draw_string_vec4
    %pushi/vec4 1280581748, 0, 32; draw_string_vec4
    %concat/vec4; draw_string_vec4
    %pushi/vec4 1634428270, 0, 32; draw_string_vec4
    %concat/vec4; draw_string_vec4
    %store/vec4 v0000024b2bc95e90_0, 0, 256;
    %fork TD_rv32i_cpu_tb.check_memory_byte, S_0000024b2bcb8100;
    %join;
    %pushi/vec4 44, 0, 32;
    %store/vec4 v0000024b2bc95f30_0, 0, 32;
    %pushi/vec4 0, 0, 8;
    %store/vec4 v0000024b2bc950d0_0, 0, 8;
    %pushi/vec4 0, 0, 32; draw_string_vec4
    %pushi/vec4 0, 0, 32; draw_string_vec4
    %concat/vec4; draw_string_vec4
    %pushi/vec4 0, 0, 32; draw_string_vec4
    %concat/vec4; draw_string_vec4
    %pushi/vec4 0, 0, 32; draw_string_vec4
    %concat/vec4; draw_string_vec4
    %pushi/vec4 66, 0, 32; draw_string_vec4
    %concat/vec4; draw_string_vec4
    %pushi/vec4 1195712622, 0, 32; draw_string_vec4
    %concat/vec4; draw_string_vec4
    %pushi/vec4 1869881460, 0, 32; draw_string_vec4
    %concat/vec4; draw_string_vec4
    %pushi/vec4 1634428270, 0, 32; draw_string_vec4
    %concat/vec4; draw_string_vec4
    %store/vec4 v0000024b2bc95e90_0, 0, 256;
    %fork TD_rv32i_cpu_tb.check_memory_byte, S_0000024b2bcb8100;
    %join;
    %pushi/vec4 48, 0, 32;
    %store/vec4 v0000024b2bc95f30_0, 0, 32;
    %pushi/vec4 1, 0, 8;
    %store/vec4 v0000024b2bc950d0_0, 0, 8;
    %pushi/vec4 0, 0, 32; draw_string_vec4
    %pushi/vec4 0, 0, 32; draw_string_vec4
    %concat/vec4; draw_string_vec4
    %pushi/vec4 0, 0, 32; draw_string_vec4
    %concat/vec4; draw_string_vec4
    %pushi/vec4 0, 0, 32; draw_string_vec4
    %concat/vec4; draw_string_vec4
    %pushi/vec4 0, 0, 32; draw_string_vec4
    %concat/vec4; draw_string_vec4
    %pushi/vec4 16972, 0, 32; draw_string_vec4
    %concat/vec4; draw_string_vec4
    %pushi/vec4 1414865012, 0, 32; draw_string_vec4
    %concat/vec4; draw_string_vec4
    %pushi/vec4 1634428270, 0, 32; draw_string_vec4
    %concat/vec4; draw_string_vec4
    %store/vec4 v0000024b2bc95e90_0, 0, 256;
    %fork TD_rv32i_cpu_tb.check_memory_byte, S_0000024b2bcb8100;
    %join;
    %pushi/vec4 52, 0, 32;
    %store/vec4 v0000024b2bc95f30_0, 0, 32;
    %pushi/vec4 0, 0, 8;
    %store/vec4 v0000024b2bc950d0_0, 0, 8;
    %pushi/vec4 0, 0, 32; draw_string_vec4
    %pushi/vec4 0, 0, 32; draw_string_vec4
    %concat/vec4; draw_string_vec4
    %pushi/vec4 0, 0, 32; draw_string_vec4
    %concat/vec4; draw_string_vec4
    %pushi/vec4 0, 0, 32; draw_string_vec4
    %concat/vec4; draw_string_vec4
    %pushi/vec4 16967, 0, 32; draw_string_vec4
    %concat/vec4; draw_string_vec4
    %pushi/vec4 1163206766, 0, 32; draw_string_vec4
    %concat/vec4; draw_string_vec4
    %pushi/vec4 1869881460, 0, 32; draw_string_vec4
    %concat/vec4; draw_string_vec4
    %pushi/vec4 1634428270, 0, 32; draw_string_vec4
    %concat/vec4; draw_string_vec4
    %store/vec4 v0000024b2bc95e90_0, 0, 256;
    %fork TD_rv32i_cpu_tb.check_memory_byte, S_0000024b2bcb8100;
    %join;
    %pushi/vec4 56, 0, 32;
    %store/vec4 v0000024b2bc95f30_0, 0, 32;
    %pushi/vec4 232, 0, 8;
    %store/vec4 v0000024b2bc950d0_0, 0, 8;
    %pushi/vec4 0, 0, 32; draw_string_vec4
    %pushi/vec4 74, 0, 32; draw_string_vec4
    %concat/vec4; draw_string_vec4
    %pushi/vec4 1095508082, 0, 32; draw_string_vec4
    %concat/vec4; draw_string_vec4
    %pushi/vec4 1702131058, 0, 32; draw_string_vec4
    %concat/vec4; draw_string_vec4
    %pushi/vec4 1847615844, 0, 32; draw_string_vec4
    %concat/vec4; draw_string_vec4
    %pushi/vec4 1685218675, 0, 32; draw_string_vec4
    %concat/vec4; draw_string_vec4
    %pushi/vec4 1931502201, 0, 32; draw_string_vec4
    %concat/vec4; draw_string_vec4
    %pushi/vec4 1952784432, 0, 32; draw_string_vec4
    %concat/vec4; draw_string_vec4
    %store/vec4 v0000024b2bc95e90_0, 0, 256;
    %fork TD_rv32i_cpu_tb.check_memory_byte, S_0000024b2bcb8100;
    %join;
    %pushi/vec4 57, 0, 32;
    %store/vec4 v0000024b2bc95f30_0, 0, 32;
    %pushi/vec4 0, 0, 8;
    %store/vec4 v0000024b2bc950d0_0, 0, 8;
    %pushi/vec4 0, 0, 32; draw_string_vec4
    %pushi/vec4 74, 0, 32; draw_string_vec4
    %concat/vec4; draw_string_vec4
    %pushi/vec4 1095508082, 0, 32; draw_string_vec4
    %concat/vec4; draw_string_vec4
    %pushi/vec4 1702131058, 0, 32; draw_string_vec4
    %concat/vec4; draw_string_vec4
    %pushi/vec4 1847615844, 0, 32; draw_string_vec4
    %concat/vec4; draw_string_vec4
    %pushi/vec4 1685218675, 0, 32; draw_string_vec4
    %concat/vec4; draw_string_vec4
    %pushi/vec4 1931502201, 0, 32; draw_string_vec4
    %concat/vec4; draw_string_vec4
    %pushi/vec4 1952784433, 0, 32; draw_string_vec4
    %concat/vec4; draw_string_vec4
    %store/vec4 v0000024b2bc95e90_0, 0, 256;
    %fork TD_rv32i_cpu_tb.check_memory_byte, S_0000024b2bcb8100;
    %join;
    %pushi/vec4 58, 0, 32;
    %store/vec4 v0000024b2bc95f30_0, 0, 32;
    %pushi/vec4 0, 0, 8;
    %store/vec4 v0000024b2bc950d0_0, 0, 8;
    %pushi/vec4 0, 0, 32; draw_string_vec4
    %pushi/vec4 74, 0, 32; draw_string_vec4
    %concat/vec4; draw_string_vec4
    %pushi/vec4 1095508082, 0, 32; draw_string_vec4
    %concat/vec4; draw_string_vec4
    %pushi/vec4 1702131058, 0, 32; draw_string_vec4
    %concat/vec4; draw_string_vec4
    %pushi/vec4 1847615844, 0, 32; draw_string_vec4
    %concat/vec4; draw_string_vec4
    %pushi/vec4 1685218675, 0, 32; draw_string_vec4
    %concat/vec4; draw_string_vec4
    %pushi/vec4 1931502201, 0, 32; draw_string_vec4
    %concat/vec4; draw_string_vec4
    %pushi/vec4 1952784434, 0, 32; draw_string_vec4
    %concat/vec4; draw_string_vec4
    %store/vec4 v0000024b2bc95e90_0, 0, 256;
    %fork TD_rv32i_cpu_tb.check_memory_byte, S_0000024b2bcb8100;
    %join;
    %pushi/vec4 59, 0, 32;
    %store/vec4 v0000024b2bc95f30_0, 0, 32;
    %pushi/vec4 0, 0, 8;
    %store/vec4 v0000024b2bc950d0_0, 0, 8;
    %pushi/vec4 0, 0, 32; draw_string_vec4
    %pushi/vec4 74, 0, 32; draw_string_vec4
    %concat/vec4; draw_string_vec4
    %pushi/vec4 1095508082, 0, 32; draw_string_vec4
    %concat/vec4; draw_string_vec4
    %pushi/vec4 1702131058, 0, 32; draw_string_vec4
    %concat/vec4; draw_string_vec4
    %pushi/vec4 1847615844, 0, 32; draw_string_vec4
    %concat/vec4; draw_string_vec4
    %pushi/vec4 1685218675, 0, 32; draw_string_vec4
    %concat/vec4; draw_string_vec4
    %pushi/vec4 1931502201, 0, 32; draw_string_vec4
    %concat/vec4; draw_string_vec4
    %pushi/vec4 1952784435, 0, 32; draw_string_vec4
    %concat/vec4; draw_string_vec4
    %store/vec4 v0000024b2bc95e90_0, 0, 256;
    %fork TD_rv32i_cpu_tb.check_memory_byte, S_0000024b2bcb8100;
    %join;
    %pushi/vec4 60, 0, 32;
    %store/vec4 v0000024b2bc95f30_0, 0, 32;
    %pushi/vec4 248, 0, 8;
    %store/vec4 v0000024b2bc950d0_0, 0, 8;
    %pushi/vec4 0, 0, 32; draw_string_vec4
    %pushi/vec4 19009, 0, 32; draw_string_vec4
    %concat/vec4; draw_string_vec4
    %pushi/vec4 1280450674, 0, 32; draw_string_vec4
    %concat/vec4; draw_string_vec4
    %pushi/vec4 1702131058, 0, 32; draw_string_vec4
    %concat/vec4; draw_string_vec4
    %pushi/vec4 1847615844, 0, 32; draw_string_vec4
    %concat/vec4; draw_string_vec4
    %pushi/vec4 1685218675, 0, 32; draw_string_vec4
    %concat/vec4; draw_string_vec4
    %pushi/vec4 1931502201, 0, 32; draw_string_vec4
    %concat/vec4; draw_string_vec4
    %pushi/vec4 1952784432, 0, 32; draw_string_vec4
    %concat/vec4; draw_string_vec4
    %store/vec4 v0000024b2bc95e90_0, 0, 256;
    %fork TD_rv32i_cpu_tb.check_memory_byte, S_0000024b2bcb8100;
    %join;
    %pushi/vec4 61, 0, 32;
    %store/vec4 v0000024b2bc95f30_0, 0, 32;
    %pushi/vec4 0, 0, 8;
    %store/vec4 v0000024b2bc950d0_0, 0, 8;
    %pushi/vec4 0, 0, 32; draw_string_vec4
    %pushi/vec4 19009, 0, 32; draw_string_vec4
    %concat/vec4; draw_string_vec4
    %pushi/vec4 1280450674, 0, 32; draw_string_vec4
    %concat/vec4; draw_string_vec4
    %pushi/vec4 1702131058, 0, 32; draw_string_vec4
    %concat/vec4; draw_string_vec4
    %pushi/vec4 1847615844, 0, 32; draw_string_vec4
    %concat/vec4; draw_string_vec4
    %pushi/vec4 1685218675, 0, 32; draw_string_vec4
    %concat/vec4; draw_string_vec4
    %pushi/vec4 1931502201, 0, 32; draw_string_vec4
    %concat/vec4; draw_string_vec4
    %pushi/vec4 1952784433, 0, 32; draw_string_vec4
    %concat/vec4; draw_string_vec4
    %store/vec4 v0000024b2bc95e90_0, 0, 256;
    %fork TD_rv32i_cpu_tb.check_memory_byte, S_0000024b2bcb8100;
    %join;
    %pushi/vec4 62, 0, 32;
    %store/vec4 v0000024b2bc95f30_0, 0, 32;
    %pushi/vec4 0, 0, 8;
    %store/vec4 v0000024b2bc950d0_0, 0, 8;
    %pushi/vec4 0, 0, 32; draw_string_vec4
    %pushi/vec4 19009, 0, 32; draw_string_vec4
    %concat/vec4; draw_string_vec4
    %pushi/vec4 1280450674, 0, 32; draw_string_vec4
    %concat/vec4; draw_string_vec4
    %pushi/vec4 1702131058, 0, 32; draw_string_vec4
    %concat/vec4; draw_string_vec4
    %pushi/vec4 1847615844, 0, 32; draw_string_vec4
    %concat/vec4; draw_string_vec4
    %pushi/vec4 1685218675, 0, 32; draw_string_vec4
    %concat/vec4; draw_string_vec4
    %pushi/vec4 1931502201, 0, 32; draw_string_vec4
    %concat/vec4; draw_string_vec4
    %pushi/vec4 1952784434, 0, 32; draw_string_vec4
    %concat/vec4; draw_string_vec4
    %store/vec4 v0000024b2bc95e90_0, 0, 256;
    %fork TD_rv32i_cpu_tb.check_memory_byte, S_0000024b2bcb8100;
    %join;
    %pushi/vec4 63, 0, 32;
    %store/vec4 v0000024b2bc95f30_0, 0, 32;
    %pushi/vec4 0, 0, 8;
    %store/vec4 v0000024b2bc950d0_0, 0, 8;
    %pushi/vec4 0, 0, 32; draw_string_vec4
    %pushi/vec4 19009, 0, 32; draw_string_vec4
    %concat/vec4; draw_string_vec4
    %pushi/vec4 1280450674, 0, 32; draw_string_vec4
    %concat/vec4; draw_string_vec4
    %pushi/vec4 1702131058, 0, 32; draw_string_vec4
    %concat/vec4; draw_string_vec4
    %pushi/vec4 1847615844, 0, 32; draw_string_vec4
    %concat/vec4; draw_string_vec4
    %pushi/vec4 1685218675, 0, 32; draw_string_vec4
    %concat/vec4; draw_string_vec4
    %pushi/vec4 1931502201, 0, 32; draw_string_vec4
    %concat/vec4; draw_string_vec4
    %pushi/vec4 1952784435, 0, 32; draw_string_vec4
    %concat/vec4; draw_string_vec4
    %store/vec4 v0000024b2bc95e90_0, 0, 256;
    %fork TD_rv32i_cpu_tb.check_memory_byte, S_0000024b2bcb8100;
    %join;
    %pushi/vec4 30, 0, 32;
    %store/vec4 v0000024b2bc969d0_0, 0, 32;
    %pushi/vec4 305418240, 0, 32;
    %store/vec4 v0000024b2bc96d90_0, 0, 32;
    %pushi/vec4 0, 0, 32; draw_string_vec4
    %pushi/vec4 0, 0, 32; draw_string_vec4
    %concat/vec4; draw_string_vec4
    %pushi/vec4 0, 0, 32; draw_string_vec4
    %concat/vec4; draw_string_vec4
    %pushi/vec4 0, 0, 32; draw_string_vec4
    %concat/vec4; draw_string_vec4
    %pushi/vec4 1280657696, 0, 32; draw_string_vec4
    %concat/vec4; draw_string_vec4
    %pushi/vec4 2016620588, 0, 32; draw_string_vec4
    %concat/vec4; draw_string_vec4
    %pushi/vec4 540047409, 0, 32; draw_string_vec4
    %concat/vec4; draw_string_vec4
    %pushi/vec4 842216501, 0, 32; draw_string_vec4
    %concat/vec4; draw_string_vec4
    %store/vec4 v0000024b2bc96f70_0, 0, 256;
    %fork TD_rv32i_cpu_tb.check_register, S_0000024b2bcb8290;
    %join;
    %pushi/vec4 31, 0, 32;
    %store/vec4 v0000024b2bc969d0_0, 0, 32;
    %pushi/vec4 4356, 0, 32;
    %store/vec4 v0000024b2bc96d90_0, 0, 32;
    %pushi/vec4 0, 0, 32; draw_string_vec4
    %pushi/vec4 0, 0, 32; draw_string_vec4
    %concat/vec4; draw_string_vec4
    %pushi/vec4 0, 0, 32; draw_string_vec4
    %concat/vec4; draw_string_vec4
    %pushi/vec4 0, 0, 32; draw_string_vec4
    %concat/vec4; draw_string_vec4
    %pushi/vec4 16725, 0, 32; draw_string_vec4
    %concat/vec4; draw_string_vec4
    %pushi/vec4 1229996832, 0, 32; draw_string_vec4
    %concat/vec4; draw_string_vec4
    %pushi/vec4 2016620844, 0, 32; draw_string_vec4
    %concat/vec4; draw_string_vec4
    %pushi/vec4 540047409, 0, 32; draw_string_vec4
    %concat/vec4; draw_string_vec4
    %store/vec4 v0000024b2bc96f70_0, 0, 256;
    %fork TD_rv32i_cpu_tb.check_register, S_0000024b2bcb8290;
    %join;
    %pushi/vec4 0, 0, 32;
    %store/vec4 v0000024b2bc95f30_0, 0, 32;
    %pushi/vec4 30, 0, 8;
    %store/vec4 v0000024b2bc950d0_0, 0, 8;
    %pushi/vec4 0, 0, 32; draw_string_vec4
    %pushi/vec4 0, 0, 32; draw_string_vec4
    %concat/vec4; draw_string_vec4
    %pushi/vec4 0, 0, 32; draw_string_vec4
    %concat/vec4; draw_string_vec4
    %pushi/vec4 0, 0, 32; draw_string_vec4
    %concat/vec4; draw_string_vec4
    %pushi/vec4 0, 0, 32; draw_string_vec4
    %concat/vec4; draw_string_vec4
    %pushi/vec4 83, 0, 32; draw_string_vec4
    %concat/vec4; draw_string_vec4
    %pushi/vec4 1461740153, 0, 32; draw_string_vec4
    %concat/vec4; draw_string_vec4
    %pushi/vec4 1952784432, 0, 32; draw_string_vec4
    %concat/vec4; draw_string_vec4
    %store/vec4 v0000024b2bc95e90_0, 0, 256;
    %fork TD_rv32i_cpu_tb.check_memory_byte, S_0000024b2bcb8100;
    %join;
    %pushi/vec4 1, 0, 32;
    %store/vec4 v0000024b2bc95f30_0, 0, 32;
    %pushi/vec4 0, 0, 8;
    %store/vec4 v0000024b2bc950d0_0, 0, 8;
    %pushi/vec4 0, 0, 32; draw_string_vec4
    %pushi/vec4 0, 0, 32; draw_string_vec4
    %concat/vec4; draw_string_vec4
    %pushi/vec4 0, 0, 32; draw_string_vec4
    %concat/vec4; draw_string_vec4
    %pushi/vec4 0, 0, 32; draw_string_vec4
    %concat/vec4; draw_string_vec4
    %pushi/vec4 0, 0, 32; draw_string_vec4
    %concat/vec4; draw_string_vec4
    %pushi/vec4 83, 0, 32; draw_string_vec4
    %concat/vec4; draw_string_vec4
    %pushi/vec4 1461740153, 0, 32; draw_string_vec4
    %concat/vec4; draw_string_vec4
    %pushi/vec4 1952784433, 0, 32; draw_string_vec4
    %concat/vec4; draw_string_vec4
    %store/vec4 v0000024b2bc95e90_0, 0, 256;
    %fork TD_rv32i_cpu_tb.check_memory_byte, S_0000024b2bcb8100;
    %join;
    %pushi/vec4 2, 0, 32;
    %store/vec4 v0000024b2bc95f30_0, 0, 32;
    %pushi/vec4 0, 0, 8;
    %store/vec4 v0000024b2bc950d0_0, 0, 8;
    %pushi/vec4 0, 0, 32; draw_string_vec4
    %pushi/vec4 0, 0, 32; draw_string_vec4
    %concat/vec4; draw_string_vec4
    %pushi/vec4 0, 0, 32; draw_string_vec4
    %concat/vec4; draw_string_vec4
    %pushi/vec4 0, 0, 32; draw_string_vec4
    %concat/vec4; draw_string_vec4
    %pushi/vec4 0, 0, 32; draw_string_vec4
    %concat/vec4; draw_string_vec4
    %pushi/vec4 83, 0, 32; draw_string_vec4
    %concat/vec4; draw_string_vec4
    %pushi/vec4 1461740153, 0, 32; draw_string_vec4
    %concat/vec4; draw_string_vec4
    %pushi/vec4 1952784434, 0, 32; draw_string_vec4
    %concat/vec4; draw_string_vec4
    %store/vec4 v0000024b2bc95e90_0, 0, 256;
    %fork TD_rv32i_cpu_tb.check_memory_byte, S_0000024b2bcb8100;
    %join;
    %pushi/vec4 3, 0, 32;
    %store/vec4 v0000024b2bc95f30_0, 0, 32;
    %pushi/vec4 0, 0, 8;
    %store/vec4 v0000024b2bc950d0_0, 0, 8;
    %pushi/vec4 0, 0, 32; draw_string_vec4
    %pushi/vec4 0, 0, 32; draw_string_vec4
    %concat/vec4; draw_string_vec4
    %pushi/vec4 0, 0, 32; draw_string_vec4
    %concat/vec4; draw_string_vec4
    %pushi/vec4 0, 0, 32; draw_string_vec4
    %concat/vec4; draw_string_vec4
    %pushi/vec4 0, 0, 32; draw_string_vec4
    %concat/vec4; draw_string_vec4
    %pushi/vec4 83, 0, 32; draw_string_vec4
    %concat/vec4; draw_string_vec4
    %pushi/vec4 1461740153, 0, 32; draw_string_vec4
    %concat/vec4; draw_string_vec4
    %pushi/vec4 1952784435, 0, 32; draw_string_vec4
    %concat/vec4; draw_string_vec4
    %store/vec4 v0000024b2bc95e90_0, 0, 256;
    %fork TD_rv32i_cpu_tb.check_memory_byte, S_0000024b2bcb8100;
    %join;
    %pushi/vec4 4, 0, 32;
    %store/vec4 v0000024b2bc95f30_0, 0, 32;
    %pushi/vec4 30, 0, 8;
    %store/vec4 v0000024b2bc950d0_0, 0, 8;
    %pushi/vec4 0, 0, 32; draw_string_vec4
    %pushi/vec4 0, 0, 32; draw_string_vec4
    %concat/vec4; draw_string_vec4
    %pushi/vec4 0, 0, 32; draw_string_vec4
    %concat/vec4; draw_string_vec4
    %pushi/vec4 0, 0, 32; draw_string_vec4
    %concat/vec4; draw_string_vec4
    %pushi/vec4 0, 0, 32; draw_string_vec4
    %concat/vec4; draw_string_vec4
    %pushi/vec4 83, 0, 32; draw_string_vec4
    %concat/vec4; draw_string_vec4
    %pushi/vec4 1210081913, 0, 32; draw_string_vec4
    %concat/vec4; draw_string_vec4
    %pushi/vec4 1952784432, 0, 32; draw_string_vec4
    %concat/vec4; draw_string_vec4
    %store/vec4 v0000024b2bc95e90_0, 0, 256;
    %fork TD_rv32i_cpu_tb.check_memory_byte, S_0000024b2bcb8100;
    %join;
    %pushi/vec4 5, 0, 32;
    %store/vec4 v0000024b2bc95f30_0, 0, 32;
    %pushi/vec4 0, 0, 8;
    %store/vec4 v0000024b2bc950d0_0, 0, 8;
    %pushi/vec4 0, 0, 32; draw_string_vec4
    %pushi/vec4 0, 0, 32; draw_string_vec4
    %concat/vec4; draw_string_vec4
    %pushi/vec4 0, 0, 32; draw_string_vec4
    %concat/vec4; draw_string_vec4
    %pushi/vec4 0, 0, 32; draw_string_vec4
    %concat/vec4; draw_string_vec4
    %pushi/vec4 0, 0, 32; draw_string_vec4
    %concat/vec4; draw_string_vec4
    %pushi/vec4 83, 0, 32; draw_string_vec4
    %concat/vec4; draw_string_vec4
    %pushi/vec4 1210081913, 0, 32; draw_string_vec4
    %concat/vec4; draw_string_vec4
    %pushi/vec4 1952784433, 0, 32; draw_string_vec4
    %concat/vec4; draw_string_vec4
    %store/vec4 v0000024b2bc95e90_0, 0, 256;
    %fork TD_rv32i_cpu_tb.check_memory_byte, S_0000024b2bcb8100;
    %join;
    %pushi/vec4 6, 0, 32;
    %store/vec4 v0000024b2bc95f30_0, 0, 32;
    %pushi/vec4 30, 0, 8;
    %store/vec4 v0000024b2bc950d0_0, 0, 8;
    %pushi/vec4 0, 0, 32; draw_string_vec4
    %pushi/vec4 0, 0, 32; draw_string_vec4
    %concat/vec4; draw_string_vec4
    %pushi/vec4 0, 0, 32; draw_string_vec4
    %concat/vec4; draw_string_vec4
    %pushi/vec4 0, 0, 32; draw_string_vec4
    %concat/vec4; draw_string_vec4
    %pushi/vec4 0, 0, 32; draw_string_vec4
    %concat/vec4; draw_string_vec4
    %pushi/vec4 0, 0, 32; draw_string_vec4
    %concat/vec4; draw_string_vec4
    %pushi/vec4 5456416, 0, 32; draw_string_vec4
    %concat/vec4; draw_string_vec4
    %pushi/vec4 1652126821, 0, 32; draw_string_vec4
    %concat/vec4; draw_string_vec4
    %store/vec4 v0000024b2bc95e90_0, 0, 256;
    %fork TD_rv32i_cpu_tb.check_memory_byte, S_0000024b2bcb8100;
    %join;
    %pushi/vec4 16, 0, 32;
    %store/vec4 v0000024b2bc95f30_0, 0, 32;
    %pushi/vec4 255, 0, 8;
    %store/vec4 v0000024b2bc950d0_0, 0, 8;
    %pushi/vec4 0, 0, 32; draw_string_vec4
    %pushi/vec4 0, 0, 32; draw_string_vec4
    %concat/vec4; draw_string_vec4
    %pushi/vec4 0, 0, 32; draw_string_vec4
    %concat/vec4; draw_string_vec4
    %pushi/vec4 5137767, 0, 32; draw_string_vec4
    %concat/vec4; draw_string_vec4
    %pushi/vec4 1635019126, 0, 32; draw_string_vec4
    %concat/vec4; draw_string_vec4
    %pushi/vec4 1696621177, 0, 32; draw_string_vec4
    %concat/vec4; draw_string_vec4
    %pushi/vec4 1952784499, 0, 32; draw_string_vec4
    %concat/vec4; draw_string_vec4
    %pushi/vec4 1953460837, 0, 32; draw_string_vec4
    %concat/vec4; draw_string_vec4
    %store/vec4 v0000024b2bc95e90_0, 0, 256;
    %fork TD_rv32i_cpu_tb.check_memory_byte, S_0000024b2bcb8100;
    %join;
    %pushi/vec4 18, 0, 32;
    %store/vec4 v0000024b2bc95f30_0, 0, 32;
    %pushi/vec4 255, 0, 8;
    %store/vec4 v0000024b2bc950d0_0, 0, 8;
    %pushi/vec4 0, 0, 32; draw_string_vec4
    %pushi/vec4 0, 0, 32; draw_string_vec4
    %concat/vec4; draw_string_vec4
    %pushi/vec4 1315268449, 0, 32; draw_string_vec4
    %concat/vec4; draw_string_vec4
    %pushi/vec4 1953068645, 0, 32; draw_string_vec4
    %concat/vec4; draw_string_vec4
    %pushi/vec4 543711596, 0, 32; draw_string_vec4
    %concat/vec4; draw_string_vec4
    %pushi/vec4 1719103346, 0, 32; draw_string_vec4
    %concat/vec4; draw_string_vec4
    %pushi/vec4 1679843961, 0, 32; draw_string_vec4
    %concat/vec4; draw_string_vec4
    %pushi/vec4 1952784432, 0, 32; draw_string_vec4
    %concat/vec4; draw_string_vec4
    %store/vec4 v0000024b2bc95e90_0, 0, 256;
    %fork TD_rv32i_cpu_tb.check_memory_byte, S_0000024b2bcb8100;
    %join;
    %pushi/vec4 19, 0, 32;
    %store/vec4 v0000024b2bc95f30_0, 0, 32;
    %pushi/vec4 255, 0, 8;
    %store/vec4 v0000024b2bc950d0_0, 0, 8;
    %pushi/vec4 0, 0, 32; draw_string_vec4
    %pushi/vec4 0, 0, 32; draw_string_vec4
    %concat/vec4; draw_string_vec4
    %pushi/vec4 1315268449, 0, 32; draw_string_vec4
    %concat/vec4; draw_string_vec4
    %pushi/vec4 1953068645, 0, 32; draw_string_vec4
    %concat/vec4; draw_string_vec4
    %pushi/vec4 543711596, 0, 32; draw_string_vec4
    %concat/vec4; draw_string_vec4
    %pushi/vec4 1719103346, 0, 32; draw_string_vec4
    %concat/vec4; draw_string_vec4
    %pushi/vec4 1679843961, 0, 32; draw_string_vec4
    %concat/vec4; draw_string_vec4
    %pushi/vec4 1952784433, 0, 32; draw_string_vec4
    %concat/vec4; draw_string_vec4
    %store/vec4 v0000024b2bc95e90_0, 0, 256;
    %fork TD_rv32i_cpu_tb.check_memory_byte, S_0000024b2bcb8100;
    %join;
    %pushi/vec4 0, 0, 32;
    %store/vec4 v0000024b2bc969d0_0, 0, 32;
    %pushi/vec4 0, 0, 32;
    %store/vec4 v0000024b2bc96d90_0, 0, 32;
    %pushi/vec4 0, 0, 32; draw_string_vec4
    %pushi/vec4 2016419954, 0, 32; draw_string_vec4
    %concat/vec4; draw_string_vec4
    %pushi/vec4 1701667177, 0, 32; draw_string_vec4
    %concat/vec4; draw_string_vec4
    %pushi/vec4 1853038696, 0, 32; draw_string_vec4
    %concat/vec4; draw_string_vec4
    %pushi/vec4 1634886775, 0, 32; draw_string_vec4
    %concat/vec4; draw_string_vec4
    %pushi/vec4 1769104740, 0, 32; draw_string_vec4
    %concat/vec4; draw_string_vec4
    %pushi/vec4 544501536, 0, 32; draw_string_vec4
    %concat/vec4; draw_string_vec4
    %pushi/vec4 2053468783, 0, 32; draw_string_vec4
    %concat/vec4; draw_string_vec4
    %store/vec4 v0000024b2bc96f70_0, 0, 256;
    %fork TD_rv32i_cpu_tb.check_register, S_0000024b2bcb8290;
    %join;
    %vpi_call 2 592 "$display", "\000" {0 0 0};
    %vpi_call 2 593 "$display", "=================================================" {0 0 0};
    %vpi_call 2 594 "$display", "              VERIFICATION SUMMARY" {0 0 0};
    %vpi_call 2 595 "$display", "=================================================" {0 0 0};
    %vpi_call 2 596 "$display", "\000" {0 0 0};
    %vpi_call 2 598 "$display", "Tests  : %0d", v0000024b2bd73e40_0 {0 0 0};
    %vpi_call 2 599 "$display", "Errors : %0d", v0000024b2bd73a80_0 {0 0 0};
    %vpi_call 2 601 "$display", "\000" {0 0 0};
    %load/vec4 v0000024b2bd73a80_0;
    %cmpi/e 0, 0, 32;
    %jmp/0xz  T_18.2, 4;
    %vpi_call 2 605 "$display", "***********************************************" {0 0 0};
    %vpi_call 2 606 "$display", "*                                             *" {0 0 0};
    %vpi_call 2 607 "$display", "*       ALL CPU TESTS PASSED!                *" {0 0 0};
    %vpi_call 2 608 "$display", "*                                             *" {0 0 0};
    %vpi_call 2 609 "$display", "***********************************************" {0 0 0};
    %jmp T_18.3;
T_18.2 ;
    %vpi_call 2 614 "$display", "***********************************************" {0 0 0};
    %vpi_call 2 615 "$display", "*                                             *" {0 0 0};
    %vpi_call 2 616 "$display", "*       CPU VERIFICATION FAILED              *" {0 0 0};
    %vpi_call 2 617 "$display", "*                                             *" {0 0 0};
    %vpi_call 2 618 "$display", "***********************************************" {0 0 0};
T_18.3 ;
    %vpi_call 2 622 "$display", "\000" {0 0 0};
    %vpi_call 2 624 "$finish" {0 0 0};
    %end;
    .thread T_18;
# The file index is used to find the file name in the following table.
:file_names 16;
    "N/A";
    "<interactive>";
    "tb/core/rv32i_cpu_tb.v";
    "rtl/core/rv32i_cpu.v";
    "rtl/core/alu_control.v";
    "rtl/core/control_unit.v";
    "rtl/core/instruction_memory.v";
    "rtl/core/program_counter.v";
    "rtl/core/rv32i_datapath.v";
    "rtl/core/alu.v";
    "rtl/core/branch_unit.v";
    "rtl/core/data_memory.v";
    "rtl/core/immediate_generator.v";
    "rtl/core/next_pc.v";
    "rtl/common/register_file.v";
    "rtl/core/write_back.v";
